Subject,Type,Project,Parent,Priority,Status,Start date,Due date,Assignee,Estimated time,Labels,Version,Story Points,Risk Level,Definition of Ready,Definition of Done,Acceptance Criteria,Success Metrics,External Dependencies,Rollback Plan,Description,% Complete,Role,AI Agent Instructions
Phase: Infrastructure & Platform,Phase,Psitrix Psynq,,High,New,2026-01-15,2026-02-14,Tech Lead,,,v1.0.0-MVP,,Low,Specs defined,Code implemented & tested,Tests passing; No mocks,Functional requirement met,,Revert commit,Core Infrastructure,0,Developer,
Epic: Database Setup,Epic,Psitrix Psynq,Phase: Infrastructure & Platform,High,New,2026-01-15,2026-01-29,Tech Lead,,,v1.0.0-MVP,,Low,Specs defined,Code implemented & tested,Tests passing; No mocks,Functional requirement met,,Revert commit,PostgreSQL HA Setup,0,Developer,
Feature: PostgreSQL Cluster,Feature,Psitrix Psynq,Epic: Database Setup,High,New,2026-01-15,2026-01-22,Developer,,,v1.0.0-MVP,,Low,Specs defined,Code implemented & tested,Tests passing; No mocks,Functional requirement met,,Revert commit,Primary-Replica Setup,0,Product Owner / Architect,"Act as a Solution Architect. Define the technical specifications and sub-tasks for 'Feature: PostgreSQL Cluster'. Ensure alignment with the CCaaS platform goals (reliability, scalability, low latency)."
Configure Primary Node,Task,Psitrix Psynq,Feature: PostgreSQL Cluster,High,New,2026-01-15,2026-01-16,Developer,4h,,v1.0.0-MVP,3,Low,Specs defined,Code implemented & tested,Tests passing; No mocks,Functional requirement met,,Revert commit,"File: deploy/db/postgresql.conf
Settings: max_connections=1000, shared_buffers=4GB",0,Developer,Act as a Senior Full-Stack Developer. Your goal is to implement 'Configure Primary Node'. 1. Follow Hexagonal Architecture (Domain -> Ports -> Adapters). 2. Use NestJS/React best practices. 3. Ensure all code is strictly typed. 4. NO MOCKS: Use real DB/API connections unless it's a unit test. 5. Update Swagger/Storybook documentation.
Configure Replica Node,Task,Psitrix Psynq,Feature: PostgreSQL Cluster,High,New,2026-01-15,2026-01-16,Developer,4h,,v1.0.0-MVP,3,Low,Specs defined,Code implemented & tested,Tests passing; No mocks,Functional requirement met,,Revert commit,"File: deploy/db/replica.conf
Settings: hot_standby=on",0,Developer,Act as a Senior Full-Stack Developer. Your goal is to implement 'Configure Replica Node'. 1. Follow Hexagonal Architecture (Domain -> Ports -> Adapters). 2. Use NestJS/React best practices. 3. Ensure all code is strictly typed. 4. NO MOCKS: Use real DB/API connections unless it's a unit test. 5. Update Swagger/Storybook documentation.
Setup PgPool-II,Task,Psitrix Psynq,Feature: PostgreSQL Cluster,High,New,2026-01-16,2026-01-18,Developer,4h,,v1.0.0-MVP,3,Low,Specs defined,Code implemented & tested,Tests passing; No mocks,Functional requirement met,,Revert commit,"File: deploy/db/pgpool.conf
Load balancing and failover",0,Developer,Act as a Senior Full-Stack Developer. Your goal is to implement 'Setup PgPool-II'. 1. Follow Hexagonal Architecture (Domain -> Ports -> Adapters). 2. Use NestJS/React best practices. 3. Ensure all code is strictly typed. 4. NO MOCKS: Use real DB/API connections unless it's a unit test. 5. Update Swagger/Storybook documentation.
Implement Backup Script,Task,Psitrix Psynq,Feature: PostgreSQL Cluster,High,New,2026-01-17,2026-01-19,Developer,4h,,v1.0.0-MVP,3,Low,Specs defined,Code implemented & tested,Tests passing; No mocks,Functional requirement met,,Revert commit,"File: scripts/backup-db.sh
Full and incremental backups to MinIO",0,Developer,Act as a Senior Full-Stack Developer. Your goal is to implement 'Implement Backup Script'. 1. Follow Hexagonal Architecture (Domain -> Ports -> Adapters). 2. Use NestJS/React best practices. 3. Ensure all code is strictly typed. 4. NO MOCKS: Use real DB/API connections unless it's a unit test. 5. Update Swagger/Storybook documentation.
Phase: Backend Core Services,Phase,Psitrix Psynq,,High,New,2026-01-30,2026-03-16,Tech Lead,,,v1.0.0-MVP,,Low,Specs defined,Code implemented & tested,Tests passing; No mocks,Functional requirement met,,Revert commit,NestJS Core,0,Developer,
Epic: Authentication,Epic,Psitrix Psynq,Phase: Backend Core Services,High,New,2026-01-30,2026-02-19,Tech Lead,,,v1.0.0-MVP,,Low,Specs defined,Code implemented & tested,Tests passing; No mocks,Functional requirement met,,Revert commit,Auth System,0,Developer,
Feature: User Management,Feature,Psitrix Psynq,Epic: Authentication,High,New,2026-01-30,2026-02-09,Developer,,,v1.0.0-MVP,,Low,Specs defined,Code implemented & tested,Tests passing; No mocks,Functional requirement met,,Revert commit,User CRUD,0,Product Owner / Architect,"Act as a Solution Architect. Define the technical specifications and sub-tasks for 'Feature: User Management'. Ensure alignment with the CCaaS platform goals (reliability, scalability, low latency)."
Define Entity: User,Task,Psitrix Psynq,Feature: User Management,High,New,2026-01-30,2026-02-01,Developer,4h,"Backend,Database",v1.0.0-MVP,3,Low,Specs defined,Code implemented & tested,Tests passing; No mocks,Functional requirement met,,Revert commit,"**File:** `packages/backend/src/modules/users/entities/user.entity.ts`
**Class:** `User`
**Type:** TypeORM Entity
**Requirements:**
- Define columns with exact types (varchar, int, jsonb)
- Define relationships (OneToMany, ManyToOne)
- Add indexes for performance
- NO MOCKS: Use real DB connection",0,Developer,Act as a Senior Full-Stack Developer. Your goal is to implement 'Define Entity: User'. 1. Follow Hexagonal Architecture (Domain -> Ports -> Adapters). 2. Use NestJS/React best practices. 3. Ensure all code is strictly typed. 4. NO MOCKS: Use real DB/API connections unless it's a unit test. 5. Update Swagger/Storybook documentation.
Create DTOs: User,Task,Psitrix Psynq,Feature: User Management,Normal,New,2026-01-30,2026-01-31,Developer,4h,"Backend,API",v1.0.0-MVP,3,Low,Specs defined,Code implemented & tested,Tests passing; No mocks,Functional requirement met,,Revert commit,"**File:** `packages/backend/src/modules/users/dto/create-user.dto.ts`
**File:** `packages/backend/src/modules/users/dto/update-user.dto.ts`
**Requirements:**
- Use class-validator decorators (@IsString, @IsInt)
- Use class-transformer
- Strict typing",0,Developer,Act as a Senior Full-Stack Developer. Your goal is to implement 'Create DTOs: User'. 1. Follow Hexagonal Architecture (Domain -> Ports -> Adapters). 2. Use NestJS/React best practices. 3. Ensure all code is strictly typed. 4. NO MOCKS: Use real DB/API connections unless it's a unit test. 5. Update Swagger/Storybook documentation.
Implement Service: UserService,Task,Psitrix Psynq,Feature: User Management,High,New,2026-01-31,2026-02-03,Developer,4h,Backend,v1.0.0-MVP,3,Low,Specs defined,Code implemented & tested,Tests passing; No mocks,Functional requirement met,,Revert commit,"**File:** `packages/backend/src/modules/users/user.service.ts`
**Class:** `UserService`
**Methods:**
- `create(dto)`
- `findAll(query)`
- `findOne(id)`
- `update(id, dto)`
- `remove(id)`
**Logic:** Business logic implementation. NO STUBS.",0,Developer,Act as a Senior Full-Stack Developer. Your goal is to implement 'Implement Service: UserService'. 1. Follow Hexagonal Architecture (Domain -> Ports -> Adapters). 2. Use NestJS/React best practices. 3. Ensure all code is strictly typed. 4. NO MOCKS: Use real DB/API connections unless it's a unit test. 5. Update Swagger/Storybook documentation.
Implement Controller: UserController,Task,Psitrix Psynq,Feature: User Management,High,New,2026-02-01,2026-02-03,Developer,4h,"Backend,API",v1.0.0-MVP,3,Low,Specs defined,Code implemented & tested,Tests passing; No mocks,Functional requirement met,,Revert commit,"**File:** `packages/backend/src/modules/users/user.controller.ts`
**Class:** `UserController`
**Endpoints:**
- `POST /api/v1/users`
- `GET /api/v1/users`
- `GET /api/v1/users/:id`
- `PATCH /api/v1/users/:id`
- `DELETE /api/v1/users/:id`
**Requirements:** Swagger docs (@ApiTags), Auth guards",0,Developer,Act as a Senior Full-Stack Developer. Your goal is to implement 'Implement Controller: UserController'. 1. Follow Hexagonal Architecture (Domain -> Ports -> Adapters). 2. Use NestJS/React best practices. 3. Ensure all code is strictly typed. 4. NO MOCKS: Use real DB/API connections unless it's a unit test. 5. Update Swagger/Storybook documentation.
Unit Tests: UserService,Task,Psitrix Psynq,Feature: User Management,Normal,New,2026-02-02,2026-02-04,Developer,4h,"Backend,Testing",v1.0.0-MVP,3,Low,Specs defined,Code implemented & tested,Tests passing; No mocks,Functional requirement met,,Revert commit,"**File:** `packages/backend/src/modules/users/user.service.spec.ts`
**Requirements:**
- 100% coverage for service methods
- Test success and error cases
- Mock repository only (unit test)",0,QA Engineer,"Act as a Senior QA Engineer. Your goal is to verify the implementation of 'Unit Tests: UserService'. 1. Review the code in the specified file paths. 2. Execute existing tests and write new ones for edge cases (nulls, timeouts, high load). 3. Ensure 100% coverage. 4. Report any regressions or performance bottlenecks."
Integration Tests: User,Task,Psitrix Psynq,Feature: User Management,Normal,New,2026-02-03,2026-02-05,Developer,4h,"Backend,Testing",v1.0.0-MVP,3,Low,Specs defined,Code implemented & tested,Tests passing; No mocks,Functional requirement met,,Revert commit,"**File:** `test/user.integration-spec.ts`
**Requirements:**
- Test database interactions
- Test service integration
- Test event emission",0,QA Engineer,"Act as a Senior QA Engineer. Your goal is to verify the implementation of 'Integration Tests: User'. 1. Review the code in the specified file paths. 2. Execute existing tests and write new ones for edge cases (nulls, timeouts, high load). 3. Ensure 100% coverage. 4. Report any regressions or performance bottlenecks."
Swagger Docs: User,Task,Psitrix Psynq,Feature: User Management,Low,New,2026-01-31,2026-02-01,Developer,4h,"Backend,Docs",v1.0.0-MVP,3,Low,Specs defined,Code implemented & tested,Tests passing; No mocks,Functional requirement met,,Revert commit,"**File:** `packages/backend/src/modules/users/user.controller.ts`
**Requirements:**
- Add @ApiOperation
- Add @ApiResponse
- Add @ApiProperty to DTOs",0,Developer,Act as a Senior Full-Stack Developer. Your goal is to implement 'Swagger Docs: User'. 1. Follow Hexagonal Architecture (Domain -> Ports -> Adapters). 2. Use NestJS/React best practices. 3. Ensure all code is strictly typed. 4. NO MOCKS: Use real DB/API connections unless it's a unit test. 5. Update Swagger/Storybook documentation.
DB Migration: User,Task,Psitrix Psynq,Feature: User Management,High,New,2026-01-30,2026-01-31,Developer,4h,"Backend,Database",v1.0.0-MVP,3,Low,Specs defined,Code implemented & tested,Tests passing; No mocks,Functional requirement met,,Revert commit,"**File:** `packages/backend/src/migrations/CreateUserTable.ts`
**Requirements:**
- Up method (create table)
- Down method (drop table)
- Indexes and constraints",0,Developer,Act as a Senior Full-Stack Developer. Your goal is to implement 'DB Migration: User'. 1. Follow Hexagonal Architecture (Domain -> Ports -> Adapters). 2. Use NestJS/React best practices. 3. Ensure all code is strictly typed. 4. NO MOCKS: Use real DB/API connections unless it's a unit test. 5. Update Swagger/Storybook documentation.
Seed Data: User,Task,Psitrix Psynq,Feature: User Management,Low,New,2026-02-01,2026-02-02,Developer,4h,"Backend,Database",v1.0.0-MVP,3,Low,Specs defined,Code implemented & tested,Tests passing; No mocks,Functional requirement met,,Revert commit,"**File:** `packages/backend/src/seeds/user.seed.ts`
**Requirements:**
- Create default/test data
- Handle relationships",0,Developer,Act as a Senior Full-Stack Developer. Your goal is to implement 'Seed Data: User'. 1. Follow Hexagonal Architecture (Domain -> Ports -> Adapters). 2. Use NestJS/React best practices. 3. Ensure all code is strictly typed. 4. NO MOCKS: Use real DB/API connections unless it's a unit test. 5. Update Swagger/Storybook documentation.
Feature: Tenant Management,Feature,Psitrix Psynq,Epic: Authentication,High,New,2026-01-30,2026-02-09,Developer,,,v1.0.0-MVP,,Low,Specs defined,Code implemented & tested,Tests passing; No mocks,Functional requirement met,,Revert commit,Multi-tenancy,0,Product Owner / Architect,"Act as a Solution Architect. Define the technical specifications and sub-tasks for 'Feature: Tenant Management'. Ensure alignment with the CCaaS platform goals (reliability, scalability, low latency)."
Define Entity: Tenant,Task,Psitrix Psynq,Feature: Tenant Management,High,New,2026-01-30,2026-02-01,Developer,4h,"Backend,Database",v1.0.0-MVP,3,Low,Specs defined,Code implemented & tested,Tests passing; No mocks,Functional requirement met,,Revert commit,"**File:** `packages/backend/src/modules/tenants/entities/tenant.entity.ts`
**Class:** `Tenant`
**Type:** TypeORM Entity
**Requirements:**
- Define columns with exact types (varchar, int, jsonb)
- Define relationships (OneToMany, ManyToOne)
- Add indexes for performance
- NO MOCKS: Use real DB connection",0,Developer,Act as a Senior Full-Stack Developer. Your goal is to implement 'Define Entity: Tenant'. 1. Follow Hexagonal Architecture (Domain -> Ports -> Adapters). 2. Use NestJS/React best practices. 3. Ensure all code is strictly typed. 4. NO MOCKS: Use real DB/API connections unless it's a unit test. 5. Update Swagger/Storybook documentation.
Create DTOs: Tenant,Task,Psitrix Psynq,Feature: Tenant Management,Normal,New,2026-01-30,2026-01-31,Developer,4h,"Backend,API",v1.0.0-MVP,3,Low,Specs defined,Code implemented & tested,Tests passing; No mocks,Functional requirement met,,Revert commit,"**File:** `packages/backend/src/modules/tenants/dto/create-tenant.dto.ts`
**File:** `packages/backend/src/modules/tenants/dto/update-tenant.dto.ts`
**Requirements:**
- Use class-validator decorators (@IsString, @IsInt)
- Use class-transformer
- Strict typing",0,Developer,Act as a Senior Full-Stack Developer. Your goal is to implement 'Create DTOs: Tenant'. 1. Follow Hexagonal Architecture (Domain -> Ports -> Adapters). 2. Use NestJS/React best practices. 3. Ensure all code is strictly typed. 4. NO MOCKS: Use real DB/API connections unless it's a unit test. 5. Update Swagger/Storybook documentation.
Implement Service: TenantService,Task,Psitrix Psynq,Feature: Tenant Management,High,New,2026-01-31,2026-02-03,Developer,4h,Backend,v1.0.0-MVP,3,Low,Specs defined,Code implemented & tested,Tests passing; No mocks,Functional requirement met,,Revert commit,"**File:** `packages/backend/src/modules/tenants/tenant.service.ts`
**Class:** `TenantService`
**Methods:**
- `create(dto)`
- `findAll(query)`
- `findOne(id)`
- `update(id, dto)`
- `remove(id)`
**Logic:** Business logic implementation. NO STUBS.",0,Developer,Act as a Senior Full-Stack Developer. Your goal is to implement 'Implement Service: TenantService'. 1. Follow Hexagonal Architecture (Domain -> Ports -> Adapters). 2. Use NestJS/React best practices. 3. Ensure all code is strictly typed. 4. NO MOCKS: Use real DB/API connections unless it's a unit test. 5. Update Swagger/Storybook documentation.
Implement Controller: TenantController,Task,Psitrix Psynq,Feature: Tenant Management,High,New,2026-02-01,2026-02-03,Developer,4h,"Backend,API",v1.0.0-MVP,3,Low,Specs defined,Code implemented & tested,Tests passing; No mocks,Functional requirement met,,Revert commit,"**File:** `packages/backend/src/modules/tenants/tenant.controller.ts`
**Class:** `TenantController`
**Endpoints:**
- `POST /api/v1/tenants`
- `GET /api/v1/tenants`
- `GET /api/v1/tenants/:id`
- `PATCH /api/v1/tenants/:id`
- `DELETE /api/v1/tenants/:id`
**Requirements:** Swagger docs (@ApiTags), Auth guards",0,Developer,Act as a Senior Full-Stack Developer. Your goal is to implement 'Implement Controller: TenantController'. 1. Follow Hexagonal Architecture (Domain -> Ports -> Adapters). 2. Use NestJS/React best practices. 3. Ensure all code is strictly typed. 4. NO MOCKS: Use real DB/API connections unless it's a unit test. 5. Update Swagger/Storybook documentation.
Unit Tests: TenantService,Task,Psitrix Psynq,Feature: Tenant Management,Normal,New,2026-02-02,2026-02-04,Developer,4h,"Backend,Testing",v1.0.0-MVP,3,Low,Specs defined,Code implemented & tested,Tests passing; No mocks,Functional requirement met,,Revert commit,"**File:** `packages/backend/src/modules/tenants/tenant.service.spec.ts`
**Requirements:**
- 100% coverage for service methods
- Test success and error cases
- Mock repository only (unit test)",0,QA Engineer,"Act as a Senior QA Engineer. Your goal is to verify the implementation of 'Unit Tests: TenantService'. 1. Review the code in the specified file paths. 2. Execute existing tests and write new ones for edge cases (nulls, timeouts, high load). 3. Ensure 100% coverage. 4. Report any regressions or performance bottlenecks."
Integration Tests: Tenant,Task,Psitrix Psynq,Feature: Tenant Management,Normal,New,2026-02-03,2026-02-05,Developer,4h,"Backend,Testing",v1.0.0-MVP,3,Low,Specs defined,Code implemented & tested,Tests passing; No mocks,Functional requirement met,,Revert commit,"**File:** `test/tenant.integration-spec.ts`
**Requirements:**
- Test database interactions
- Test service integration
- Test event emission",0,QA Engineer,"Act as a Senior QA Engineer. Your goal is to verify the implementation of 'Integration Tests: Tenant'. 1. Review the code in the specified file paths. 2. Execute existing tests and write new ones for edge cases (nulls, timeouts, high load). 3. Ensure 100% coverage. 4. Report any regressions or performance bottlenecks."
Swagger Docs: Tenant,Task,Psitrix Psynq,Feature: Tenant Management,Low,New,2026-01-31,2026-02-01,Developer,4h,"Backend,Docs",v1.0.0-MVP,3,Low,Specs defined,Code implemented & tested,Tests passing; No mocks,Functional requirement met,,Revert commit,"**File:** `packages/backend/src/modules/tenants/tenant.controller.ts`
**Requirements:**
- Add @ApiOperation
- Add @ApiResponse
- Add @ApiProperty to DTOs",0,Developer,Act as a Senior Full-Stack Developer. Your goal is to implement 'Swagger Docs: Tenant'. 1. Follow Hexagonal Architecture (Domain -> Ports -> Adapters). 2. Use NestJS/React best practices. 3. Ensure all code is strictly typed. 4. NO MOCKS: Use real DB/API connections unless it's a unit test. 5. Update Swagger/Storybook documentation.
DB Migration: Tenant,Task,Psitrix Psynq,Feature: Tenant Management,High,New,2026-01-30,2026-01-31,Developer,4h,"Backend,Database",v1.0.0-MVP,3,Low,Specs defined,Code implemented & tested,Tests passing; No mocks,Functional requirement met,,Revert commit,"**File:** `packages/backend/src/migrations/CreateTenantTable.ts`
**Requirements:**
- Up method (create table)
- Down method (drop table)
- Indexes and constraints",0,Developer,Act as a Senior Full-Stack Developer. Your goal is to implement 'DB Migration: Tenant'. 1. Follow Hexagonal Architecture (Domain -> Ports -> Adapters). 2. Use NestJS/React best practices. 3. Ensure all code is strictly typed. 4. NO MOCKS: Use real DB/API connections unless it's a unit test. 5. Update Swagger/Storybook documentation.
Seed Data: Tenant,Task,Psitrix Psynq,Feature: Tenant Management,Low,New,2026-02-01,2026-02-02,Developer,4h,"Backend,Database",v1.0.0-MVP,3,Low,Specs defined,Code implemented & tested,Tests passing; No mocks,Functional requirement met,,Revert commit,"**File:** `packages/backend/src/seeds/tenant.seed.ts`
**Requirements:**
- Create default/test data
- Handle relationships",0,Developer,Act as a Senior Full-Stack Developer. Your goal is to implement 'Seed Data: Tenant'. 1. Follow Hexagonal Architecture (Domain -> Ports -> Adapters). 2. Use NestJS/React best practices. 3. Ensure all code is strictly typed. 4. NO MOCKS: Use real DB/API connections unless it's a unit test. 5. Update Swagger/Storybook documentation.
Feature: Auth Service,Feature,Psitrix Psynq,Epic: Authentication,High,New,2026-01-30,2026-02-09,Developer,,,v1.0.0-MVP,,Low,Specs defined,Code implemented & tested,Tests passing; No mocks,Functional requirement met,,Revert commit,Login/Register,0,Product Owner / Architect,"Act as a Solution Architect. Define the technical specifications and sub-tasks for 'Feature: Auth Service'. Ensure alignment with the CCaaS platform goals (reliability, scalability, low latency)."
Define Entity: Auth,Task,Psitrix Psynq,Feature: Auth Service,High,New,2026-01-30,2026-02-01,Developer,4h,"Backend,Database",v1.0.0-MVP,3,Low,Specs defined,Code implemented & tested,Tests passing; No mocks,Functional requirement met,,Revert commit,"**File:** `packages/backend/src/modules/auth/entities/auth.entity.ts`
**Class:** `Auth`
**Type:** TypeORM Entity
**Requirements:**
- Define columns with exact types (varchar, int, jsonb)
- Define relationships (OneToMany, ManyToOne)
- Add indexes for performance
- NO MOCKS: Use real DB connection",0,Developer,Act as a Senior Full-Stack Developer. Your goal is to implement 'Define Entity: Auth'. 1. Follow Hexagonal Architecture (Domain -> Ports -> Adapters). 2. Use NestJS/React best practices. 3. Ensure all code is strictly typed. 4. NO MOCKS: Use real DB/API connections unless it's a unit test. 5. Update Swagger/Storybook documentation.
Create DTOs: Auth,Task,Psitrix Psynq,Feature: Auth Service,Normal,New,2026-01-30,2026-01-31,Developer,4h,"Backend,API",v1.0.0-MVP,3,Low,Specs defined,Code implemented & tested,Tests passing; No mocks,Functional requirement met,,Revert commit,"**File:** `packages/backend/src/modules/auth/dto/create-auth.dto.ts`
**File:** `packages/backend/src/modules/auth/dto/update-auth.dto.ts`
**Requirements:**
- Use class-validator decorators (@IsString, @IsInt)
- Use class-transformer
- Strict typing",0,Developer,Act as a Senior Full-Stack Developer. Your goal is to implement 'Create DTOs: Auth'. 1. Follow Hexagonal Architecture (Domain -> Ports -> Adapters). 2. Use NestJS/React best practices. 3. Ensure all code is strictly typed. 4. NO MOCKS: Use real DB/API connections unless it's a unit test. 5. Update Swagger/Storybook documentation.
Implement Service: AuthService,Task,Psitrix Psynq,Feature: Auth Service,High,New,2026-01-31,2026-02-03,Developer,4h,Backend,v1.0.0-MVP,3,Low,Specs defined,Code implemented & tested,Tests passing; No mocks,Functional requirement met,,Revert commit,"**File:** `packages/backend/src/modules/auth/auth.service.ts`
**Class:** `AuthService`
**Methods:**
- `create(dto)`
- `findAll(query)`
- `findOne(id)`
- `update(id, dto)`
- `remove(id)`
**Logic:** Business logic implementation. NO STUBS.",0,Developer,Act as a Senior Full-Stack Developer. Your goal is to implement 'Implement Service: AuthService'. 1. Follow Hexagonal Architecture (Domain -> Ports -> Adapters). 2. Use NestJS/React best practices. 3. Ensure all code is strictly typed. 4. NO MOCKS: Use real DB/API connections unless it's a unit test. 5. Update Swagger/Storybook documentation.
Implement Controller: AuthController,Task,Psitrix Psynq,Feature: Auth Service,High,New,2026-02-01,2026-02-03,Developer,4h,"Backend,API",v1.0.0-MVP,3,Low,Specs defined,Code implemented & tested,Tests passing; No mocks,Functional requirement met,,Revert commit,"**File:** `packages/backend/src/modules/auth/auth.controller.ts`
**Class:** `AuthController`
**Endpoints:**
- `POST /api/v1/auths`
- `GET /api/v1/auths`
- `GET /api/v1/auths/:id`
- `PATCH /api/v1/auths/:id`
- `DELETE /api/v1/auths/:id`
**Requirements:** Swagger docs (@ApiTags), Auth guards",0,Developer,Act as a Senior Full-Stack Developer. Your goal is to implement 'Implement Controller: AuthController'. 1. Follow Hexagonal Architecture (Domain -> Ports -> Adapters). 2. Use NestJS/React best practices. 3. Ensure all code is strictly typed. 4. NO MOCKS: Use real DB/API connections unless it's a unit test. 5. Update Swagger/Storybook documentation.
Unit Tests: AuthService,Task,Psitrix Psynq,Feature: Auth Service,Normal,New,2026-02-02,2026-02-04,Developer,4h,"Backend,Testing",v1.0.0-MVP,3,Low,Specs defined,Code implemented & tested,Tests passing; No mocks,Functional requirement met,,Revert commit,"**File:** `packages/backend/src/modules/auth/auth.service.spec.ts`
**Requirements:**
- 100% coverage for service methods
- Test success and error cases
- Mock repository only (unit test)",0,QA Engineer,"Act as a Senior QA Engineer. Your goal is to verify the implementation of 'Unit Tests: AuthService'. 1. Review the code in the specified file paths. 2. Execute existing tests and write new ones for edge cases (nulls, timeouts, high load). 3. Ensure 100% coverage. 4. Report any regressions or performance bottlenecks."
Integration Tests: Auth,Task,Psitrix Psynq,Feature: Auth Service,Normal,New,2026-02-03,2026-02-05,Developer,4h,"Backend,Testing",v1.0.0-MVP,3,Low,Specs defined,Code implemented & tested,Tests passing; No mocks,Functional requirement met,,Revert commit,"**File:** `test/auth.integration-spec.ts`
**Requirements:**
- Test database interactions
- Test service integration
- Test event emission",0,QA Engineer,"Act as a Senior QA Engineer. Your goal is to verify the implementation of 'Integration Tests: Auth'. 1. Review the code in the specified file paths. 2. Execute existing tests and write new ones for edge cases (nulls, timeouts, high load). 3. Ensure 100% coverage. 4. Report any regressions or performance bottlenecks."
Swagger Docs: Auth,Task,Psitrix Psynq,Feature: Auth Service,Low,New,2026-01-31,2026-02-01,Developer,4h,"Backend,Docs",v1.0.0-MVP,3,Low,Specs defined,Code implemented & tested,Tests passing; No mocks,Functional requirement met,,Revert commit,"**File:** `packages/backend/src/modules/auth/auth.controller.ts`
**Requirements:**
- Add @ApiOperation
- Add @ApiResponse
- Add @ApiProperty to DTOs",0,Developer,Act as a Senior Full-Stack Developer. Your goal is to implement 'Swagger Docs: Auth'. 1. Follow Hexagonal Architecture (Domain -> Ports -> Adapters). 2. Use NestJS/React best practices. 3. Ensure all code is strictly typed. 4. NO MOCKS: Use real DB/API connections unless it's a unit test. 5. Update Swagger/Storybook documentation.
DB Migration: Auth,Task,Psitrix Psynq,Feature: Auth Service,High,New,2026-01-30,2026-01-31,Developer,4h,"Backend,Database",v1.0.0-MVP,3,Low,Specs defined,Code implemented & tested,Tests passing; No mocks,Functional requirement met,,Revert commit,"**File:** `packages/backend/src/migrations/CreateAuthTable.ts`
**Requirements:**
- Up method (create table)
- Down method (drop table)
- Indexes and constraints",0,Developer,Act as a Senior Full-Stack Developer. Your goal is to implement 'DB Migration: Auth'. 1. Follow Hexagonal Architecture (Domain -> Ports -> Adapters). 2. Use NestJS/React best practices. 3. Ensure all code is strictly typed. 4. NO MOCKS: Use real DB/API connections unless it's a unit test. 5. Update Swagger/Storybook documentation.
Seed Data: Auth,Task,Psitrix Psynq,Feature: Auth Service,Low,New,2026-02-01,2026-02-02,Developer,4h,"Backend,Database",v1.0.0-MVP,3,Low,Specs defined,Code implemented & tested,Tests passing; No mocks,Functional requirement met,,Revert commit,"**File:** `packages/backend/src/seeds/auth.seed.ts`
**Requirements:**
- Create default/test data
- Handle relationships",0,Developer,Act as a Senior Full-Stack Developer. Your goal is to implement 'Seed Data: Auth'. 1. Follow Hexagonal Architecture (Domain -> Ports -> Adapters). 2. Use NestJS/React best practices. 3. Ensure all code is strictly typed. 4. NO MOCKS: Use real DB/API connections unless it's a unit test. 5. Update Swagger/Storybook documentation.
Phase: Telephony & WebRTC,Phase,Psitrix Psynq,,High,New,2026-02-14,2026-04-15,Tech Lead,,,v1.0.0-MVP,,Low,Specs defined,Code implemented & tested,Tests passing; No mocks,Functional requirement met,,Revert commit,Asterisk Integration,0,Developer,
Epic: Asterisk ARI Integration,Epic,Psitrix Psynq,Phase: Telephony & WebRTC,High,New,2026-02-14,2026-03-16,Tech Lead,,,v1.0.0-MVP,,Low,Specs defined,Code implemented & tested,Tests passing; No mocks,Functional requirement met,,Revert commit,ARI Client,0,Developer,
Feature: Call Control,Feature,Psitrix Psynq,Epic: Asterisk ARI Integration,High,New,2026-02-14,2026-03-01,Developer,,,v1.0.0-MVP,,Low,Specs defined,Code implemented & tested,Tests passing; No mocks,Functional requirement met,,Revert commit,Basic Call Control,0,Product Owner / Architect,"Act as a Solution Architect. Define the technical specifications and sub-tasks for 'Feature: Call Control'. Ensure alignment with the CCaaS platform goals (reliability, scalability, low latency)."
Define Entity: Call,Task,Psitrix Psynq,Feature: Call Control,High,New,2026-02-14,2026-02-16,Developer,4h,"Backend,Database",v1.0.0-MVP,3,Low,Specs defined,Code implemented & tested,Tests passing; No mocks,Functional requirement met,,Revert commit,"**File:** `packages/backend/src/modules/calls/entities/call.entity.ts`
**Class:** `Call`
**Type:** TypeORM Entity
**Requirements:**
- Define columns with exact types (varchar, int, jsonb)
- Define relationships (OneToMany, ManyToOne)
- Add indexes for performance
- NO MOCKS: Use real DB connection",0,Developer,Act as a Senior Full-Stack Developer. Your goal is to implement 'Define Entity: Call'. 1. Follow Hexagonal Architecture (Domain -> Ports -> Adapters). 2. Use NestJS/React best practices. 3. Ensure all code is strictly typed. 4. NO MOCKS: Use real DB/API connections unless it's a unit test. 5. Update Swagger/Storybook documentation.
Create DTOs: Call,Task,Psitrix Psynq,Feature: Call Control,Normal,New,2026-02-14,2026-02-15,Developer,4h,"Backend,API",v1.0.0-MVP,3,Low,Specs defined,Code implemented & tested,Tests passing; No mocks,Functional requirement met,,Revert commit,"**File:** `packages/backend/src/modules/calls/dto/create-call.dto.ts`
**File:** `packages/backend/src/modules/calls/dto/update-call.dto.ts`
**Requirements:**
- Use class-validator decorators (@IsString, @IsInt)
- Use class-transformer
- Strict typing",0,Developer,Act as a Senior Full-Stack Developer. Your goal is to implement 'Create DTOs: Call'. 1. Follow Hexagonal Architecture (Domain -> Ports -> Adapters). 2. Use NestJS/React best practices. 3. Ensure all code is strictly typed. 4. NO MOCKS: Use real DB/API connections unless it's a unit test. 5. Update Swagger/Storybook documentation.
Implement Service: CallService,Task,Psitrix Psynq,Feature: Call Control,High,New,2026-02-15,2026-02-18,Developer,4h,Backend,v1.0.0-MVP,3,Low,Specs defined,Code implemented & tested,Tests passing; No mocks,Functional requirement met,,Revert commit,"**File:** `packages/backend/src/modules/calls/call.service.ts`
**Class:** `CallService`
**Methods:**
- `create(dto)`
- `findAll(query)`
- `findOne(id)`
- `update(id, dto)`
- `remove(id)`
**Logic:** Business logic implementation. NO STUBS.",0,Developer,Act as a Senior Full-Stack Developer. Your goal is to implement 'Implement Service: CallService'. 1. Follow Hexagonal Architecture (Domain -> Ports -> Adapters). 2. Use NestJS/React best practices. 3. Ensure all code is strictly typed. 4. NO MOCKS: Use real DB/API connections unless it's a unit test. 5. Update Swagger/Storybook documentation.
Implement Controller: CallController,Task,Psitrix Psynq,Feature: Call Control,High,New,2026-02-16,2026-02-18,Developer,4h,"Backend,API",v1.0.0-MVP,3,Low,Specs defined,Code implemented & tested,Tests passing; No mocks,Functional requirement met,,Revert commit,"**File:** `packages/backend/src/modules/calls/call.controller.ts`
**Class:** `CallController`
**Endpoints:**
- `POST /api/v1/calls`
- `GET /api/v1/calls`
- `GET /api/v1/calls/:id`
- `PATCH /api/v1/calls/:id`
- `DELETE /api/v1/calls/:id`
**Requirements:** Swagger docs (@ApiTags), Auth guards",0,Developer,Act as a Senior Full-Stack Developer. Your goal is to implement 'Implement Controller: CallController'. 1. Follow Hexagonal Architecture (Domain -> Ports -> Adapters). 2. Use NestJS/React best practices. 3. Ensure all code is strictly typed. 4. NO MOCKS: Use real DB/API connections unless it's a unit test. 5. Update Swagger/Storybook documentation.
Unit Tests: CallService,Task,Psitrix Psynq,Feature: Call Control,Normal,New,2026-02-17,2026-02-19,Developer,4h,"Backend,Testing",v1.0.0-MVP,3,Low,Specs defined,Code implemented & tested,Tests passing; No mocks,Functional requirement met,,Revert commit,"**File:** `packages/backend/src/modules/calls/call.service.spec.ts`
**Requirements:**
- 100% coverage for service methods
- Test success and error cases
- Mock repository only (unit test)",0,QA Engineer,"Act as a Senior QA Engineer. Your goal is to verify the implementation of 'Unit Tests: CallService'. 1. Review the code in the specified file paths. 2. Execute existing tests and write new ones for edge cases (nulls, timeouts, high load). 3. Ensure 100% coverage. 4. Report any regressions or performance bottlenecks."
Integration Tests: Call,Task,Psitrix Psynq,Feature: Call Control,Normal,New,2026-02-18,2026-02-20,Developer,4h,"Backend,Testing",v1.0.0-MVP,3,Low,Specs defined,Code implemented & tested,Tests passing; No mocks,Functional requirement met,,Revert commit,"**File:** `test/call.integration-spec.ts`
**Requirements:**
- Test database interactions
- Test service integration
- Test event emission",0,QA Engineer,"Act as a Senior QA Engineer. Your goal is to verify the implementation of 'Integration Tests: Call'. 1. Review the code in the specified file paths. 2. Execute existing tests and write new ones for edge cases (nulls, timeouts, high load). 3. Ensure 100% coverage. 4. Report any regressions or performance bottlenecks."
Swagger Docs: Call,Task,Psitrix Psynq,Feature: Call Control,Low,New,2026-02-15,2026-02-16,Developer,4h,"Backend,Docs",v1.0.0-MVP,3,Low,Specs defined,Code implemented & tested,Tests passing; No mocks,Functional requirement met,,Revert commit,"**File:** `packages/backend/src/modules/calls/call.controller.ts`
**Requirements:**
- Add @ApiOperation
- Add @ApiResponse
- Add @ApiProperty to DTOs",0,Developer,Act as a Senior Full-Stack Developer. Your goal is to implement 'Swagger Docs: Call'. 1. Follow Hexagonal Architecture (Domain -> Ports -> Adapters). 2. Use NestJS/React best practices. 3. Ensure all code is strictly typed. 4. NO MOCKS: Use real DB/API connections unless it's a unit test. 5. Update Swagger/Storybook documentation.
DB Migration: Call,Task,Psitrix Psynq,Feature: Call Control,High,New,2026-02-14,2026-02-15,Developer,4h,"Backend,Database",v1.0.0-MVP,3,Low,Specs defined,Code implemented & tested,Tests passing; No mocks,Functional requirement met,,Revert commit,"**File:** `packages/backend/src/migrations/CreateCallTable.ts`
**Requirements:**
- Up method (create table)
- Down method (drop table)
- Indexes and constraints",0,Developer,Act as a Senior Full-Stack Developer. Your goal is to implement 'DB Migration: Call'. 1. Follow Hexagonal Architecture (Domain -> Ports -> Adapters). 2. Use NestJS/React best practices. 3. Ensure all code is strictly typed. 4. NO MOCKS: Use real DB/API connections unless it's a unit test. 5. Update Swagger/Storybook documentation.
Seed Data: Call,Task,Psitrix Psynq,Feature: Call Control,Low,New,2026-02-16,2026-02-17,Developer,4h,"Backend,Database",v1.0.0-MVP,3,Low,Specs defined,Code implemented & tested,Tests passing; No mocks,Functional requirement met,,Revert commit,"**File:** `packages/backend/src/seeds/call.seed.ts`
**Requirements:**
- Create default/test data
- Handle relationships",0,Developer,Act as a Senior Full-Stack Developer. Your goal is to implement 'Seed Data: Call'. 1. Follow Hexagonal Architecture (Domain -> Ports -> Adapters). 2. Use NestJS/React best practices. 3. Ensure all code is strictly typed. 4. NO MOCKS: Use real DB/API connections unless it's a unit test. 5. Update Swagger/Storybook documentation.
Feature: Channel Management,Feature,Psitrix Psynq,Epic: Asterisk ARI Integration,High,New,2026-02-14,2026-03-01,Developer,,,v1.0.0-MVP,,Low,Specs defined,Code implemented & tested,Tests passing; No mocks,Functional requirement met,,Revert commit,Channel Tracking,0,Product Owner / Architect,"Act as a Solution Architect. Define the technical specifications and sub-tasks for 'Feature: Channel Management'. Ensure alignment with the CCaaS platform goals (reliability, scalability, low latency)."
Define Entity: Channel,Task,Psitrix Psynq,Feature: Channel Management,High,New,2026-02-14,2026-02-16,Developer,4h,"Backend,Database",v1.0.0-MVP,3,Low,Specs defined,Code implemented & tested,Tests passing; No mocks,Functional requirement met,,Revert commit,"**File:** `packages/backend/src/modules/channels/entities/channel.entity.ts`
**Class:** `Channel`
**Type:** TypeORM Entity
**Requirements:**
- Define columns with exact types (varchar, int, jsonb)
- Define relationships (OneToMany, ManyToOne)
- Add indexes for performance
- NO MOCKS: Use real DB connection",0,Developer,Act as a Senior Full-Stack Developer. Your goal is to implement 'Define Entity: Channel'. 1. Follow Hexagonal Architecture (Domain -> Ports -> Adapters). 2. Use NestJS/React best practices. 3. Ensure all code is strictly typed. 4. NO MOCKS: Use real DB/API connections unless it's a unit test. 5. Update Swagger/Storybook documentation.
Create DTOs: Channel,Task,Psitrix Psynq,Feature: Channel Management,Normal,New,2026-02-14,2026-02-15,Developer,4h,"Backend,API",v1.0.0-MVP,3,Low,Specs defined,Code implemented & tested,Tests passing; No mocks,Functional requirement met,,Revert commit,"**File:** `packages/backend/src/modules/channels/dto/create-channel.dto.ts`
**File:** `packages/backend/src/modules/channels/dto/update-channel.dto.ts`
**Requirements:**
- Use class-validator decorators (@IsString, @IsInt)
- Use class-transformer
- Strict typing",0,Developer,Act as a Senior Full-Stack Developer. Your goal is to implement 'Create DTOs: Channel'. 1. Follow Hexagonal Architecture (Domain -> Ports -> Adapters). 2. Use NestJS/React best practices. 3. Ensure all code is strictly typed. 4. NO MOCKS: Use real DB/API connections unless it's a unit test. 5. Update Swagger/Storybook documentation.
Implement Service: ChannelService,Task,Psitrix Psynq,Feature: Channel Management,High,New,2026-02-15,2026-02-18,Developer,4h,Backend,v1.0.0-MVP,3,Low,Specs defined,Code implemented & tested,Tests passing; No mocks,Functional requirement met,,Revert commit,"**File:** `packages/backend/src/modules/channels/channel.service.ts`
**Class:** `ChannelService`
**Methods:**
- `create(dto)`
- `findAll(query)`
- `findOne(id)`
- `update(id, dto)`
- `remove(id)`
**Logic:** Business logic implementation. NO STUBS.",0,Developer,Act as a Senior Full-Stack Developer. Your goal is to implement 'Implement Service: ChannelService'. 1. Follow Hexagonal Architecture (Domain -> Ports -> Adapters). 2. Use NestJS/React best practices. 3. Ensure all code is strictly typed. 4. NO MOCKS: Use real DB/API connections unless it's a unit test. 5. Update Swagger/Storybook documentation.
Implement Controller: ChannelController,Task,Psitrix Psynq,Feature: Channel Management,High,New,2026-02-16,2026-02-18,Developer,4h,"Backend,API",v1.0.0-MVP,3,Low,Specs defined,Code implemented & tested,Tests passing; No mocks,Functional requirement met,,Revert commit,"**File:** `packages/backend/src/modules/channels/channel.controller.ts`
**Class:** `ChannelController`
**Endpoints:**
- `POST /api/v1/channels`
- `GET /api/v1/channels`
- `GET /api/v1/channels/:id`
- `PATCH /api/v1/channels/:id`
- `DELETE /api/v1/channels/:id`
**Requirements:** Swagger docs (@ApiTags), Auth guards",0,Developer,Act as a Senior Full-Stack Developer. Your goal is to implement 'Implement Controller: ChannelController'. 1. Follow Hexagonal Architecture (Domain -> Ports -> Adapters). 2. Use NestJS/React best practices. 3. Ensure all code is strictly typed. 4. NO MOCKS: Use real DB/API connections unless it's a unit test. 5. Update Swagger/Storybook documentation.
Unit Tests: ChannelService,Task,Psitrix Psynq,Feature: Channel Management,Normal,New,2026-02-17,2026-02-19,Developer,4h,"Backend,Testing",v1.0.0-MVP,3,Low,Specs defined,Code implemented & tested,Tests passing; No mocks,Functional requirement met,,Revert commit,"**File:** `packages/backend/src/modules/channels/channel.service.spec.ts`
**Requirements:**
- 100% coverage for service methods
- Test success and error cases
- Mock repository only (unit test)",0,QA Engineer,"Act as a Senior QA Engineer. Your goal is to verify the implementation of 'Unit Tests: ChannelService'. 1. Review the code in the specified file paths. 2. Execute existing tests and write new ones for edge cases (nulls, timeouts, high load). 3. Ensure 100% coverage. 4. Report any regressions or performance bottlenecks."
Integration Tests: Channel,Task,Psitrix Psynq,Feature: Channel Management,Normal,New,2026-02-18,2026-02-20,Developer,4h,"Backend,Testing",v1.0.0-MVP,3,Low,Specs defined,Code implemented & tested,Tests passing; No mocks,Functional requirement met,,Revert commit,"**File:** `test/channel.integration-spec.ts`
**Requirements:**
- Test database interactions
- Test service integration
- Test event emission",0,QA Engineer,"Act as a Senior QA Engineer. Your goal is to verify the implementation of 'Integration Tests: Channel'. 1. Review the code in the specified file paths. 2. Execute existing tests and write new ones for edge cases (nulls, timeouts, high load). 3. Ensure 100% coverage. 4. Report any regressions or performance bottlenecks."
Swagger Docs: Channel,Task,Psitrix Psynq,Feature: Channel Management,Low,New,2026-02-15,2026-02-16,Developer,4h,"Backend,Docs",v1.0.0-MVP,3,Low,Specs defined,Code implemented & tested,Tests passing; No mocks,Functional requirement met,,Revert commit,"**File:** `packages/backend/src/modules/channels/channel.controller.ts`
**Requirements:**
- Add @ApiOperation
- Add @ApiResponse
- Add @ApiProperty to DTOs",0,Developer,Act as a Senior Full-Stack Developer. Your goal is to implement 'Swagger Docs: Channel'. 1. Follow Hexagonal Architecture (Domain -> Ports -> Adapters). 2. Use NestJS/React best practices. 3. Ensure all code is strictly typed. 4. NO MOCKS: Use real DB/API connections unless it's a unit test. 5. Update Swagger/Storybook documentation.
DB Migration: Channel,Task,Psitrix Psynq,Feature: Channel Management,High,New,2026-02-14,2026-02-15,Developer,4h,"Backend,Database",v1.0.0-MVP,3,Low,Specs defined,Code implemented & tested,Tests passing; No mocks,Functional requirement met,,Revert commit,"**File:** `packages/backend/src/migrations/CreateChannelTable.ts`
**Requirements:**
- Up method (create table)
- Down method (drop table)
- Indexes and constraints",0,Developer,Act as a Senior Full-Stack Developer. Your goal is to implement 'DB Migration: Channel'. 1. Follow Hexagonal Architecture (Domain -> Ports -> Adapters). 2. Use NestJS/React best practices. 3. Ensure all code is strictly typed. 4. NO MOCKS: Use real DB/API connections unless it's a unit test. 5. Update Swagger/Storybook documentation.
Seed Data: Channel,Task,Psitrix Psynq,Feature: Channel Management,Low,New,2026-02-16,2026-02-17,Developer,4h,"Backend,Database",v1.0.0-MVP,3,Low,Specs defined,Code implemented & tested,Tests passing; No mocks,Functional requirement met,,Revert commit,"**File:** `packages/backend/src/seeds/channel.seed.ts`
**Requirements:**
- Create default/test data
- Handle relationships",0,Developer,Act as a Senior Full-Stack Developer. Your goal is to implement 'Seed Data: Channel'. 1. Follow Hexagonal Architecture (Domain -> Ports -> Adapters). 2. Use NestJS/React best practices. 3. Ensure all code is strictly typed. 4. NO MOCKS: Use real DB/API connections unless it's a unit test. 5. Update Swagger/Storybook documentation.
Feature: Bridge Management,Feature,Psitrix Psynq,Epic: Asterisk ARI Integration,High,New,2026-02-19,2026-03-06,Developer,,,v1.0.0-MVP,,Low,Specs defined,Code implemented & tested,Tests passing; No mocks,Functional requirement met,,Revert commit,Conferencing/Bridging,0,Product Owner / Architect,"Act as a Solution Architect. Define the technical specifications and sub-tasks for 'Feature: Bridge Management'. Ensure alignment with the CCaaS platform goals (reliability, scalability, low latency)."
Define Entity: Bridge,Task,Psitrix Psynq,Feature: Bridge Management,High,New,2026-02-19,2026-02-21,Developer,4h,"Backend,Database",v1.0.0-MVP,3,Low,Specs defined,Code implemented & tested,Tests passing; No mocks,Functional requirement met,,Revert commit,"**File:** `packages/backend/src/modules/bridges/entities/bridge.entity.ts`
**Class:** `Bridge`
**Type:** TypeORM Entity
**Requirements:**
- Define columns with exact types (varchar, int, jsonb)
- Define relationships (OneToMany, ManyToOne)
- Add indexes for performance
- NO MOCKS: Use real DB connection",0,Developer,Act as a Senior Full-Stack Developer. Your goal is to implement 'Define Entity: Bridge'. 1. Follow Hexagonal Architecture (Domain -> Ports -> Adapters). 2. Use NestJS/React best practices. 3. Ensure all code is strictly typed. 4. NO MOCKS: Use real DB/API connections unless it's a unit test. 5. Update Swagger/Storybook documentation.
Create DTOs: Bridge,Task,Psitrix Psynq,Feature: Bridge Management,Normal,New,2026-02-19,2026-02-20,Developer,4h,"Backend,API",v1.0.0-MVP,3,Low,Specs defined,Code implemented & tested,Tests passing; No mocks,Functional requirement met,,Revert commit,"**File:** `packages/backend/src/modules/bridges/dto/create-bridge.dto.ts`
**File:** `packages/backend/src/modules/bridges/dto/update-bridge.dto.ts`
**Requirements:**
- Use class-validator decorators (@IsString, @IsInt)
- Use class-transformer
- Strict typing",0,Developer,Act as a Senior Full-Stack Developer. Your goal is to implement 'Create DTOs: Bridge'. 1. Follow Hexagonal Architecture (Domain -> Ports -> Adapters). 2. Use NestJS/React best practices. 3. Ensure all code is strictly typed. 4. NO MOCKS: Use real DB/API connections unless it's a unit test. 5. Update Swagger/Storybook documentation.
Implement Service: BridgeService,Task,Psitrix Psynq,Feature: Bridge Management,High,New,2026-02-20,2026-02-23,Developer,4h,Backend,v1.0.0-MVP,3,Low,Specs defined,Code implemented & tested,Tests passing; No mocks,Functional requirement met,,Revert commit,"**File:** `packages/backend/src/modules/bridges/bridge.service.ts`
**Class:** `BridgeService`
**Methods:**
- `create(dto)`
- `findAll(query)`
- `findOne(id)`
- `update(id, dto)`
- `remove(id)`
**Logic:** Business logic implementation. NO STUBS.",0,Developer,Act as a Senior Full-Stack Developer. Your goal is to implement 'Implement Service: BridgeService'. 1. Follow Hexagonal Architecture (Domain -> Ports -> Adapters). 2. Use NestJS/React best practices. 3. Ensure all code is strictly typed. 4. NO MOCKS: Use real DB/API connections unless it's a unit test. 5. Update Swagger/Storybook documentation.
Implement Controller: BridgeController,Task,Psitrix Psynq,Feature: Bridge Management,High,New,2026-02-21,2026-02-23,Developer,4h,"Backend,API",v1.0.0-MVP,3,Low,Specs defined,Code implemented & tested,Tests passing; No mocks,Functional requirement met,,Revert commit,"**File:** `packages/backend/src/modules/bridges/bridge.controller.ts`
**Class:** `BridgeController`
**Endpoints:**
- `POST /api/v1/bridges`
- `GET /api/v1/bridges`
- `GET /api/v1/bridges/:id`
- `PATCH /api/v1/bridges/:id`
- `DELETE /api/v1/bridges/:id`
**Requirements:** Swagger docs (@ApiTags), Auth guards",0,Developer,Act as a Senior Full-Stack Developer. Your goal is to implement 'Implement Controller: BridgeController'. 1. Follow Hexagonal Architecture (Domain -> Ports -> Adapters). 2. Use NestJS/React best practices. 3. Ensure all code is strictly typed. 4. NO MOCKS: Use real DB/API connections unless it's a unit test. 5. Update Swagger/Storybook documentation.
Unit Tests: BridgeService,Task,Psitrix Psynq,Feature: Bridge Management,Normal,New,2026-02-22,2026-02-24,Developer,4h,"Backend,Testing",v1.0.0-MVP,3,Low,Specs defined,Code implemented & tested,Tests passing; No mocks,Functional requirement met,,Revert commit,"**File:** `packages/backend/src/modules/bridges/bridge.service.spec.ts`
**Requirements:**
- 100% coverage for service methods
- Test success and error cases
- Mock repository only (unit test)",0,QA Engineer,"Act as a Senior QA Engineer. Your goal is to verify the implementation of 'Unit Tests: BridgeService'. 1. Review the code in the specified file paths. 2. Execute existing tests and write new ones for edge cases (nulls, timeouts, high load). 3. Ensure 100% coverage. 4. Report any regressions or performance bottlenecks."
Integration Tests: Bridge,Task,Psitrix Psynq,Feature: Bridge Management,Normal,New,2026-02-23,2026-02-25,Developer,4h,"Backend,Testing",v1.0.0-MVP,3,Low,Specs defined,Code implemented & tested,Tests passing; No mocks,Functional requirement met,,Revert commit,"**File:** `test/bridge.integration-spec.ts`
**Requirements:**
- Test database interactions
- Test service integration
- Test event emission",0,QA Engineer,"Act as a Senior QA Engineer. Your goal is to verify the implementation of 'Integration Tests: Bridge'. 1. Review the code in the specified file paths. 2. Execute existing tests and write new ones for edge cases (nulls, timeouts, high load). 3. Ensure 100% coverage. 4. Report any regressions or performance bottlenecks."
Swagger Docs: Bridge,Task,Psitrix Psynq,Feature: Bridge Management,Low,New,2026-02-20,2026-02-21,Developer,4h,"Backend,Docs",v1.0.0-MVP,3,Low,Specs defined,Code implemented & tested,Tests passing; No mocks,Functional requirement met,,Revert commit,"**File:** `packages/backend/src/modules/bridges/bridge.controller.ts`
**Requirements:**
- Add @ApiOperation
- Add @ApiResponse
- Add @ApiProperty to DTOs",0,Developer,Act as a Senior Full-Stack Developer. Your goal is to implement 'Swagger Docs: Bridge'. 1. Follow Hexagonal Architecture (Domain -> Ports -> Adapters). 2. Use NestJS/React best practices. 3. Ensure all code is strictly typed. 4. NO MOCKS: Use real DB/API connections unless it's a unit test. 5. Update Swagger/Storybook documentation.
DB Migration: Bridge,Task,Psitrix Psynq,Feature: Bridge Management,High,New,2026-02-19,2026-02-20,Developer,4h,"Backend,Database",v1.0.0-MVP,3,Low,Specs defined,Code implemented & tested,Tests passing; No mocks,Functional requirement met,,Revert commit,"**File:** `packages/backend/src/migrations/CreateBridgeTable.ts`
**Requirements:**
- Up method (create table)
- Down method (drop table)
- Indexes and constraints",0,Developer,Act as a Senior Full-Stack Developer. Your goal is to implement 'DB Migration: Bridge'. 1. Follow Hexagonal Architecture (Domain -> Ports -> Adapters). 2. Use NestJS/React best practices. 3. Ensure all code is strictly typed. 4. NO MOCKS: Use real DB/API connections unless it's a unit test. 5. Update Swagger/Storybook documentation.
Seed Data: Bridge,Task,Psitrix Psynq,Feature: Bridge Management,Low,New,2026-02-21,2026-02-22,Developer,4h,"Backend,Database",v1.0.0-MVP,3,Low,Specs defined,Code implemented & tested,Tests passing; No mocks,Functional requirement met,,Revert commit,"**File:** `packages/backend/src/seeds/bridge.seed.ts`
**Requirements:**
- Create default/test data
- Handle relationships",0,Developer,Act as a Senior Full-Stack Developer. Your goal is to implement 'Seed Data: Bridge'. 1. Follow Hexagonal Architecture (Domain -> Ports -> Adapters). 2. Use NestJS/React best practices. 3. Ensure all code is strictly typed. 4. NO MOCKS: Use real DB/API connections unless it's a unit test. 5. Update Swagger/Storybook documentation.
Phase: Dialer & Campaign Management,Phase,Psitrix Psynq,,High,New,2026-03-16,2026-05-15,Tech Lead,,,v1.0.0-MVP,,Low,Specs defined,Code implemented & tested,Tests passing; No mocks,Functional requirement met,,Revert commit,Outbound Dialers,0,Developer,
Epic: Campaign Management,Epic,Psitrix Psynq,Phase: Dialer & Campaign Management,High,New,2026-03-16,2026-04-15,Tech Lead,,,v1.0.0-MVP,,Low,Specs defined,Code implemented & tested,Tests passing; No mocks,Functional requirement met,,Revert commit,Campaigns,0,Developer,
Feature: Campaign CRUD,Feature,Psitrix Psynq,Epic: Campaign Management,High,New,2026-03-16,2026-03-31,Developer,,,v1.0.0-MVP,,Low,Specs defined,Code implemented & tested,Tests passing; No mocks,Functional requirement met,,Revert commit,Campaign Config,0,Product Owner / Architect,"Act as a Solution Architect. Define the technical specifications and sub-tasks for 'Feature: Campaign CRUD'. Ensure alignment with the CCaaS platform goals (reliability, scalability, low latency)."
Define Entity: Campaign,Task,Psitrix Psynq,Feature: Campaign CRUD,High,New,2026-03-16,2026-03-18,Developer,4h,"Backend,Database",v1.0.0-MVP,3,Low,Specs defined,Code implemented & tested,Tests passing; No mocks,Functional requirement met,,Revert commit,"**File:** `packages/backend/src/modules/campaigns/entities/campaign.entity.ts`
**Class:** `Campaign`
**Type:** TypeORM Entity
**Requirements:**
- Define columns with exact types (varchar, int, jsonb)
- Define relationships (OneToMany, ManyToOne)
- Add indexes for performance
- NO MOCKS: Use real DB connection",0,Developer,Act as a Senior Full-Stack Developer. Your goal is to implement 'Define Entity: Campaign'. 1. Follow Hexagonal Architecture (Domain -> Ports -> Adapters). 2. Use NestJS/React best practices. 3. Ensure all code is strictly typed. 4. NO MOCKS: Use real DB/API connections unless it's a unit test. 5. Update Swagger/Storybook documentation.
Create DTOs: Campaign,Task,Psitrix Psynq,Feature: Campaign CRUD,Normal,New,2026-03-16,2026-03-17,Developer,4h,"Backend,API",v1.0.0-MVP,3,Low,Specs defined,Code implemented & tested,Tests passing; No mocks,Functional requirement met,,Revert commit,"**File:** `packages/backend/src/modules/campaigns/dto/create-campaign.dto.ts`
**File:** `packages/backend/src/modules/campaigns/dto/update-campaign.dto.ts`
**Requirements:**
- Use class-validator decorators (@IsString, @IsInt)
- Use class-transformer
- Strict typing",0,Developer,Act as a Senior Full-Stack Developer. Your goal is to implement 'Create DTOs: Campaign'. 1. Follow Hexagonal Architecture (Domain -> Ports -> Adapters). 2. Use NestJS/React best practices. 3. Ensure all code is strictly typed. 4. NO MOCKS: Use real DB/API connections unless it's a unit test. 5. Update Swagger/Storybook documentation.
Implement Service: CampaignService,Task,Psitrix Psynq,Feature: Campaign CRUD,High,New,2026-03-17,2026-03-20,Developer,4h,Backend,v1.0.0-MVP,3,Low,Specs defined,Code implemented & tested,Tests passing; No mocks,Functional requirement met,,Revert commit,"**File:** `packages/backend/src/modules/campaigns/campaign.service.ts`
**Class:** `CampaignService`
**Methods:**
- `create(dto)`
- `findAll(query)`
- `findOne(id)`
- `update(id, dto)`
- `remove(id)`
**Logic:** Business logic implementation. NO STUBS.",0,Developer,Act as a Senior Full-Stack Developer. Your goal is to implement 'Implement Service: CampaignService'. 1. Follow Hexagonal Architecture (Domain -> Ports -> Adapters). 2. Use NestJS/React best practices. 3. Ensure all code is strictly typed. 4. NO MOCKS: Use real DB/API connections unless it's a unit test. 5. Update Swagger/Storybook documentation.
Implement Controller: CampaignController,Task,Psitrix Psynq,Feature: Campaign CRUD,High,New,2026-03-18,2026-03-20,Developer,4h,"Backend,API",v1.0.0-MVP,3,Low,Specs defined,Code implemented & tested,Tests passing; No mocks,Functional requirement met,,Revert commit,"**File:** `packages/backend/src/modules/campaigns/campaign.controller.ts`
**Class:** `CampaignController`
**Endpoints:**
- `POST /api/v1/campaigns`
- `GET /api/v1/campaigns`
- `GET /api/v1/campaigns/:id`
- `PATCH /api/v1/campaigns/:id`
- `DELETE /api/v1/campaigns/:id`
**Requirements:** Swagger docs (@ApiTags), Auth guards",0,Developer,Act as a Senior Full-Stack Developer. Your goal is to implement 'Implement Controller: CampaignController'. 1. Follow Hexagonal Architecture (Domain -> Ports -> Adapters). 2. Use NestJS/React best practices. 3. Ensure all code is strictly typed. 4. NO MOCKS: Use real DB/API connections unless it's a unit test. 5. Update Swagger/Storybook documentation.
Unit Tests: CampaignService,Task,Psitrix Psynq,Feature: Campaign CRUD,Normal,New,2026-03-19,2026-03-21,Developer,4h,"Backend,Testing",v1.0.0-MVP,3,Low,Specs defined,Code implemented & tested,Tests passing; No mocks,Functional requirement met,,Revert commit,"**File:** `packages/backend/src/modules/campaigns/campaign.service.spec.ts`
**Requirements:**
- 100% coverage for service methods
- Test success and error cases
- Mock repository only (unit test)",0,QA Engineer,"Act as a Senior QA Engineer. Your goal is to verify the implementation of 'Unit Tests: CampaignService'. 1. Review the code in the specified file paths. 2. Execute existing tests and write new ones for edge cases (nulls, timeouts, high load). 3. Ensure 100% coverage. 4. Report any regressions or performance bottlenecks."
Integration Tests: Campaign,Task,Psitrix Psynq,Feature: Campaign CRUD,Normal,New,2026-03-20,2026-03-22,Developer,4h,"Backend,Testing",v1.0.0-MVP,3,Low,Specs defined,Code implemented & tested,Tests passing; No mocks,Functional requirement met,,Revert commit,"**File:** `test/campaign.integration-spec.ts`
**Requirements:**
- Test database interactions
- Test service integration
- Test event emission",0,QA Engineer,"Act as a Senior QA Engineer. Your goal is to verify the implementation of 'Integration Tests: Campaign'. 1. Review the code in the specified file paths. 2. Execute existing tests and write new ones for edge cases (nulls, timeouts, high load). 3. Ensure 100% coverage. 4. Report any regressions or performance bottlenecks."
Swagger Docs: Campaign,Task,Psitrix Psynq,Feature: Campaign CRUD,Low,New,2026-03-17,2026-03-18,Developer,4h,"Backend,Docs",v1.0.0-MVP,3,Low,Specs defined,Code implemented & tested,Tests passing; No mocks,Functional requirement met,,Revert commit,"**File:** `packages/backend/src/modules/campaigns/campaign.controller.ts`
**Requirements:**
- Add @ApiOperation
- Add @ApiResponse
- Add @ApiProperty to DTOs",0,Developer,Act as a Senior Full-Stack Developer. Your goal is to implement 'Swagger Docs: Campaign'. 1. Follow Hexagonal Architecture (Domain -> Ports -> Adapters). 2. Use NestJS/React best practices. 3. Ensure all code is strictly typed. 4. NO MOCKS: Use real DB/API connections unless it's a unit test. 5. Update Swagger/Storybook documentation.
DB Migration: Campaign,Task,Psitrix Psynq,Feature: Campaign CRUD,High,New,2026-03-16,2026-03-17,Developer,4h,"Backend,Database",v1.0.0-MVP,3,Low,Specs defined,Code implemented & tested,Tests passing; No mocks,Functional requirement met,,Revert commit,"**File:** `packages/backend/src/migrations/CreateCampaignTable.ts`
**Requirements:**
- Up method (create table)
- Down method (drop table)
- Indexes and constraints",0,Developer,Act as a Senior Full-Stack Developer. Your goal is to implement 'DB Migration: Campaign'. 1. Follow Hexagonal Architecture (Domain -> Ports -> Adapters). 2. Use NestJS/React best practices. 3. Ensure all code is strictly typed. 4. NO MOCKS: Use real DB/API connections unless it's a unit test. 5. Update Swagger/Storybook documentation.
Seed Data: Campaign,Task,Psitrix Psynq,Feature: Campaign CRUD,Low,New,2026-03-18,2026-03-19,Developer,4h,"Backend,Database",v1.0.0-MVP,3,Low,Specs defined,Code implemented & tested,Tests passing; No mocks,Functional requirement met,,Revert commit,"**File:** `packages/backend/src/seeds/campaign.seed.ts`
**Requirements:**
- Create default/test data
- Handle relationships",0,Developer,Act as a Senior Full-Stack Developer. Your goal is to implement 'Seed Data: Campaign'. 1. Follow Hexagonal Architecture (Domain -> Ports -> Adapters). 2. Use NestJS/React best practices. 3. Ensure all code is strictly typed. 4. NO MOCKS: Use real DB/API connections unless it's a unit test. 5. Update Swagger/Storybook documentation.
Feature: Lead Lists,Feature,Psitrix Psynq,Epic: Campaign Management,High,New,2026-03-16,2026-03-31,Developer,,,v1.0.0-MVP,,Low,Specs defined,Code implemented & tested,Tests passing; No mocks,Functional requirement met,,Revert commit,Lead Management,0,Product Owner / Architect,"Act as a Solution Architect. Define the technical specifications and sub-tasks for 'Feature: Lead Lists'. Ensure alignment with the CCaaS platform goals (reliability, scalability, low latency)."
Define Entity: Lead,Task,Psitrix Psynq,Feature: Lead Lists,High,New,2026-03-16,2026-03-18,Developer,4h,"Backend,Database",v1.0.0-MVP,3,Low,Specs defined,Code implemented & tested,Tests passing; No mocks,Functional requirement met,,Revert commit,"**File:** `packages/backend/src/modules/leads/entities/lead.entity.ts`
**Class:** `Lead`
**Type:** TypeORM Entity
**Requirements:**
- Define columns with exact types (varchar, int, jsonb)
- Define relationships (OneToMany, ManyToOne)
- Add indexes for performance
- NO MOCKS: Use real DB connection",0,Developer,Act as a Senior Full-Stack Developer. Your goal is to implement 'Define Entity: Lead'. 1. Follow Hexagonal Architecture (Domain -> Ports -> Adapters). 2. Use NestJS/React best practices. 3. Ensure all code is strictly typed. 4. NO MOCKS: Use real DB/API connections unless it's a unit test. 5. Update Swagger/Storybook documentation.
Create DTOs: Lead,Task,Psitrix Psynq,Feature: Lead Lists,Normal,New,2026-03-16,2026-03-17,Developer,4h,"Backend,API",v1.0.0-MVP,3,Low,Specs defined,Code implemented & tested,Tests passing; No mocks,Functional requirement met,,Revert commit,"**File:** `packages/backend/src/modules/leads/dto/create-lead.dto.ts`
**File:** `packages/backend/src/modules/leads/dto/update-lead.dto.ts`
**Requirements:**
- Use class-validator decorators (@IsString, @IsInt)
- Use class-transformer
- Strict typing",0,Developer,Act as a Senior Full-Stack Developer. Your goal is to implement 'Create DTOs: Lead'. 1. Follow Hexagonal Architecture (Domain -> Ports -> Adapters). 2. Use NestJS/React best practices. 3. Ensure all code is strictly typed. 4. NO MOCKS: Use real DB/API connections unless it's a unit test. 5. Update Swagger/Storybook documentation.
Implement Service: LeadService,Task,Psitrix Psynq,Feature: Lead Lists,High,New,2026-03-17,2026-03-20,Developer,4h,Backend,v1.0.0-MVP,3,Low,Specs defined,Code implemented & tested,Tests passing; No mocks,Functional requirement met,,Revert commit,"**File:** `packages/backend/src/modules/leads/lead.service.ts`
**Class:** `LeadService`
**Methods:**
- `create(dto)`
- `findAll(query)`
- `findOne(id)`
- `update(id, dto)`
- `remove(id)`
**Logic:** Business logic implementation. NO STUBS.",0,Developer,Act as a Senior Full-Stack Developer. Your goal is to implement 'Implement Service: LeadService'. 1. Follow Hexagonal Architecture (Domain -> Ports -> Adapters). 2. Use NestJS/React best practices. 3. Ensure all code is strictly typed. 4. NO MOCKS: Use real DB/API connections unless it's a unit test. 5. Update Swagger/Storybook documentation.
Implement Controller: LeadController,Task,Psitrix Psynq,Feature: Lead Lists,High,New,2026-03-18,2026-03-20,Developer,4h,"Backend,API",v1.0.0-MVP,3,Low,Specs defined,Code implemented & tested,Tests passing; No mocks,Functional requirement met,,Revert commit,"**File:** `packages/backend/src/modules/leads/lead.controller.ts`
**Class:** `LeadController`
**Endpoints:**
- `POST /api/v1/leads`
- `GET /api/v1/leads`
- `GET /api/v1/leads/:id`
- `PATCH /api/v1/leads/:id`
- `DELETE /api/v1/leads/:id`
**Requirements:** Swagger docs (@ApiTags), Auth guards",0,Developer,Act as a Senior Full-Stack Developer. Your goal is to implement 'Implement Controller: LeadController'. 1. Follow Hexagonal Architecture (Domain -> Ports -> Adapters). 2. Use NestJS/React best practices. 3. Ensure all code is strictly typed. 4. NO MOCKS: Use real DB/API connections unless it's a unit test. 5. Update Swagger/Storybook documentation.
Unit Tests: LeadService,Task,Psitrix Psynq,Feature: Lead Lists,Normal,New,2026-03-19,2026-03-21,Developer,4h,"Backend,Testing",v1.0.0-MVP,3,Low,Specs defined,Code implemented & tested,Tests passing; No mocks,Functional requirement met,,Revert commit,"**File:** `packages/backend/src/modules/leads/lead.service.spec.ts`
**Requirements:**
- 100% coverage for service methods
- Test success and error cases
- Mock repository only (unit test)",0,QA Engineer,"Act as a Senior QA Engineer. Your goal is to verify the implementation of 'Unit Tests: LeadService'. 1. Review the code in the specified file paths. 2. Execute existing tests and write new ones for edge cases (nulls, timeouts, high load). 3. Ensure 100% coverage. 4. Report any regressions or performance bottlenecks."
Integration Tests: Lead,Task,Psitrix Psynq,Feature: Lead Lists,Normal,New,2026-03-20,2026-03-22,Developer,4h,"Backend,Testing",v1.0.0-MVP,3,Low,Specs defined,Code implemented & tested,Tests passing; No mocks,Functional requirement met,,Revert commit,"**File:** `test/lead.integration-spec.ts`
**Requirements:**
- Test database interactions
- Test service integration
- Test event emission",0,QA Engineer,"Act as a Senior QA Engineer. Your goal is to verify the implementation of 'Integration Tests: Lead'. 1. Review the code in the specified file paths. 2. Execute existing tests and write new ones for edge cases (nulls, timeouts, high load). 3. Ensure 100% coverage. 4. Report any regressions or performance bottlenecks."
Swagger Docs: Lead,Task,Psitrix Psynq,Feature: Lead Lists,Low,New,2026-03-17,2026-03-18,Developer,4h,"Backend,Docs",v1.0.0-MVP,3,Low,Specs defined,Code implemented & tested,Tests passing; No mocks,Functional requirement met,,Revert commit,"**File:** `packages/backend/src/modules/leads/lead.controller.ts`
**Requirements:**
- Add @ApiOperation
- Add @ApiResponse
- Add @ApiProperty to DTOs",0,Developer,Act as a Senior Full-Stack Developer. Your goal is to implement 'Swagger Docs: Lead'. 1. Follow Hexagonal Architecture (Domain -> Ports -> Adapters). 2. Use NestJS/React best practices. 3. Ensure all code is strictly typed. 4. NO MOCKS: Use real DB/API connections unless it's a unit test. 5. Update Swagger/Storybook documentation.
DB Migration: Lead,Task,Psitrix Psynq,Feature: Lead Lists,High,New,2026-03-16,2026-03-17,Developer,4h,"Backend,Database",v1.0.0-MVP,3,Low,Specs defined,Code implemented & tested,Tests passing; No mocks,Functional requirement met,,Revert commit,"**File:** `packages/backend/src/migrations/CreateLeadTable.ts`
**Requirements:**
- Up method (create table)
- Down method (drop table)
- Indexes and constraints",0,Developer,Act as a Senior Full-Stack Developer. Your goal is to implement 'DB Migration: Lead'. 1. Follow Hexagonal Architecture (Domain -> Ports -> Adapters). 2. Use NestJS/React best practices. 3. Ensure all code is strictly typed. 4. NO MOCKS: Use real DB/API connections unless it's a unit test. 5. Update Swagger/Storybook documentation.
Seed Data: Lead,Task,Psitrix Psynq,Feature: Lead Lists,Low,New,2026-03-18,2026-03-19,Developer,4h,"Backend,Database",v1.0.0-MVP,3,Low,Specs defined,Code implemented & tested,Tests passing; No mocks,Functional requirement met,,Revert commit,"**File:** `packages/backend/src/seeds/lead.seed.ts`
**Requirements:**
- Create default/test data
- Handle relationships",0,Developer,Act as a Senior Full-Stack Developer. Your goal is to implement 'Seed Data: Lead'. 1. Follow Hexagonal Architecture (Domain -> Ports -> Adapters). 2. Use NestJS/React best practices. 3. Ensure all code is strictly typed. 4. NO MOCKS: Use real DB/API connections unless it's a unit test. 5. Update Swagger/Storybook documentation.
Epic: Dialing Engines,Epic,Psitrix Psynq,Phase: Dialer & Campaign Management,High,New,2026-03-26,2026-05-05,Tech Lead,,,v1.0.0-MVP,,Low,Specs defined,Code implemented & tested,Tests passing; No mocks,Functional requirement met,,Revert commit,Dialer Logic,0,Developer,
Feature: Preview Dialer,Feature,Psitrix Psynq,Epic: Dialing Engines,High,New,2026-03-26,2026-04-15,Developer,,,v1.0.0-MVP,,Low,Specs defined,Code implemented & tested,Tests passing; No mocks,Functional requirement met,,Revert commit,Preview Mode,0,Product Owner / Architect,"Act as a Solution Architect. Define the technical specifications and sub-tasks for 'Feature: Preview Dialer'. Ensure alignment with the CCaaS platform goals (reliability, scalability, low latency)."
Define Entity: PreviewDialer,Task,Psitrix Psynq,Feature: Preview Dialer,High,New,2026-03-26,2026-03-28,Developer,4h,"Backend,Database",v1.0.0-MVP,3,Low,Specs defined,Code implemented & tested,Tests passing; No mocks,Functional requirement met,,Revert commit,"**File:** `packages/backend/src/modules/dialer/preview/entities/previewdialer.entity.ts`
**Class:** `PreviewDialer`
**Type:** TypeORM Entity
**Requirements:**
- Define columns with exact types (varchar, int, jsonb)
- Define relationships (OneToMany, ManyToOne)
- Add indexes for performance
- NO MOCKS: Use real DB connection",0,Developer,Act as a Senior Full-Stack Developer. Your goal is to implement 'Define Entity: PreviewDialer'. 1. Follow Hexagonal Architecture (Domain -> Ports -> Adapters). 2. Use NestJS/React best practices. 3. Ensure all code is strictly typed. 4. NO MOCKS: Use real DB/API connections unless it's a unit test. 5. Update Swagger/Storybook documentation.
Create DTOs: PreviewDialer,Task,Psitrix Psynq,Feature: Preview Dialer,Normal,New,2026-03-26,2026-03-27,Developer,4h,"Backend,API",v1.0.0-MVP,3,Low,Specs defined,Code implemented & tested,Tests passing; No mocks,Functional requirement met,,Revert commit,"**File:** `packages/backend/src/modules/dialer/preview/dto/create-previewdialer.dto.ts`
**File:** `packages/backend/src/modules/dialer/preview/dto/update-previewdialer.dto.ts`
**Requirements:**
- Use class-validator decorators (@IsString, @IsInt)
- Use class-transformer
- Strict typing",0,Developer,Act as a Senior Full-Stack Developer. Your goal is to implement 'Create DTOs: PreviewDialer'. 1. Follow Hexagonal Architecture (Domain -> Ports -> Adapters). 2. Use NestJS/React best practices. 3. Ensure all code is strictly typed. 4. NO MOCKS: Use real DB/API connections unless it's a unit test. 5. Update Swagger/Storybook documentation.
Implement Service: PreviewDialerService,Task,Psitrix Psynq,Feature: Preview Dialer,High,New,2026-03-27,2026-03-30,Developer,4h,Backend,v1.0.0-MVP,3,Low,Specs defined,Code implemented & tested,Tests passing; No mocks,Functional requirement met,,Revert commit,"**File:** `packages/backend/src/modules/dialer/preview/previewdialer.service.ts`
**Class:** `PreviewDialerService`
**Methods:**
- `create(dto)`
- `findAll(query)`
- `findOne(id)`
- `update(id, dto)`
- `remove(id)`
**Logic:** Business logic implementation. NO STUBS.",0,Developer,Act as a Senior Full-Stack Developer. Your goal is to implement 'Implement Service: PreviewDialerService'. 1. Follow Hexagonal Architecture (Domain -> Ports -> Adapters). 2. Use NestJS/React best practices. 3. Ensure all code is strictly typed. 4. NO MOCKS: Use real DB/API connections unless it's a unit test. 5. Update Swagger/Storybook documentation.
Implement Controller: PreviewDialerController,Task,Psitrix Psynq,Feature: Preview Dialer,High,New,2026-03-28,2026-03-30,Developer,4h,"Backend,API",v1.0.0-MVP,3,Low,Specs defined,Code implemented & tested,Tests passing; No mocks,Functional requirement met,,Revert commit,"**File:** `packages/backend/src/modules/dialer/preview/previewdialer.controller.ts`
**Class:** `PreviewDialerController`
**Endpoints:**
- `POST /api/v1/previewdialers`
- `GET /api/v1/previewdialers`
- `GET /api/v1/previewdialers/:id`
- `PATCH /api/v1/previewdialers/:id`
- `DELETE /api/v1/previewdialers/:id`
**Requirements:** Swagger docs (@ApiTags), Auth guards",0,Developer,Act as a Senior Full-Stack Developer. Your goal is to implement 'Implement Controller: PreviewDialerController'. 1. Follow Hexagonal Architecture (Domain -> Ports -> Adapters). 2. Use NestJS/React best practices. 3. Ensure all code is strictly typed. 4. NO MOCKS: Use real DB/API connections unless it's a unit test. 5. Update Swagger/Storybook documentation.
Unit Tests: PreviewDialerService,Task,Psitrix Psynq,Feature: Preview Dialer,Normal,New,2026-03-29,2026-03-31,Developer,4h,"Backend,Testing",v1.0.0-MVP,3,Low,Specs defined,Code implemented & tested,Tests passing; No mocks,Functional requirement met,,Revert commit,"**File:** `packages/backend/src/modules/dialer/preview/previewdialer.service.spec.ts`
**Requirements:**
- 100% coverage for service methods
- Test success and error cases
- Mock repository only (unit test)",0,QA Engineer,"Act as a Senior QA Engineer. Your goal is to verify the implementation of 'Unit Tests: PreviewDialerService'. 1. Review the code in the specified file paths. 2. Execute existing tests and write new ones for edge cases (nulls, timeouts, high load). 3. Ensure 100% coverage. 4. Report any regressions or performance bottlenecks."
Integration Tests: PreviewDialer,Task,Psitrix Psynq,Feature: Preview Dialer,Normal,New,2026-03-30,2026-04-01,Developer,4h,"Backend,Testing",v1.0.0-MVP,3,Low,Specs defined,Code implemented & tested,Tests passing; No mocks,Functional requirement met,,Revert commit,"**File:** `test/previewdialer.integration-spec.ts`
**Requirements:**
- Test database interactions
- Test service integration
- Test event emission",0,QA Engineer,"Act as a Senior QA Engineer. Your goal is to verify the implementation of 'Integration Tests: PreviewDialer'. 1. Review the code in the specified file paths. 2. Execute existing tests and write new ones for edge cases (nulls, timeouts, high load). 3. Ensure 100% coverage. 4. Report any regressions or performance bottlenecks."
Swagger Docs: PreviewDialer,Task,Psitrix Psynq,Feature: Preview Dialer,Low,New,2026-03-27,2026-03-28,Developer,4h,"Backend,Docs",v1.0.0-MVP,3,Low,Specs defined,Code implemented & tested,Tests passing; No mocks,Functional requirement met,,Revert commit,"**File:** `packages/backend/src/modules/dialer/preview/previewdialer.controller.ts`
**Requirements:**
- Add @ApiOperation
- Add @ApiResponse
- Add @ApiProperty to DTOs",0,Developer,Act as a Senior Full-Stack Developer. Your goal is to implement 'Swagger Docs: PreviewDialer'. 1. Follow Hexagonal Architecture (Domain -> Ports -> Adapters). 2. Use NestJS/React best practices. 3. Ensure all code is strictly typed. 4. NO MOCKS: Use real DB/API connections unless it's a unit test. 5. Update Swagger/Storybook documentation.
DB Migration: PreviewDialer,Task,Psitrix Psynq,Feature: Preview Dialer,High,New,2026-03-26,2026-03-27,Developer,4h,"Backend,Database",v1.0.0-MVP,3,Low,Specs defined,Code implemented & tested,Tests passing; No mocks,Functional requirement met,,Revert commit,"**File:** `packages/backend/src/migrations/CreatePreviewDialerTable.ts`
**Requirements:**
- Up method (create table)
- Down method (drop table)
- Indexes and constraints",0,Developer,Act as a Senior Full-Stack Developer. Your goal is to implement 'DB Migration: PreviewDialer'. 1. Follow Hexagonal Architecture (Domain -> Ports -> Adapters). 2. Use NestJS/React best practices. 3. Ensure all code is strictly typed. 4. NO MOCKS: Use real DB/API connections unless it's a unit test. 5. Update Swagger/Storybook documentation.
Seed Data: PreviewDialer,Task,Psitrix Psynq,Feature: Preview Dialer,Low,New,2026-03-28,2026-03-29,Developer,4h,"Backend,Database",v1.0.0-MVP,3,Low,Specs defined,Code implemented & tested,Tests passing; No mocks,Functional requirement met,,Revert commit,"**File:** `packages/backend/src/seeds/previewdialer.seed.ts`
**Requirements:**
- Create default/test data
- Handle relationships",0,Developer,Act as a Senior Full-Stack Developer. Your goal is to implement 'Seed Data: PreviewDialer'. 1. Follow Hexagonal Architecture (Domain -> Ports -> Adapters). 2. Use NestJS/React best practices. 3. Ensure all code is strictly typed. 4. NO MOCKS: Use real DB/API connections unless it's a unit test. 5. Update Swagger/Storybook documentation.
Feature: Predictive Dialer,Feature,Psitrix Psynq,Epic: Dialing Engines,High,New,2026-04-05,2026-05-05,Developer,,,v1.0.0-MVP,,Low,Specs defined,Code implemented & tested,Tests passing; No mocks,Functional requirement met,,Revert commit,Predictive Algo,0,Product Owner / Architect,"Act as a Solution Architect. Define the technical specifications and sub-tasks for 'Feature: Predictive Dialer'. Ensure alignment with the CCaaS platform goals (reliability, scalability, low latency)."
Define Entity: PredictiveDialer,Task,Psitrix Psynq,Feature: Predictive Dialer,High,New,2026-04-05,2026-04-07,Developer,4h,"Backend,Database",v1.0.0-MVP,3,Low,Specs defined,Code implemented & tested,Tests passing; No mocks,Functional requirement met,,Revert commit,"**File:** `packages/backend/src/modules/dialer/predictive/entities/predictivedialer.entity.ts`
**Class:** `PredictiveDialer`
**Type:** TypeORM Entity
**Requirements:**
- Define columns with exact types (varchar, int, jsonb)
- Define relationships (OneToMany, ManyToOne)
- Add indexes for performance
- NO MOCKS: Use real DB connection",0,Developer,Act as a Senior Full-Stack Developer. Your goal is to implement 'Define Entity: PredictiveDialer'. 1. Follow Hexagonal Architecture (Domain -> Ports -> Adapters). 2. Use NestJS/React best practices. 3. Ensure all code is strictly typed. 4. NO MOCKS: Use real DB/API connections unless it's a unit test. 5. Update Swagger/Storybook documentation.
Create DTOs: PredictiveDialer,Task,Psitrix Psynq,Feature: Predictive Dialer,Normal,New,2026-04-05,2026-04-06,Developer,4h,"Backend,API",v1.0.0-MVP,3,Low,Specs defined,Code implemented & tested,Tests passing; No mocks,Functional requirement met,,Revert commit,"**File:** `packages/backend/src/modules/dialer/predictive/dto/create-predictivedialer.dto.ts`
**File:** `packages/backend/src/modules/dialer/predictive/dto/update-predictivedialer.dto.ts`
**Requirements:**
- Use class-validator decorators (@IsString, @IsInt)
- Use class-transformer
- Strict typing",0,Developer,Act as a Senior Full-Stack Developer. Your goal is to implement 'Create DTOs: PredictiveDialer'. 1. Follow Hexagonal Architecture (Domain -> Ports -> Adapters). 2. Use NestJS/React best practices. 3. Ensure all code is strictly typed. 4. NO MOCKS: Use real DB/API connections unless it's a unit test. 5. Update Swagger/Storybook documentation.
Implement Service: PredictiveDialerService,Task,Psitrix Psynq,Feature: Predictive Dialer,High,New,2026-04-06,2026-04-09,Developer,4h,Backend,v1.0.0-MVP,3,Low,Specs defined,Code implemented & tested,Tests passing; No mocks,Functional requirement met,,Revert commit,"**File:** `packages/backend/src/modules/dialer/predictive/predictivedialer.service.ts`
**Class:** `PredictiveDialerService`
**Methods:**
- `create(dto)`
- `findAll(query)`
- `findOne(id)`
- `update(id, dto)`
- `remove(id)`
**Logic:** Business logic implementation. NO STUBS.",0,Developer,Act as a Senior Full-Stack Developer. Your goal is to implement 'Implement Service: PredictiveDialerService'. 1. Follow Hexagonal Architecture (Domain -> Ports -> Adapters). 2. Use NestJS/React best practices. 3. Ensure all code is strictly typed. 4. NO MOCKS: Use real DB/API connections unless it's a unit test. 5. Update Swagger/Storybook documentation.
Implement Controller: PredictiveDialerController,Task,Psitrix Psynq,Feature: Predictive Dialer,High,New,2026-04-07,2026-04-09,Developer,4h,"Backend,API",v1.0.0-MVP,3,Low,Specs defined,Code implemented & tested,Tests passing; No mocks,Functional requirement met,,Revert commit,"**File:** `packages/backend/src/modules/dialer/predictive/predictivedialer.controller.ts`
**Class:** `PredictiveDialerController`
**Endpoints:**
- `POST /api/v1/predictivedialers`
- `GET /api/v1/predictivedialers`
- `GET /api/v1/predictivedialers/:id`
- `PATCH /api/v1/predictivedialers/:id`
- `DELETE /api/v1/predictivedialers/:id`
**Requirements:** Swagger docs (@ApiTags), Auth guards",0,Developer,Act as a Senior Full-Stack Developer. Your goal is to implement 'Implement Controller: PredictiveDialerController'. 1. Follow Hexagonal Architecture (Domain -> Ports -> Adapters). 2. Use NestJS/React best practices. 3. Ensure all code is strictly typed. 4. NO MOCKS: Use real DB/API connections unless it's a unit test. 5. Update Swagger/Storybook documentation.
Unit Tests: PredictiveDialerService,Task,Psitrix Psynq,Feature: Predictive Dialer,Normal,New,2026-04-08,2026-04-10,Developer,4h,"Backend,Testing",v1.0.0-MVP,3,Low,Specs defined,Code implemented & tested,Tests passing; No mocks,Functional requirement met,,Revert commit,"**File:** `packages/backend/src/modules/dialer/predictive/predictivedialer.service.spec.ts`
**Requirements:**
- 100% coverage for service methods
- Test success and error cases
- Mock repository only (unit test)",0,QA Engineer,"Act as a Senior QA Engineer. Your goal is to verify the implementation of 'Unit Tests: PredictiveDialerService'. 1. Review the code in the specified file paths. 2. Execute existing tests and write new ones for edge cases (nulls, timeouts, high load). 3. Ensure 100% coverage. 4. Report any regressions or performance bottlenecks."
Integration Tests: PredictiveDialer,Task,Psitrix Psynq,Feature: Predictive Dialer,Normal,New,2026-04-09,2026-04-11,Developer,4h,"Backend,Testing",v1.0.0-MVP,3,Low,Specs defined,Code implemented & tested,Tests passing; No mocks,Functional requirement met,,Revert commit,"**File:** `test/predictivedialer.integration-spec.ts`
**Requirements:**
- Test database interactions
- Test service integration
- Test event emission",0,QA Engineer,"Act as a Senior QA Engineer. Your goal is to verify the implementation of 'Integration Tests: PredictiveDialer'. 1. Review the code in the specified file paths. 2. Execute existing tests and write new ones for edge cases (nulls, timeouts, high load). 3. Ensure 100% coverage. 4. Report any regressions or performance bottlenecks."
Swagger Docs: PredictiveDialer,Task,Psitrix Psynq,Feature: Predictive Dialer,Low,New,2026-04-06,2026-04-07,Developer,4h,"Backend,Docs",v1.0.0-MVP,3,Low,Specs defined,Code implemented & tested,Tests passing; No mocks,Functional requirement met,,Revert commit,"**File:** `packages/backend/src/modules/dialer/predictive/predictivedialer.controller.ts`
**Requirements:**
- Add @ApiOperation
- Add @ApiResponse
- Add @ApiProperty to DTOs",0,Developer,Act as a Senior Full-Stack Developer. Your goal is to implement 'Swagger Docs: PredictiveDialer'. 1. Follow Hexagonal Architecture (Domain -> Ports -> Adapters). 2. Use NestJS/React best practices. 3. Ensure all code is strictly typed. 4. NO MOCKS: Use real DB/API connections unless it's a unit test. 5. Update Swagger/Storybook documentation.
DB Migration: PredictiveDialer,Task,Psitrix Psynq,Feature: Predictive Dialer,High,New,2026-04-05,2026-04-06,Developer,4h,"Backend,Database",v1.0.0-MVP,3,Low,Specs defined,Code implemented & tested,Tests passing; No mocks,Functional requirement met,,Revert commit,"**File:** `packages/backend/src/migrations/CreatePredictiveDialerTable.ts`
**Requirements:**
- Up method (create table)
- Down method (drop table)
- Indexes and constraints",0,Developer,Act as a Senior Full-Stack Developer. Your goal is to implement 'DB Migration: PredictiveDialer'. 1. Follow Hexagonal Architecture (Domain -> Ports -> Adapters). 2. Use NestJS/React best practices. 3. Ensure all code is strictly typed. 4. NO MOCKS: Use real DB/API connections unless it's a unit test. 5. Update Swagger/Storybook documentation.
Seed Data: PredictiveDialer,Task,Psitrix Psynq,Feature: Predictive Dialer,Low,New,2026-04-07,2026-04-08,Developer,4h,"Backend,Database",v1.0.0-MVP,3,Low,Specs defined,Code implemented & tested,Tests passing; No mocks,Functional requirement met,,Revert commit,"**File:** `packages/backend/src/seeds/predictivedialer.seed.ts`
**Requirements:**
- Create default/test data
- Handle relationships",0,Developer,Act as a Senior Full-Stack Developer. Your goal is to implement 'Seed Data: PredictiveDialer'. 1. Follow Hexagonal Architecture (Domain -> Ports -> Adapters). 2. Use NestJS/React best practices. 3. Ensure all code is strictly typed. 4. NO MOCKS: Use real DB/API connections unless it's a unit test. 5. Update Swagger/Storybook documentation.
Phase: Frontend Applications,Phase,Psitrix Psynq,,High,New,2026-03-01,2026-05-30,Tech Lead,,,v1.0.0-MVP,,Low,Specs defined,Code implemented & tested,Tests passing; No mocks,Functional requirement met,,Revert commit,Web Apps,0,Developer,
Epic: Agent Desktop,Epic,Psitrix Psynq,Phase: Frontend Applications,High,New,2026-03-01,2026-04-30,Tech Lead,,,v1.0.0-MVP,,Low,Specs defined,Code implemented & tested,Tests passing; No mocks,Functional requirement met,,Revert commit,Agent UI,0,Developer,
Feature: WebRTC Softphone,Feature,Psitrix Psynq,Epic: Agent Desktop,High,New,2026-03-01,2026-03-21,Developer,,,v1.0.0-MVP,,Low,Specs defined,Code implemented & tested,Tests passing; No mocks,Functional requirement met,,Revert commit,Dialpad & Call Controls,0,Product Owner / Architect,"Act as a Solution Architect. Define the technical specifications and sub-tasks for 'Feature: WebRTC Softphone'. Ensure alignment with the CCaaS platform goals (reliability, scalability, low latency)."
Build Component: Dialpad,Task,Psitrix Psynq,Feature: WebRTC Softphone,High,New,2026-03-01,2026-03-03,Developer,4h,"Frontend,UI",v1.0.0-MVP,3,Low,Specs defined,Code implemented & tested,Tests passing; No mocks,Functional requirement met,,Revert commit,"**File:** `packages/web/src/components/softphone/Dialpad.tsx`
**Props Interface:** `DialpadProps`
**Requirements:**
- Functional component with Hooks
- Tailwind CSS styling
- Responsive design
- Accessibility (ARIA)",0,Developer,Act as a Senior Full-Stack Developer. Your goal is to implement 'Build Component: Dialpad'. 1. Follow Hexagonal Architecture (Domain -> Ports -> Adapters). 2. Use NestJS/React best practices. 3. Ensure all code is strictly typed. 4. NO MOCKS: Use real DB/API connections unless it's a unit test. 5. Update Swagger/Storybook documentation.
Implement Logic: Dialpad,Task,Psitrix Psynq,Feature: WebRTC Softphone,Normal,New,2026-03-02,2026-03-04,Developer,4h,"Frontend,Logic",v1.0.0-MVP,3,Low,Specs defined,Code implemented & tested,Tests passing; No mocks,Functional requirement met,,Revert commit,"**File:** `packages/web/src/components/softphone/useDialpad.ts` (Custom Hook)
**Requirements:**
- Handle API calls (React Query)
- Form validation (Zod/React Hook Form)
- State management (Zustand if needed)",0,Developer,Act as a Senior Full-Stack Developer. Your goal is to implement 'Implement Logic: Dialpad'. 1. Follow Hexagonal Architecture (Domain -> Ports -> Adapters). 2. Use NestJS/React best practices. 3. Ensure all code is strictly typed. 4. NO MOCKS: Use real DB/API connections unless it's a unit test. 5. Update Swagger/Storybook documentation.
Test Component: Dialpad,Task,Psitrix Psynq,Feature: WebRTC Softphone,Normal,New,2026-03-03,2026-03-05,Developer,4h,"Frontend,Testing",v1.0.0-MVP,3,Low,Specs defined,Code implemented & tested,Tests passing; No mocks,Functional requirement met,,Revert commit,"**File:** `packages/web/src/components/softphone/Dialpad.test.tsx`
**Requirements:**
- Render testing (React Testing Library)
- User interaction simulation
- Mock API calls (MSW)",0,QA Engineer,"Act as a Senior QA Engineer. Your goal is to verify the implementation of 'Test Component: Dialpad'. 1. Review the code in the specified file paths. 2. Execute existing tests and write new ones for edge cases (nulls, timeouts, high load). 3. Ensure 100% coverage. 4. Report any regressions or performance bottlenecks."
Storybook: Dialpad,Task,Psitrix Psynq,Feature: WebRTC Softphone,Low,New,2026-03-04,2026-03-05,Developer,4h,"Frontend,Docs",v1.0.0-MVP,3,Low,Specs defined,Code implemented & tested,Tests passing; No mocks,Functional requirement met,,Revert commit,"**File:** `packages/web/src/components/softphone/Dialpad.stories.tsx`
**Requirements:**
- Default state
- Loading state
- Error state
- Empty state",0,Developer,Act as a Senior Full-Stack Developer. Your goal is to implement 'Storybook: Dialpad'. 1. Follow Hexagonal Architecture (Domain -> Ports -> Adapters). 2. Use NestJS/React best practices. 3. Ensure all code is strictly typed. 4. NO MOCKS: Use real DB/API connections unless it's a unit test. 5. Update Swagger/Storybook documentation.
Responsive Check: Dialpad,Task,Psitrix Psynq,Feature: WebRTC Softphone,Normal,New,2026-03-05,2026-03-06,Developer,4h,"Frontend,UI",v1.0.0-MVP,3,Low,Specs defined,Code implemented & tested,Tests passing; No mocks,Functional requirement met,,Revert commit,"**Checklist:**
- Mobile view (320px)
- Tablet view (768px)
- Desktop view (1024px+)
- Flex/Grid behavior",0,Developer,Act as a Senior Full-Stack Developer. Your goal is to implement 'Responsive Check: Dialpad'. 1. Follow Hexagonal Architecture (Domain -> Ports -> Adapters). 2. Use NestJS/React best practices. 3. Ensure all code is strictly typed. 4. NO MOCKS: Use real DB/API connections unless it's a unit test. 5. Update Swagger/Storybook documentation.
a11y Audit: Dialpad,Task,Psitrix Psynq,Feature: WebRTC Softphone,Normal,New,2026-03-05,2026-03-06,Developer,4h,"Frontend,UI",v1.0.0-MVP,3,Low,Specs defined,Code implemented & tested,Tests passing; No mocks,Functional requirement met,,Revert commit,"**Checklist:**
- Keyboard navigation
- Screen reader support
- Color contrast
- ARIA labels",0,QA Engineer,"Act as a Senior QA Engineer. Your goal is to verify the implementation of 'a11y Audit: Dialpad'. 1. Review the code in the specified file paths. 2. Execute existing tests and write new ones for edge cases (nulls, timeouts, high load). 3. Ensure 100% coverage. 4. Report any regressions or performance bottlenecks."
i18n Support: Dialpad,Task,Psitrix Psynq,Feature: WebRTC Softphone,Low,New,2026-03-03,2026-03-04,Developer,4h,"Frontend,i18n",v1.0.0-MVP,3,Low,Specs defined,Code implemented & tested,Tests passing; No mocks,Functional requirement met,,Revert commit,"**File:** `packages/web/src/locales/en/dialpad.json`
**Requirements:**
- Extract all strings
- Add translation keys
- Support RTL if needed",0,Developer,Act as a Senior Full-Stack Developer. Your goal is to implement 'i18n Support: Dialpad'. 1. Follow Hexagonal Architecture (Domain -> Ports -> Adapters). 2. Use NestJS/React best practices. 3. Ensure all code is strictly typed. 4. NO MOCKS: Use real DB/API connections unless it's a unit test. 5. Update Swagger/Storybook documentation.
Error Boundary: Dialpad,Task,Psitrix Psynq,Feature: WebRTC Softphone,Low,New,2026-03-04,2026-03-05,Developer,4h,"Frontend,Logic",v1.0.0-MVP,3,Low,Specs defined,Code implemented & tested,Tests passing; No mocks,Functional requirement met,,Revert commit,"**Requirements:**
- Graceful error fallback
- Retry mechanism
- Error logging",0,Developer,Act as a Senior Full-Stack Developer. Your goal is to implement 'Error Boundary: Dialpad'. 1. Follow Hexagonal Architecture (Domain -> Ports -> Adapters). 2. Use NestJS/React best practices. 3. Ensure all code is strictly typed. 4. NO MOCKS: Use real DB/API connections unless it's a unit test. 5. Update Swagger/Storybook documentation.
Build Component: ActiveCall,Task,Psitrix Psynq,Feature: WebRTC Softphone,High,New,2026-03-01,2026-03-03,Developer,4h,"Frontend,UI",v1.0.0-MVP,3,Low,Specs defined,Code implemented & tested,Tests passing; No mocks,Functional requirement met,,Revert commit,"**File:** `packages/web/src/components/softphone/ActiveCall.tsx`
**Props Interface:** `ActiveCallProps`
**Requirements:**
- Functional component with Hooks
- Tailwind CSS styling
- Responsive design
- Accessibility (ARIA)",0,Developer,Act as a Senior Full-Stack Developer. Your goal is to implement 'Build Component: ActiveCall'. 1. Follow Hexagonal Architecture (Domain -> Ports -> Adapters). 2. Use NestJS/React best practices. 3. Ensure all code is strictly typed. 4. NO MOCKS: Use real DB/API connections unless it's a unit test. 5. Update Swagger/Storybook documentation.
Implement Logic: ActiveCall,Task,Psitrix Psynq,Feature: WebRTC Softphone,Normal,New,2026-03-02,2026-03-04,Developer,4h,"Frontend,Logic",v1.0.0-MVP,3,Low,Specs defined,Code implemented & tested,Tests passing; No mocks,Functional requirement met,,Revert commit,"**File:** `packages/web/src/components/softphone/useActiveCall.ts` (Custom Hook)
**Requirements:**
- Handle API calls (React Query)
- Form validation (Zod/React Hook Form)
- State management (Zustand if needed)",0,Developer,Act as a Senior Full-Stack Developer. Your goal is to implement 'Implement Logic: ActiveCall'. 1. Follow Hexagonal Architecture (Domain -> Ports -> Adapters). 2. Use NestJS/React best practices. 3. Ensure all code is strictly typed. 4. NO MOCKS: Use real DB/API connections unless it's a unit test. 5. Update Swagger/Storybook documentation.
Test Component: ActiveCall,Task,Psitrix Psynq,Feature: WebRTC Softphone,Normal,New,2026-03-03,2026-03-05,Developer,4h,"Frontend,Testing",v1.0.0-MVP,3,Low,Specs defined,Code implemented & tested,Tests passing; No mocks,Functional requirement met,,Revert commit,"**File:** `packages/web/src/components/softphone/ActiveCall.test.tsx`
**Requirements:**
- Render testing (React Testing Library)
- User interaction simulation
- Mock API calls (MSW)",0,QA Engineer,"Act as a Senior QA Engineer. Your goal is to verify the implementation of 'Test Component: ActiveCall'. 1. Review the code in the specified file paths. 2. Execute existing tests and write new ones for edge cases (nulls, timeouts, high load). 3. Ensure 100% coverage. 4. Report any regressions or performance bottlenecks."
Storybook: ActiveCall,Task,Psitrix Psynq,Feature: WebRTC Softphone,Low,New,2026-03-04,2026-03-05,Developer,4h,"Frontend,Docs",v1.0.0-MVP,3,Low,Specs defined,Code implemented & tested,Tests passing; No mocks,Functional requirement met,,Revert commit,"**File:** `packages/web/src/components/softphone/ActiveCall.stories.tsx`
**Requirements:**
- Default state
- Loading state
- Error state
- Empty state",0,Developer,Act as a Senior Full-Stack Developer. Your goal is to implement 'Storybook: ActiveCall'. 1. Follow Hexagonal Architecture (Domain -> Ports -> Adapters). 2. Use NestJS/React best practices. 3. Ensure all code is strictly typed. 4. NO MOCKS: Use real DB/API connections unless it's a unit test. 5. Update Swagger/Storybook documentation.
Responsive Check: ActiveCall,Task,Psitrix Psynq,Feature: WebRTC Softphone,Normal,New,2026-03-05,2026-03-06,Developer,4h,"Frontend,UI",v1.0.0-MVP,3,Low,Specs defined,Code implemented & tested,Tests passing; No mocks,Functional requirement met,,Revert commit,"**Checklist:**
- Mobile view (320px)
- Tablet view (768px)
- Desktop view (1024px+)
- Flex/Grid behavior",0,Developer,Act as a Senior Full-Stack Developer. Your goal is to implement 'Responsive Check: ActiveCall'. 1. Follow Hexagonal Architecture (Domain -> Ports -> Adapters). 2. Use NestJS/React best practices. 3. Ensure all code is strictly typed. 4. NO MOCKS: Use real DB/API connections unless it's a unit test. 5. Update Swagger/Storybook documentation.
a11y Audit: ActiveCall,Task,Psitrix Psynq,Feature: WebRTC Softphone,Normal,New,2026-03-05,2026-03-06,Developer,4h,"Frontend,UI",v1.0.0-MVP,3,Low,Specs defined,Code implemented & tested,Tests passing; No mocks,Functional requirement met,,Revert commit,"**Checklist:**
- Keyboard navigation
- Screen reader support
- Color contrast
- ARIA labels",0,QA Engineer,"Act as a Senior QA Engineer. Your goal is to verify the implementation of 'a11y Audit: ActiveCall'. 1. Review the code in the specified file paths. 2. Execute existing tests and write new ones for edge cases (nulls, timeouts, high load). 3. Ensure 100% coverage. 4. Report any regressions or performance bottlenecks."
i18n Support: ActiveCall,Task,Psitrix Psynq,Feature: WebRTC Softphone,Low,New,2026-03-03,2026-03-04,Developer,4h,"Frontend,i18n",v1.0.0-MVP,3,Low,Specs defined,Code implemented & tested,Tests passing; No mocks,Functional requirement met,,Revert commit,"**File:** `packages/web/src/locales/en/activecall.json`
**Requirements:**
- Extract all strings
- Add translation keys
- Support RTL if needed",0,Developer,Act as a Senior Full-Stack Developer. Your goal is to implement 'i18n Support: ActiveCall'. 1. Follow Hexagonal Architecture (Domain -> Ports -> Adapters). 2. Use NestJS/React best practices. 3. Ensure all code is strictly typed. 4. NO MOCKS: Use real DB/API connections unless it's a unit test. 5. Update Swagger/Storybook documentation.
Error Boundary: ActiveCall,Task,Psitrix Psynq,Feature: WebRTC Softphone,Low,New,2026-03-04,2026-03-05,Developer,4h,"Frontend,Logic",v1.0.0-MVP,3,Low,Specs defined,Code implemented & tested,Tests passing; No mocks,Functional requirement met,,Revert commit,"**Requirements:**
- Graceful error fallback
- Retry mechanism
- Error logging",0,Developer,Act as a Senior Full-Stack Developer. Your goal is to implement 'Error Boundary: ActiveCall'. 1. Follow Hexagonal Architecture (Domain -> Ports -> Adapters). 2. Use NestJS/React best practices. 3. Ensure all code is strictly typed. 4. NO MOCKS: Use real DB/API connections unless it's a unit test. 5. Update Swagger/Storybook documentation.
Build Component: IncomingCallModal,Task,Psitrix Psynq,Feature: WebRTC Softphone,High,New,2026-03-01,2026-03-03,Developer,4h,"Frontend,UI",v1.0.0-MVP,3,Low,Specs defined,Code implemented & tested,Tests passing; No mocks,Functional requirement met,,Revert commit,"**File:** `packages/web/src/components/softphone/IncomingCallModal.tsx`
**Props Interface:** `IncomingCallModalProps`
**Requirements:**
- Functional component with Hooks
- Tailwind CSS styling
- Responsive design
- Accessibility (ARIA)",0,Developer,Act as a Senior Full-Stack Developer. Your goal is to implement 'Build Component: IncomingCallModal'. 1. Follow Hexagonal Architecture (Domain -> Ports -> Adapters). 2. Use NestJS/React best practices. 3. Ensure all code is strictly typed. 4. NO MOCKS: Use real DB/API connections unless it's a unit test. 5. Update Swagger/Storybook documentation.
Implement Logic: IncomingCallModal,Task,Psitrix Psynq,Feature: WebRTC Softphone,Normal,New,2026-03-02,2026-03-04,Developer,4h,"Frontend,Logic",v1.0.0-MVP,3,Low,Specs defined,Code implemented & tested,Tests passing; No mocks,Functional requirement met,,Revert commit,"**File:** `packages/web/src/components/softphone/useIncomingCallModal.ts` (Custom Hook)
**Requirements:**
- Handle API calls (React Query)
- Form validation (Zod/React Hook Form)
- State management (Zustand if needed)",0,Developer,Act as a Senior Full-Stack Developer. Your goal is to implement 'Implement Logic: IncomingCallModal'. 1. Follow Hexagonal Architecture (Domain -> Ports -> Adapters). 2. Use NestJS/React best practices. 3. Ensure all code is strictly typed. 4. NO MOCKS: Use real DB/API connections unless it's a unit test. 5. Update Swagger/Storybook documentation.
Test Component: IncomingCallModal,Task,Psitrix Psynq,Feature: WebRTC Softphone,Normal,New,2026-03-03,2026-03-05,Developer,4h,"Frontend,Testing",v1.0.0-MVP,3,Low,Specs defined,Code implemented & tested,Tests passing; No mocks,Functional requirement met,,Revert commit,"**File:** `packages/web/src/components/softphone/IncomingCallModal.test.tsx`
**Requirements:**
- Render testing (React Testing Library)
- User interaction simulation
- Mock API calls (MSW)",0,QA Engineer,"Act as a Senior QA Engineer. Your goal is to verify the implementation of 'Test Component: IncomingCallModal'. 1. Review the code in the specified file paths. 2. Execute existing tests and write new ones for edge cases (nulls, timeouts, high load). 3. Ensure 100% coverage. 4. Report any regressions or performance bottlenecks."
Storybook: IncomingCallModal,Task,Psitrix Psynq,Feature: WebRTC Softphone,Low,New,2026-03-04,2026-03-05,Developer,4h,"Frontend,Docs",v1.0.0-MVP,3,Low,Specs defined,Code implemented & tested,Tests passing; No mocks,Functional requirement met,,Revert commit,"**File:** `packages/web/src/components/softphone/IncomingCallModal.stories.tsx`
**Requirements:**
- Default state
- Loading state
- Error state
- Empty state",0,Developer,Act as a Senior Full-Stack Developer. Your goal is to implement 'Storybook: IncomingCallModal'. 1. Follow Hexagonal Architecture (Domain -> Ports -> Adapters). 2. Use NestJS/React best practices. 3. Ensure all code is strictly typed. 4. NO MOCKS: Use real DB/API connections unless it's a unit test. 5. Update Swagger/Storybook documentation.
Responsive Check: IncomingCallModal,Task,Psitrix Psynq,Feature: WebRTC Softphone,Normal,New,2026-03-05,2026-03-06,Developer,4h,"Frontend,UI",v1.0.0-MVP,3,Low,Specs defined,Code implemented & tested,Tests passing; No mocks,Functional requirement met,,Revert commit,"**Checklist:**
- Mobile view (320px)
- Tablet view (768px)
- Desktop view (1024px+)
- Flex/Grid behavior",0,Developer,Act as a Senior Full-Stack Developer. Your goal is to implement 'Responsive Check: IncomingCallModal'. 1. Follow Hexagonal Architecture (Domain -> Ports -> Adapters). 2. Use NestJS/React best practices. 3. Ensure all code is strictly typed. 4. NO MOCKS: Use real DB/API connections unless it's a unit test. 5. Update Swagger/Storybook documentation.
a11y Audit: IncomingCallModal,Task,Psitrix Psynq,Feature: WebRTC Softphone,Normal,New,2026-03-05,2026-03-06,Developer,4h,"Frontend,UI",v1.0.0-MVP,3,Low,Specs defined,Code implemented & tested,Tests passing; No mocks,Functional requirement met,,Revert commit,"**Checklist:**
- Keyboard navigation
- Screen reader support
- Color contrast
- ARIA labels",0,QA Engineer,"Act as a Senior QA Engineer. Your goal is to verify the implementation of 'a11y Audit: IncomingCallModal'. 1. Review the code in the specified file paths. 2. Execute existing tests and write new ones for edge cases (nulls, timeouts, high load). 3. Ensure 100% coverage. 4. Report any regressions or performance bottlenecks."
i18n Support: IncomingCallModal,Task,Psitrix Psynq,Feature: WebRTC Softphone,Low,New,2026-03-03,2026-03-04,Developer,4h,"Frontend,i18n",v1.0.0-MVP,3,Low,Specs defined,Code implemented & tested,Tests passing; No mocks,Functional requirement met,,Revert commit,"**File:** `packages/web/src/locales/en/incomingcallmodal.json`
**Requirements:**
- Extract all strings
- Add translation keys
- Support RTL if needed",0,Developer,Act as a Senior Full-Stack Developer. Your goal is to implement 'i18n Support: IncomingCallModal'. 1. Follow Hexagonal Architecture (Domain -> Ports -> Adapters). 2. Use NestJS/React best practices. 3. Ensure all code is strictly typed. 4. NO MOCKS: Use real DB/API connections unless it's a unit test. 5. Update Swagger/Storybook documentation.
Error Boundary: IncomingCallModal,Task,Psitrix Psynq,Feature: WebRTC Softphone,Low,New,2026-03-04,2026-03-05,Developer,4h,"Frontend,Logic",v1.0.0-MVP,3,Low,Specs defined,Code implemented & tested,Tests passing; No mocks,Functional requirement met,,Revert commit,"**Requirements:**
- Graceful error fallback
- Retry mechanism
- Error logging",0,Developer,Act as a Senior Full-Stack Developer. Your goal is to implement 'Error Boundary: IncomingCallModal'. 1. Follow Hexagonal Architecture (Domain -> Ports -> Adapters). 2. Use NestJS/React best practices. 3. Ensure all code is strictly typed. 4. NO MOCKS: Use real DB/API connections unless it's a unit test. 5. Update Swagger/Storybook documentation.
Feature: Agent Status,Feature,Psitrix Psynq,Epic: Agent Desktop,High,New,2026-03-01,2026-03-11,Developer,,,v1.0.0-MVP,,Low,Specs defined,Code implemented & tested,Tests passing; No mocks,Functional requirement met,,Revert commit,Status Controls,0,Product Owner / Architect,"Act as a Solution Architect. Define the technical specifications and sub-tasks for 'Feature: Agent Status'. Ensure alignment with the CCaaS platform goals (reliability, scalability, low latency)."
Build Component: StatusSelector,Task,Psitrix Psynq,Feature: Agent Status,High,New,2026-03-01,2026-03-03,Developer,4h,"Frontend,UI",v1.0.0-MVP,3,Low,Specs defined,Code implemented & tested,Tests passing; No mocks,Functional requirement met,,Revert commit,"**File:** `packages/web/src/components/agent/StatusSelector.tsx`
**Props Interface:** `StatusSelectorProps`
**Requirements:**
- Functional component with Hooks
- Tailwind CSS styling
- Responsive design
- Accessibility (ARIA)",0,Developer,Act as a Senior Full-Stack Developer. Your goal is to implement 'Build Component: StatusSelector'. 1. Follow Hexagonal Architecture (Domain -> Ports -> Adapters). 2. Use NestJS/React best practices. 3. Ensure all code is strictly typed. 4. NO MOCKS: Use real DB/API connections unless it's a unit test. 5. Update Swagger/Storybook documentation.
Implement Logic: StatusSelector,Task,Psitrix Psynq,Feature: Agent Status,Normal,New,2026-03-02,2026-03-04,Developer,4h,"Frontend,Logic",v1.0.0-MVP,3,Low,Specs defined,Code implemented & tested,Tests passing; No mocks,Functional requirement met,,Revert commit,"**File:** `packages/web/src/components/agent/useStatusSelector.ts` (Custom Hook)
**Requirements:**
- Handle API calls (React Query)
- Form validation (Zod/React Hook Form)
- State management (Zustand if needed)",0,Developer,Act as a Senior Full-Stack Developer. Your goal is to implement 'Implement Logic: StatusSelector'. 1. Follow Hexagonal Architecture (Domain -> Ports -> Adapters). 2. Use NestJS/React best practices. 3. Ensure all code is strictly typed. 4. NO MOCKS: Use real DB/API connections unless it's a unit test. 5. Update Swagger/Storybook documentation.
Test Component: StatusSelector,Task,Psitrix Psynq,Feature: Agent Status,Normal,New,2026-03-03,2026-03-05,Developer,4h,"Frontend,Testing",v1.0.0-MVP,3,Low,Specs defined,Code implemented & tested,Tests passing; No mocks,Functional requirement met,,Revert commit,"**File:** `packages/web/src/components/agent/StatusSelector.test.tsx`
**Requirements:**
- Render testing (React Testing Library)
- User interaction simulation
- Mock API calls (MSW)",0,QA Engineer,"Act as a Senior QA Engineer. Your goal is to verify the implementation of 'Test Component: StatusSelector'. 1. Review the code in the specified file paths. 2. Execute existing tests and write new ones for edge cases (nulls, timeouts, high load). 3. Ensure 100% coverage. 4. Report any regressions or performance bottlenecks."
Storybook: StatusSelector,Task,Psitrix Psynq,Feature: Agent Status,Low,New,2026-03-04,2026-03-05,Developer,4h,"Frontend,Docs",v1.0.0-MVP,3,Low,Specs defined,Code implemented & tested,Tests passing; No mocks,Functional requirement met,,Revert commit,"**File:** `packages/web/src/components/agent/StatusSelector.stories.tsx`
**Requirements:**
- Default state
- Loading state
- Error state
- Empty state",0,Developer,Act as a Senior Full-Stack Developer. Your goal is to implement 'Storybook: StatusSelector'. 1. Follow Hexagonal Architecture (Domain -> Ports -> Adapters). 2. Use NestJS/React best practices. 3. Ensure all code is strictly typed. 4. NO MOCKS: Use real DB/API connections unless it's a unit test. 5. Update Swagger/Storybook documentation.
Responsive Check: StatusSelector,Task,Psitrix Psynq,Feature: Agent Status,Normal,New,2026-03-05,2026-03-06,Developer,4h,"Frontend,UI",v1.0.0-MVP,3,Low,Specs defined,Code implemented & tested,Tests passing; No mocks,Functional requirement met,,Revert commit,"**Checklist:**
- Mobile view (320px)
- Tablet view (768px)
- Desktop view (1024px+)
- Flex/Grid behavior",0,Developer,Act as a Senior Full-Stack Developer. Your goal is to implement 'Responsive Check: StatusSelector'. 1. Follow Hexagonal Architecture (Domain -> Ports -> Adapters). 2. Use NestJS/React best practices. 3. Ensure all code is strictly typed. 4. NO MOCKS: Use real DB/API connections unless it's a unit test. 5. Update Swagger/Storybook documentation.
a11y Audit: StatusSelector,Task,Psitrix Psynq,Feature: Agent Status,Normal,New,2026-03-05,2026-03-06,Developer,4h,"Frontend,UI",v1.0.0-MVP,3,Low,Specs defined,Code implemented & tested,Tests passing; No mocks,Functional requirement met,,Revert commit,"**Checklist:**
- Keyboard navigation
- Screen reader support
- Color contrast
- ARIA labels",0,QA Engineer,"Act as a Senior QA Engineer. Your goal is to verify the implementation of 'a11y Audit: StatusSelector'. 1. Review the code in the specified file paths. 2. Execute existing tests and write new ones for edge cases (nulls, timeouts, high load). 3. Ensure 100% coverage. 4. Report any regressions or performance bottlenecks."
i18n Support: StatusSelector,Task,Psitrix Psynq,Feature: Agent Status,Low,New,2026-03-03,2026-03-04,Developer,4h,"Frontend,i18n",v1.0.0-MVP,3,Low,Specs defined,Code implemented & tested,Tests passing; No mocks,Functional requirement met,,Revert commit,"**File:** `packages/web/src/locales/en/statusselector.json`
**Requirements:**
- Extract all strings
- Add translation keys
- Support RTL if needed",0,Developer,Act as a Senior Full-Stack Developer. Your goal is to implement 'i18n Support: StatusSelector'. 1. Follow Hexagonal Architecture (Domain -> Ports -> Adapters). 2. Use NestJS/React best practices. 3. Ensure all code is strictly typed. 4. NO MOCKS: Use real DB/API connections unless it's a unit test. 5. Update Swagger/Storybook documentation.
Error Boundary: StatusSelector,Task,Psitrix Psynq,Feature: Agent Status,Low,New,2026-03-04,2026-03-05,Developer,4h,"Frontend,Logic",v1.0.0-MVP,3,Low,Specs defined,Code implemented & tested,Tests passing; No mocks,Functional requirement met,,Revert commit,"**Requirements:**
- Graceful error fallback
- Retry mechanism
- Error logging",0,Developer,Act as a Senior Full-Stack Developer. Your goal is to implement 'Error Boundary: StatusSelector'. 1. Follow Hexagonal Architecture (Domain -> Ports -> Adapters). 2. Use NestJS/React best practices. 3. Ensure all code is strictly typed. 4. NO MOCKS: Use real DB/API connections unless it's a unit test. 5. Update Swagger/Storybook documentation.
Build Component: BreakTimer,Task,Psitrix Psynq,Feature: Agent Status,High,New,2026-03-01,2026-03-03,Developer,4h,"Frontend,UI",v1.0.0-MVP,3,Low,Specs defined,Code implemented & tested,Tests passing; No mocks,Functional requirement met,,Revert commit,"**File:** `packages/web/src/components/agent/BreakTimer.tsx`
**Props Interface:** `BreakTimerProps`
**Requirements:**
- Functional component with Hooks
- Tailwind CSS styling
- Responsive design
- Accessibility (ARIA)",0,Developer,Act as a Senior Full-Stack Developer. Your goal is to implement 'Build Component: BreakTimer'. 1. Follow Hexagonal Architecture (Domain -> Ports -> Adapters). 2. Use NestJS/React best practices. 3. Ensure all code is strictly typed. 4. NO MOCKS: Use real DB/API connections unless it's a unit test. 5. Update Swagger/Storybook documentation.
Implement Logic: BreakTimer,Task,Psitrix Psynq,Feature: Agent Status,Normal,New,2026-03-02,2026-03-04,Developer,4h,"Frontend,Logic",v1.0.0-MVP,3,Low,Specs defined,Code implemented & tested,Tests passing; No mocks,Functional requirement met,,Revert commit,"**File:** `packages/web/src/components/agent/useBreakTimer.ts` (Custom Hook)
**Requirements:**
- Handle API calls (React Query)
- Form validation (Zod/React Hook Form)
- State management (Zustand if needed)",0,Developer,Act as a Senior Full-Stack Developer. Your goal is to implement 'Implement Logic: BreakTimer'. 1. Follow Hexagonal Architecture (Domain -> Ports -> Adapters). 2. Use NestJS/React best practices. 3. Ensure all code is strictly typed. 4. NO MOCKS: Use real DB/API connections unless it's a unit test. 5. Update Swagger/Storybook documentation.
Test Component: BreakTimer,Task,Psitrix Psynq,Feature: Agent Status,Normal,New,2026-03-03,2026-03-05,Developer,4h,"Frontend,Testing",v1.0.0-MVP,3,Low,Specs defined,Code implemented & tested,Tests passing; No mocks,Functional requirement met,,Revert commit,"**File:** `packages/web/src/components/agent/BreakTimer.test.tsx`
**Requirements:**
- Render testing (React Testing Library)
- User interaction simulation
- Mock API calls (MSW)",0,QA Engineer,"Act as a Senior QA Engineer. Your goal is to verify the implementation of 'Test Component: BreakTimer'. 1. Review the code in the specified file paths. 2. Execute existing tests and write new ones for edge cases (nulls, timeouts, high load). 3. Ensure 100% coverage. 4. Report any regressions or performance bottlenecks."
Storybook: BreakTimer,Task,Psitrix Psynq,Feature: Agent Status,Low,New,2026-03-04,2026-03-05,Developer,4h,"Frontend,Docs",v1.0.0-MVP,3,Low,Specs defined,Code implemented & tested,Tests passing; No mocks,Functional requirement met,,Revert commit,"**File:** `packages/web/src/components/agent/BreakTimer.stories.tsx`
**Requirements:**
- Default state
- Loading state
- Error state
- Empty state",0,Developer,Act as a Senior Full-Stack Developer. Your goal is to implement 'Storybook: BreakTimer'. 1. Follow Hexagonal Architecture (Domain -> Ports -> Adapters). 2. Use NestJS/React best practices. 3. Ensure all code is strictly typed. 4. NO MOCKS: Use real DB/API connections unless it's a unit test. 5. Update Swagger/Storybook documentation.
Responsive Check: BreakTimer,Task,Psitrix Psynq,Feature: Agent Status,Normal,New,2026-03-05,2026-03-06,Developer,4h,"Frontend,UI",v1.0.0-MVP,3,Low,Specs defined,Code implemented & tested,Tests passing; No mocks,Functional requirement met,,Revert commit,"**Checklist:**
- Mobile view (320px)
- Tablet view (768px)
- Desktop view (1024px+)
- Flex/Grid behavior",0,Developer,Act as a Senior Full-Stack Developer. Your goal is to implement 'Responsive Check: BreakTimer'. 1. Follow Hexagonal Architecture (Domain -> Ports -> Adapters). 2. Use NestJS/React best practices. 3. Ensure all code is strictly typed. 4. NO MOCKS: Use real DB/API connections unless it's a unit test. 5. Update Swagger/Storybook documentation.
a11y Audit: BreakTimer,Task,Psitrix Psynq,Feature: Agent Status,Normal,New,2026-03-05,2026-03-06,Developer,4h,"Frontend,UI",v1.0.0-MVP,3,Low,Specs defined,Code implemented & tested,Tests passing; No mocks,Functional requirement met,,Revert commit,"**Checklist:**
- Keyboard navigation
- Screen reader support
- Color contrast
- ARIA labels",0,QA Engineer,"Act as a Senior QA Engineer. Your goal is to verify the implementation of 'a11y Audit: BreakTimer'. 1. Review the code in the specified file paths. 2. Execute existing tests and write new ones for edge cases (nulls, timeouts, high load). 3. Ensure 100% coverage. 4. Report any regressions or performance bottlenecks."
i18n Support: BreakTimer,Task,Psitrix Psynq,Feature: Agent Status,Low,New,2026-03-03,2026-03-04,Developer,4h,"Frontend,i18n",v1.0.0-MVP,3,Low,Specs defined,Code implemented & tested,Tests passing; No mocks,Functional requirement met,,Revert commit,"**File:** `packages/web/src/locales/en/breaktimer.json`
**Requirements:**
- Extract all strings
- Add translation keys
- Support RTL if needed",0,Developer,Act as a Senior Full-Stack Developer. Your goal is to implement 'i18n Support: BreakTimer'. 1. Follow Hexagonal Architecture (Domain -> Ports -> Adapters). 2. Use NestJS/React best practices. 3. Ensure all code is strictly typed. 4. NO MOCKS: Use real DB/API connections unless it's a unit test. 5. Update Swagger/Storybook documentation.
Error Boundary: BreakTimer,Task,Psitrix Psynq,Feature: Agent Status,Low,New,2026-03-04,2026-03-05,Developer,4h,"Frontend,Logic",v1.0.0-MVP,3,Low,Specs defined,Code implemented & tested,Tests passing; No mocks,Functional requirement met,,Revert commit,"**Requirements:**
- Graceful error fallback
- Retry mechanism
- Error logging",0,Developer,Act as a Senior Full-Stack Developer. Your goal is to implement 'Error Boundary: BreakTimer'. 1. Follow Hexagonal Architecture (Domain -> Ports -> Adapters). 2. Use NestJS/React best practices. 3. Ensure all code is strictly typed. 4. NO MOCKS: Use real DB/API connections unless it's a unit test. 5. Update Swagger/Storybook documentation.
Phase: Mobile Companion App,Phase,Psitrix Psynq,,Normal,New,2026-04-15,2026-06-14,Tech Lead,,,v1.0.0-MVP,,Low,Specs defined,Code implemented & tested,Tests passing; No mocks,Functional requirement met,,Revert commit,React Native App for Supervisors/Agents,0,Developer,
Epic: Mobile Core & Scaffolding,Epic,Psitrix Psynq,Phase: Mobile Companion App,High,New,2026-04-15,2026-05-05,Tech Lead,,,v1.0.0-MVP,,Low,Specs defined,Code implemented & tested,Tests passing; No mocks,Functional requirement met,,Revert commit,React Native Setup,0,Developer,
Feature: Shared Core Integration,Feature,Psitrix Psynq,Epic: Mobile Core & Scaffolding,High,New,2026-04-15,2026-04-25,Developer,,,v1.0.0-MVP,,Low,Specs defined,Code implemented & tested,Tests passing; No mocks,Functional requirement met,,Revert commit,Monorepo logic sharing,0,Product Owner / Architect,"Act as a Solution Architect. Define the technical specifications and sub-tasks for 'Feature: Shared Core Integration'. Ensure alignment with the CCaaS platform goals (reliability, scalability, low latency)."
Build Component: SharedProvider,Task,Psitrix Psynq,Feature: Shared Core Integration,High,New,2026-04-15,2026-04-17,Developer,4h,"Frontend,UI",v1.0.0-MVP,3,Low,Specs defined,Code implemented & tested,Tests passing; No mocks,Functional requirement met,,Revert commit,"**File:** `packages/mobile/src/core/SharedProvider.tsx`
**Props Interface:** `SharedProviderProps`
**Requirements:**
- Functional component with Hooks
- Tailwind CSS styling
- Responsive design
- Accessibility (ARIA)",0,Developer,Act as a Senior Full-Stack Developer. Your goal is to implement 'Build Component: SharedProvider'. 1. Follow Hexagonal Architecture (Domain -> Ports -> Adapters). 2. Use NestJS/React best practices. 3. Ensure all code is strictly typed. 4. NO MOCKS: Use real DB/API connections unless it's a unit test. 5. Update Swagger/Storybook documentation.
Implement Logic: SharedProvider,Task,Psitrix Psynq,Feature: Shared Core Integration,Normal,New,2026-04-16,2026-04-18,Developer,4h,"Frontend,Logic",v1.0.0-MVP,3,Low,Specs defined,Code implemented & tested,Tests passing; No mocks,Functional requirement met,,Revert commit,"**File:** `packages/mobile/src/core/useSharedProvider.ts` (Custom Hook)
**Requirements:**
- Handle API calls (React Query)
- Form validation (Zod/React Hook Form)
- State management (Zustand if needed)",0,Developer,Act as a Senior Full-Stack Developer. Your goal is to implement 'Implement Logic: SharedProvider'. 1. Follow Hexagonal Architecture (Domain -> Ports -> Adapters). 2. Use NestJS/React best practices. 3. Ensure all code is strictly typed. 4. NO MOCKS: Use real DB/API connections unless it's a unit test. 5. Update Swagger/Storybook documentation.
Test Component: SharedProvider,Task,Psitrix Psynq,Feature: Shared Core Integration,Normal,New,2026-04-17,2026-04-19,Developer,4h,"Frontend,Testing",v1.0.0-MVP,3,Low,Specs defined,Code implemented & tested,Tests passing; No mocks,Functional requirement met,,Revert commit,"**File:** `packages/mobile/src/core/SharedProvider.test.tsx`
**Requirements:**
- Render testing (React Testing Library)
- User interaction simulation
- Mock API calls (MSW)",0,QA Engineer,"Act as a Senior QA Engineer. Your goal is to verify the implementation of 'Test Component: SharedProvider'. 1. Review the code in the specified file paths. 2. Execute existing tests and write new ones for edge cases (nulls, timeouts, high load). 3. Ensure 100% coverage. 4. Report any regressions or performance bottlenecks."
Storybook: SharedProvider,Task,Psitrix Psynq,Feature: Shared Core Integration,Low,New,2026-04-18,2026-04-19,Developer,4h,"Frontend,Docs",v1.0.0-MVP,3,Low,Specs defined,Code implemented & tested,Tests passing; No mocks,Functional requirement met,,Revert commit,"**File:** `packages/mobile/src/core/SharedProvider.stories.tsx`
**Requirements:**
- Default state
- Loading state
- Error state
- Empty state",0,Developer,Act as a Senior Full-Stack Developer. Your goal is to implement 'Storybook: SharedProvider'. 1. Follow Hexagonal Architecture (Domain -> Ports -> Adapters). 2. Use NestJS/React best practices. 3. Ensure all code is strictly typed. 4. NO MOCKS: Use real DB/API connections unless it's a unit test. 5. Update Swagger/Storybook documentation.
Responsive Check: SharedProvider,Task,Psitrix Psynq,Feature: Shared Core Integration,Normal,New,2026-04-19,2026-04-20,Developer,4h,"Frontend,UI",v1.0.0-MVP,3,Low,Specs defined,Code implemented & tested,Tests passing; No mocks,Functional requirement met,,Revert commit,"**Checklist:**
- Mobile view (320px)
- Tablet view (768px)
- Desktop view (1024px+)
- Flex/Grid behavior",0,Developer,Act as a Senior Full-Stack Developer. Your goal is to implement 'Responsive Check: SharedProvider'. 1. Follow Hexagonal Architecture (Domain -> Ports -> Adapters). 2. Use NestJS/React best practices. 3. Ensure all code is strictly typed. 4. NO MOCKS: Use real DB/API connections unless it's a unit test. 5. Update Swagger/Storybook documentation.
a11y Audit: SharedProvider,Task,Psitrix Psynq,Feature: Shared Core Integration,Normal,New,2026-04-19,2026-04-20,Developer,4h,"Frontend,UI",v1.0.0-MVP,3,Low,Specs defined,Code implemented & tested,Tests passing; No mocks,Functional requirement met,,Revert commit,"**Checklist:**
- Keyboard navigation
- Screen reader support
- Color contrast
- ARIA labels",0,QA Engineer,"Act as a Senior QA Engineer. Your goal is to verify the implementation of 'a11y Audit: SharedProvider'. 1. Review the code in the specified file paths. 2. Execute existing tests and write new ones for edge cases (nulls, timeouts, high load). 3. Ensure 100% coverage. 4. Report any regressions or performance bottlenecks."
i18n Support: SharedProvider,Task,Psitrix Psynq,Feature: Shared Core Integration,Low,New,2026-04-17,2026-04-18,Developer,4h,"Frontend,i18n",v1.0.0-MVP,3,Low,Specs defined,Code implemented & tested,Tests passing; No mocks,Functional requirement met,,Revert commit,"**File:** `packages/web/src/locales/en/sharedprovider.json`
**Requirements:**
- Extract all strings
- Add translation keys
- Support RTL if needed",0,Developer,Act as a Senior Full-Stack Developer. Your goal is to implement 'i18n Support: SharedProvider'. 1. Follow Hexagonal Architecture (Domain -> Ports -> Adapters). 2. Use NestJS/React best practices. 3. Ensure all code is strictly typed. 4. NO MOCKS: Use real DB/API connections unless it's a unit test. 5. Update Swagger/Storybook documentation.
Error Boundary: SharedProvider,Task,Psitrix Psynq,Feature: Shared Core Integration,Low,New,2026-04-18,2026-04-19,Developer,4h,"Frontend,Logic",v1.0.0-MVP,3,Low,Specs defined,Code implemented & tested,Tests passing; No mocks,Functional requirement met,,Revert commit,"**Requirements:**
- Graceful error fallback
- Retry mechanism
- Error logging",0,Developer,Act as a Senior Full-Stack Developer. Your goal is to implement 'Error Boundary: SharedProvider'. 1. Follow Hexagonal Architecture (Domain -> Ports -> Adapters). 2. Use NestJS/React best practices. 3. Ensure all code is strictly typed. 4. NO MOCKS: Use real DB/API connections unless it's a unit test. 5. Update Swagger/Storybook documentation.
Feature: Push Notifications,Feature,Psitrix Psynq,Epic: Mobile Core & Scaffolding,High,New,2026-04-20,2026-04-30,Developer,,,v1.0.0-MVP,,Low,Specs defined,Code implemented & tested,Tests passing; No mocks,Functional requirement met,,Revert commit,FCM/APNS Integration,0,Product Owner / Architect,"Act as a Solution Architect. Define the technical specifications and sub-tasks for 'Feature: Push Notifications'. Ensure alignment with the CCaaS platform goals (reliability, scalability, low latency)."
Configure Firebase for Android,Task,Psitrix Psynq,Feature: Push Notifications,High,New,2026-04-20,2026-04-22,Developer,4h,,v1.0.0-MVP,3,Low,Specs defined,Code implemented & tested,Tests passing; No mocks,Functional requirement met,,Revert commit,File: packages/mobile/android/app/google-services.json,0,Developer,Act as a Senior Full-Stack Developer. Your goal is to implement 'Configure Firebase for Android'. 1. Follow Hexagonal Architecture (Domain -> Ports -> Adapters). 2. Use NestJS/React best practices. 3. Ensure all code is strictly typed. 4. NO MOCKS: Use real DB/API connections unless it's a unit test. 5. Update Swagger/Storybook documentation.
Configure APNS for iOS,Task,Psitrix Psynq,Feature: Push Notifications,High,New,2026-04-20,2026-04-22,Developer,4h,,v1.0.0-MVP,3,Low,Specs defined,Code implemented & tested,Tests passing; No mocks,Functional requirement met,,Revert commit,File: packages/mobile/ios/AppDelegate.mm,0,Developer,Act as a Senior Full-Stack Developer. Your goal is to implement 'Configure APNS for iOS'. 1. Follow Hexagonal Architecture (Domain -> Ports -> Adapters). 2. Use NestJS/React best practices. 3. Ensure all code is strictly typed. 4. NO MOCKS: Use real DB/API connections unless it's a unit test. 5. Update Swagger/Storybook documentation.
Phase: Predictive Dialer & Algorithms,Phase,Psitrix Psynq,,High,New,2026-05-15,2026-06-29,Tech Lead,,,v1.0.0-MVP,,Low,Specs defined,Code implemented & tested,Tests passing; No mocks,Functional requirement met,,Revert commit,Advanced Dialing Logic,0,Developer,
Epic: Pacing Engine,Epic,Psitrix Psynq,Phase: Predictive Dialer & Algorithms,High,New,2026-05-15,2026-06-14,Tech Lead,,,v1.0.0-MVP,,Low,Specs defined,Code implemented & tested,Tests passing; No mocks,Functional requirement met,,Revert commit,Erlang-C based pacing,0,Developer,
Feature: Pacing Service,Feature,Psitrix Psynq,Epic: Pacing Engine,High,New,2026-05-15,2026-05-30,Developer,,,v1.0.0-MVP,,Low,Specs defined,Code implemented & tested,Tests passing; No mocks,Functional requirement met,,Revert commit,Real-time pacing calculation,0,Product Owner / Architect,"Act as a Solution Architect. Define the technical specifications and sub-tasks for 'Feature: Pacing Service'. Ensure alignment with the CCaaS platform goals (reliability, scalability, low latency)."
Define Entity: PacingEngine,Task,Psitrix Psynq,Feature: Pacing Service,High,New,2026-05-15,2026-05-17,Developer,4h,"Backend,Database",v1.0.0-MVP,3,Low,Specs defined,Code implemented & tested,Tests passing; No mocks,Functional requirement met,,Revert commit,"**File:** `packages/backend/src/modules/dialer/pacing/entities/pacingengine.entity.ts`
**Class:** `PacingEngine`
**Type:** TypeORM Entity
**Requirements:**
- Define columns with exact types (varchar, int, jsonb)
- Define relationships (OneToMany, ManyToOne)
- Add indexes for performance
- NO MOCKS: Use real DB connection",0,Developer,Act as a Senior Full-Stack Developer. Your goal is to implement 'Define Entity: PacingEngine'. 1. Follow Hexagonal Architecture (Domain -> Ports -> Adapters). 2. Use NestJS/React best practices. 3. Ensure all code is strictly typed. 4. NO MOCKS: Use real DB/API connections unless it's a unit test. 5. Update Swagger/Storybook documentation.
Create DTOs: PacingEngine,Task,Psitrix Psynq,Feature: Pacing Service,Normal,New,2026-05-15,2026-05-16,Developer,4h,"Backend,API",v1.0.0-MVP,3,Low,Specs defined,Code implemented & tested,Tests passing; No mocks,Functional requirement met,,Revert commit,"**File:** `packages/backend/src/modules/dialer/pacing/dto/create-pacingengine.dto.ts`
**File:** `packages/backend/src/modules/dialer/pacing/dto/update-pacingengine.dto.ts`
**Requirements:**
- Use class-validator decorators (@IsString, @IsInt)
- Use class-transformer
- Strict typing",0,Developer,Act as a Senior Full-Stack Developer. Your goal is to implement 'Create DTOs: PacingEngine'. 1. Follow Hexagonal Architecture (Domain -> Ports -> Adapters). 2. Use NestJS/React best practices. 3. Ensure all code is strictly typed. 4. NO MOCKS: Use real DB/API connections unless it's a unit test. 5. Update Swagger/Storybook documentation.
Implement Service: PacingEngineService,Task,Psitrix Psynq,Feature: Pacing Service,High,New,2026-05-16,2026-05-19,Developer,4h,Backend,v1.0.0-MVP,3,Low,Specs defined,Code implemented & tested,Tests passing; No mocks,Functional requirement met,,Revert commit,"**File:** `packages/backend/src/modules/dialer/pacing/pacingengine.service.ts`
**Class:** `PacingEngineService`
**Methods:**
- `create(dto)`
- `findAll(query)`
- `findOne(id)`
- `update(id, dto)`
- `remove(id)`
**Logic:** Business logic implementation. NO STUBS.",0,Developer,Act as a Senior Full-Stack Developer. Your goal is to implement 'Implement Service: PacingEngineService'. 1. Follow Hexagonal Architecture (Domain -> Ports -> Adapters). 2. Use NestJS/React best practices. 3. Ensure all code is strictly typed. 4. NO MOCKS: Use real DB/API connections unless it's a unit test. 5. Update Swagger/Storybook documentation.
Implement Controller: PacingEngineController,Task,Psitrix Psynq,Feature: Pacing Service,High,New,2026-05-17,2026-05-19,Developer,4h,"Backend,API",v1.0.0-MVP,3,Low,Specs defined,Code implemented & tested,Tests passing; No mocks,Functional requirement met,,Revert commit,"**File:** `packages/backend/src/modules/dialer/pacing/pacingengine.controller.ts`
**Class:** `PacingEngineController`
**Endpoints:**
- `POST /api/v1/pacingengines`
- `GET /api/v1/pacingengines`
- `GET /api/v1/pacingengines/:id`
- `PATCH /api/v1/pacingengines/:id`
- `DELETE /api/v1/pacingengines/:id`
**Requirements:** Swagger docs (@ApiTags), Auth guards",0,Developer,Act as a Senior Full-Stack Developer. Your goal is to implement 'Implement Controller: PacingEngineController'. 1. Follow Hexagonal Architecture (Domain -> Ports -> Adapters). 2. Use NestJS/React best practices. 3. Ensure all code is strictly typed. 4. NO MOCKS: Use real DB/API connections unless it's a unit test. 5. Update Swagger/Storybook documentation.
Unit Tests: PacingEngineService,Task,Psitrix Psynq,Feature: Pacing Service,Normal,New,2026-05-18,2026-05-20,Developer,4h,"Backend,Testing",v1.0.0-MVP,3,Low,Specs defined,Code implemented & tested,Tests passing; No mocks,Functional requirement met,,Revert commit,"**File:** `packages/backend/src/modules/dialer/pacing/pacingengine.service.spec.ts`
**Requirements:**
- 100% coverage for service methods
- Test success and error cases
- Mock repository only (unit test)",0,QA Engineer,"Act as a Senior QA Engineer. Your goal is to verify the implementation of 'Unit Tests: PacingEngineService'. 1. Review the code in the specified file paths. 2. Execute existing tests and write new ones for edge cases (nulls, timeouts, high load). 3. Ensure 100% coverage. 4. Report any regressions or performance bottlenecks."
Integration Tests: PacingEngine,Task,Psitrix Psynq,Feature: Pacing Service,Normal,New,2026-05-19,2026-05-21,Developer,4h,"Backend,Testing",v1.0.0-MVP,3,Low,Specs defined,Code implemented & tested,Tests passing; No mocks,Functional requirement met,,Revert commit,"**File:** `test/pacingengine.integration-spec.ts`
**Requirements:**
- Test database interactions
- Test service integration
- Test event emission",0,QA Engineer,"Act as a Senior QA Engineer. Your goal is to verify the implementation of 'Integration Tests: PacingEngine'. 1. Review the code in the specified file paths. 2. Execute existing tests and write new ones for edge cases (nulls, timeouts, high load). 3. Ensure 100% coverage. 4. Report any regressions or performance bottlenecks."
Swagger Docs: PacingEngine,Task,Psitrix Psynq,Feature: Pacing Service,Low,New,2026-05-16,2026-05-17,Developer,4h,"Backend,Docs",v1.0.0-MVP,3,Low,Specs defined,Code implemented & tested,Tests passing; No mocks,Functional requirement met,,Revert commit,"**File:** `packages/backend/src/modules/dialer/pacing/pacingengine.controller.ts`
**Requirements:**
- Add @ApiOperation
- Add @ApiResponse
- Add @ApiProperty to DTOs",0,Developer,Act as a Senior Full-Stack Developer. Your goal is to implement 'Swagger Docs: PacingEngine'. 1. Follow Hexagonal Architecture (Domain -> Ports -> Adapters). 2. Use NestJS/React best practices. 3. Ensure all code is strictly typed. 4. NO MOCKS: Use real DB/API connections unless it's a unit test. 5. Update Swagger/Storybook documentation.
DB Migration: PacingEngine,Task,Psitrix Psynq,Feature: Pacing Service,High,New,2026-05-15,2026-05-16,Developer,4h,"Backend,Database",v1.0.0-MVP,3,Low,Specs defined,Code implemented & tested,Tests passing; No mocks,Functional requirement met,,Revert commit,"**File:** `packages/backend/src/migrations/CreatePacingEngineTable.ts`
**Requirements:**
- Up method (create table)
- Down method (drop table)
- Indexes and constraints",0,Developer,Act as a Senior Full-Stack Developer. Your goal is to implement 'DB Migration: PacingEngine'. 1. Follow Hexagonal Architecture (Domain -> Ports -> Adapters). 2. Use NestJS/React best practices. 3. Ensure all code is strictly typed. 4. NO MOCKS: Use real DB/API connections unless it's a unit test. 5. Update Swagger/Storybook documentation.
Seed Data: PacingEngine,Task,Psitrix Psynq,Feature: Pacing Service,Low,New,2026-05-17,2026-05-18,Developer,4h,"Backend,Database",v1.0.0-MVP,3,Low,Specs defined,Code implemented & tested,Tests passing; No mocks,Functional requirement met,,Revert commit,"**File:** `packages/backend/src/seeds/pacingengine.seed.ts`
**Requirements:**
- Create default/test data
- Handle relationships",0,Developer,Act as a Senior Full-Stack Developer. Your goal is to implement 'Seed Data: PacingEngine'. 1. Follow Hexagonal Architecture (Domain -> Ports -> Adapters). 2. Use NestJS/React best practices. 3. Ensure all code is strictly typed. 4. NO MOCKS: Use real DB/API connections unless it's a unit test. 5. Update Swagger/Storybook documentation.
Phase: IVR & AI Integration,Phase,Psitrix Psynq,,High,New,2026-06-14,2026-08-13,Tech Lead,,,v1.0.0-MVP,,Low,Specs defined,Code implemented & tested,Tests passing; No mocks,Functional requirement met,,Revert commit,Voice AI & Visual IVR,0,Developer,
Epic: Speech-to-Text & Sentiment,Epic,Psitrix Psynq,Phase: IVR & AI Integration,High,New,2026-06-14,2026-07-14,Tech Lead,,,v1.0.0-MVP,,Low,Specs defined,Code implemented & tested,Tests passing; No mocks,Functional requirement met,,Revert commit,Real-time Transcription,0,Developer,
Feature: Whisper Integration,Feature,Psitrix Psynq,Epic: Speech-to-Text & Sentiment,High,New,2026-06-14,2026-06-29,Developer,,,v1.0.0-MVP,,Low,Specs defined,Code implemented & tested,Tests passing; No mocks,Functional requirement met,,Revert commit,OpenAI Whisper for transcription,0,Product Owner / Architect,"Act as a Solution Architect. Define the technical specifications and sub-tasks for 'Feature: Whisper Integration'. Ensure alignment with the CCaaS platform goals (reliability, scalability, low latency)."
Define Entity: TranscriptionService,Task,Psitrix Psynq,Feature: Whisper Integration,High,New,2026-06-14,2026-06-16,Developer,4h,"Backend,Database",v1.0.0-MVP,3,Low,Specs defined,Code implemented & tested,Tests passing; No mocks,Functional requirement met,,Revert commit,"**File:** `packages/backend/src/modules/ai/transcription/entities/transcriptionservice.entity.ts`
**Class:** `TranscriptionService`
**Type:** TypeORM Entity
**Requirements:**
- Define columns with exact types (varchar, int, jsonb)
- Define relationships (OneToMany, ManyToOne)
- Add indexes for performance
- NO MOCKS: Use real DB connection",0,Developer,Act as a Senior Full-Stack Developer. Your goal is to implement 'Define Entity: TranscriptionService'. 1. Follow Hexagonal Architecture (Domain -> Ports -> Adapters). 2. Use NestJS/React best practices. 3. Ensure all code is strictly typed. 4. NO MOCKS: Use real DB/API connections unless it's a unit test. 5. Update Swagger/Storybook documentation.
Create DTOs: TranscriptionService,Task,Psitrix Psynq,Feature: Whisper Integration,Normal,New,2026-06-14,2026-06-15,Developer,4h,"Backend,API",v1.0.0-MVP,3,Low,Specs defined,Code implemented & tested,Tests passing; No mocks,Functional requirement met,,Revert commit,"**File:** `packages/backend/src/modules/ai/transcription/dto/create-transcriptionservice.dto.ts`
**File:** `packages/backend/src/modules/ai/transcription/dto/update-transcriptionservice.dto.ts`
**Requirements:**
- Use class-validator decorators (@IsString, @IsInt)
- Use class-transformer
- Strict typing",0,Developer,Act as a Senior Full-Stack Developer. Your goal is to implement 'Create DTOs: TranscriptionService'. 1. Follow Hexagonal Architecture (Domain -> Ports -> Adapters). 2. Use NestJS/React best practices. 3. Ensure all code is strictly typed. 4. NO MOCKS: Use real DB/API connections unless it's a unit test. 5. Update Swagger/Storybook documentation.
Implement Service: TranscriptionServiceService,Task,Psitrix Psynq,Feature: Whisper Integration,High,New,2026-06-15,2026-06-18,Developer,4h,Backend,v1.0.0-MVP,3,Low,Specs defined,Code implemented & tested,Tests passing; No mocks,Functional requirement met,,Revert commit,"**File:** `packages/backend/src/modules/ai/transcription/transcriptionservice.service.ts`
**Class:** `TranscriptionServiceService`
**Methods:**
- `create(dto)`
- `findAll(query)`
- `findOne(id)`
- `update(id, dto)`
- `remove(id)`
**Logic:** Business logic implementation. NO STUBS.",0,Developer,Act as a Senior Full-Stack Developer. Your goal is to implement 'Implement Service: TranscriptionServiceService'. 1. Follow Hexagonal Architecture (Domain -> Ports -> Adapters). 2. Use NestJS/React best practices. 3. Ensure all code is strictly typed. 4. NO MOCKS: Use real DB/API connections unless it's a unit test. 5. Update Swagger/Storybook documentation.
Implement Controller: TranscriptionServiceController,Task,Psitrix Psynq,Feature: Whisper Integration,High,New,2026-06-16,2026-06-18,Developer,4h,"Backend,API",v1.0.0-MVP,3,Low,Specs defined,Code implemented & tested,Tests passing; No mocks,Functional requirement met,,Revert commit,"**File:** `packages/backend/src/modules/ai/transcription/transcriptionservice.controller.ts`
**Class:** `TranscriptionServiceController`
**Endpoints:**
- `POST /api/v1/transcriptionservices`
- `GET /api/v1/transcriptionservices`
- `GET /api/v1/transcriptionservices/:id`
- `PATCH /api/v1/transcriptionservices/:id`
- `DELETE /api/v1/transcriptionservices/:id`
**Requirements:** Swagger docs (@ApiTags), Auth guards",0,Developer,Act as a Senior Full-Stack Developer. Your goal is to implement 'Implement Controller: TranscriptionServiceController'. 1. Follow Hexagonal Architecture (Domain -> Ports -> Adapters). 2. Use NestJS/React best practices. 3. Ensure all code is strictly typed. 4. NO MOCKS: Use real DB/API connections unless it's a unit test. 5. Update Swagger/Storybook documentation.
Unit Tests: TranscriptionServiceService,Task,Psitrix Psynq,Feature: Whisper Integration,Normal,New,2026-06-17,2026-06-19,Developer,4h,"Backend,Testing",v1.0.0-MVP,3,Low,Specs defined,Code implemented & tested,Tests passing; No mocks,Functional requirement met,,Revert commit,"**File:** `packages/backend/src/modules/ai/transcription/transcriptionservice.service.spec.ts`
**Requirements:**
- 100% coverage for service methods
- Test success and error cases
- Mock repository only (unit test)",0,QA Engineer,"Act as a Senior QA Engineer. Your goal is to verify the implementation of 'Unit Tests: TranscriptionServiceService'. 1. Review the code in the specified file paths. 2. Execute existing tests and write new ones for edge cases (nulls, timeouts, high load). 3. Ensure 100% coverage. 4. Report any regressions or performance bottlenecks."
Integration Tests: TranscriptionService,Task,Psitrix Psynq,Feature: Whisper Integration,Normal,New,2026-06-18,2026-06-20,Developer,4h,"Backend,Testing",v1.0.0-MVP,3,Low,Specs defined,Code implemented & tested,Tests passing; No mocks,Functional requirement met,,Revert commit,"**File:** `test/transcriptionservice.integration-spec.ts`
**Requirements:**
- Test database interactions
- Test service integration
- Test event emission",0,QA Engineer,"Act as a Senior QA Engineer. Your goal is to verify the implementation of 'Integration Tests: TranscriptionService'. 1. Review the code in the specified file paths. 2. Execute existing tests and write new ones for edge cases (nulls, timeouts, high load). 3. Ensure 100% coverage. 4. Report any regressions or performance bottlenecks."
Swagger Docs: TranscriptionService,Task,Psitrix Psynq,Feature: Whisper Integration,Low,New,2026-06-15,2026-06-16,Developer,4h,"Backend,Docs",v1.0.0-MVP,3,Low,Specs defined,Code implemented & tested,Tests passing; No mocks,Functional requirement met,,Revert commit,"**File:** `packages/backend/src/modules/ai/transcription/transcriptionservice.controller.ts`
**Requirements:**
- Add @ApiOperation
- Add @ApiResponse
- Add @ApiProperty to DTOs",0,Developer,Act as a Senior Full-Stack Developer. Your goal is to implement 'Swagger Docs: TranscriptionService'. 1. Follow Hexagonal Architecture (Domain -> Ports -> Adapters). 2. Use NestJS/React best practices. 3. Ensure all code is strictly typed. 4. NO MOCKS: Use real DB/API connections unless it's a unit test. 5. Update Swagger/Storybook documentation.
DB Migration: TranscriptionService,Task,Psitrix Psynq,Feature: Whisper Integration,High,New,2026-06-14,2026-06-15,Developer,4h,"Backend,Database",v1.0.0-MVP,3,Low,Specs defined,Code implemented & tested,Tests passing; No mocks,Functional requirement met,,Revert commit,"**File:** `packages/backend/src/migrations/CreateTranscriptionServiceTable.ts`
**Requirements:**
- Up method (create table)
- Down method (drop table)
- Indexes and constraints",0,Developer,Act as a Senior Full-Stack Developer. Your goal is to implement 'DB Migration: TranscriptionService'. 1. Follow Hexagonal Architecture (Domain -> Ports -> Adapters). 2. Use NestJS/React best practices. 3. Ensure all code is strictly typed. 4. NO MOCKS: Use real DB/API connections unless it's a unit test. 5. Update Swagger/Storybook documentation.
Seed Data: TranscriptionService,Task,Psitrix Psynq,Feature: Whisper Integration,Low,New,2026-06-16,2026-06-17,Developer,4h,"Backend,Database",v1.0.0-MVP,3,Low,Specs defined,Code implemented & tested,Tests passing; No mocks,Functional requirement met,,Revert commit,"**File:** `packages/backend/src/seeds/transcriptionservice.seed.ts`
**Requirements:**
- Create default/test data
- Handle relationships",0,Developer,Act as a Senior Full-Stack Developer. Your goal is to implement 'Seed Data: TranscriptionService'. 1. Follow Hexagonal Architecture (Domain -> Ports -> Adapters). 2. Use NestJS/React best practices. 3. Ensure all code is strictly typed. 4. NO MOCKS: Use real DB/API connections unless it's a unit test. 5. Update Swagger/Storybook documentation.
Feature: Sentiment Analysis,Feature,Psitrix Psynq,Epic: Speech-to-Text & Sentiment,High,New,2026-06-19,2026-07-04,Developer,,,v1.0.0-MVP,,Low,Specs defined,Code implemented & tested,Tests passing; No mocks,Functional requirement met,,Revert commit,Real-time sentiment tracking,0,Product Owner / Architect,"Act as a Solution Architect. Define the technical specifications and sub-tasks for 'Feature: Sentiment Analysis'. Ensure alignment with the CCaaS platform goals (reliability, scalability, low latency)."
Define Entity: SentimentService,Task,Psitrix Psynq,Feature: Sentiment Analysis,High,New,2026-06-19,2026-06-21,Developer,4h,"Backend,Database",v1.0.0-MVP,3,Low,Specs defined,Code implemented & tested,Tests passing; No mocks,Functional requirement met,,Revert commit,"**File:** `packages/backend/src/modules/ai/sentiment/entities/sentimentservice.entity.ts`
**Class:** `SentimentService`
**Type:** TypeORM Entity
**Requirements:**
- Define columns with exact types (varchar, int, jsonb)
- Define relationships (OneToMany, ManyToOne)
- Add indexes for performance
- NO MOCKS: Use real DB connection",0,Developer,Act as a Senior Full-Stack Developer. Your goal is to implement 'Define Entity: SentimentService'. 1. Follow Hexagonal Architecture (Domain -> Ports -> Adapters). 2. Use NestJS/React best practices. 3. Ensure all code is strictly typed. 4. NO MOCKS: Use real DB/API connections unless it's a unit test. 5. Update Swagger/Storybook documentation.
Create DTOs: SentimentService,Task,Psitrix Psynq,Feature: Sentiment Analysis,Normal,New,2026-06-19,2026-06-20,Developer,4h,"Backend,API",v1.0.0-MVP,3,Low,Specs defined,Code implemented & tested,Tests passing; No mocks,Functional requirement met,,Revert commit,"**File:** `packages/backend/src/modules/ai/sentiment/dto/create-sentimentservice.dto.ts`
**File:** `packages/backend/src/modules/ai/sentiment/dto/update-sentimentservice.dto.ts`
**Requirements:**
- Use class-validator decorators (@IsString, @IsInt)
- Use class-transformer
- Strict typing",0,Developer,Act as a Senior Full-Stack Developer. Your goal is to implement 'Create DTOs: SentimentService'. 1. Follow Hexagonal Architecture (Domain -> Ports -> Adapters). 2. Use NestJS/React best practices. 3. Ensure all code is strictly typed. 4. NO MOCKS: Use real DB/API connections unless it's a unit test. 5. Update Swagger/Storybook documentation.
Implement Service: SentimentServiceService,Task,Psitrix Psynq,Feature: Sentiment Analysis,High,New,2026-06-20,2026-06-23,Developer,4h,Backend,v1.0.0-MVP,3,Low,Specs defined,Code implemented & tested,Tests passing; No mocks,Functional requirement met,,Revert commit,"**File:** `packages/backend/src/modules/ai/sentiment/sentimentservice.service.ts`
**Class:** `SentimentServiceService`
**Methods:**
- `create(dto)`
- `findAll(query)`
- `findOne(id)`
- `update(id, dto)`
- `remove(id)`
**Logic:** Business logic implementation. NO STUBS.",0,Developer,Act as a Senior Full-Stack Developer. Your goal is to implement 'Implement Service: SentimentServiceService'. 1. Follow Hexagonal Architecture (Domain -> Ports -> Adapters). 2. Use NestJS/React best practices. 3. Ensure all code is strictly typed. 4. NO MOCKS: Use real DB/API connections unless it's a unit test. 5. Update Swagger/Storybook documentation.
Implement Controller: SentimentServiceController,Task,Psitrix Psynq,Feature: Sentiment Analysis,High,New,2026-06-21,2026-06-23,Developer,4h,"Backend,API",v1.0.0-MVP,3,Low,Specs defined,Code implemented & tested,Tests passing; No mocks,Functional requirement met,,Revert commit,"**File:** `packages/backend/src/modules/ai/sentiment/sentimentservice.controller.ts`
**Class:** `SentimentServiceController`
**Endpoints:**
- `POST /api/v1/sentimentservices`
- `GET /api/v1/sentimentservices`
- `GET /api/v1/sentimentservices/:id`
- `PATCH /api/v1/sentimentservices/:id`
- `DELETE /api/v1/sentimentservices/:id`
**Requirements:** Swagger docs (@ApiTags), Auth guards",0,Developer,Act as a Senior Full-Stack Developer. Your goal is to implement 'Implement Controller: SentimentServiceController'. 1. Follow Hexagonal Architecture (Domain -> Ports -> Adapters). 2. Use NestJS/React best practices. 3. Ensure all code is strictly typed. 4. NO MOCKS: Use real DB/API connections unless it's a unit test. 5. Update Swagger/Storybook documentation.
Unit Tests: SentimentServiceService,Task,Psitrix Psynq,Feature: Sentiment Analysis,Normal,New,2026-06-22,2026-06-24,Developer,4h,"Backend,Testing",v1.0.0-MVP,3,Low,Specs defined,Code implemented & tested,Tests passing; No mocks,Functional requirement met,,Revert commit,"**File:** `packages/backend/src/modules/ai/sentiment/sentimentservice.service.spec.ts`
**Requirements:**
- 100% coverage for service methods
- Test success and error cases
- Mock repository only (unit test)",0,QA Engineer,"Act as a Senior QA Engineer. Your goal is to verify the implementation of 'Unit Tests: SentimentServiceService'. 1. Review the code in the specified file paths. 2. Execute existing tests and write new ones for edge cases (nulls, timeouts, high load). 3. Ensure 100% coverage. 4. Report any regressions or performance bottlenecks."
Integration Tests: SentimentService,Task,Psitrix Psynq,Feature: Sentiment Analysis,Normal,New,2026-06-23,2026-06-25,Developer,4h,"Backend,Testing",v1.0.0-MVP,3,Low,Specs defined,Code implemented & tested,Tests passing; No mocks,Functional requirement met,,Revert commit,"**File:** `test/sentimentservice.integration-spec.ts`
**Requirements:**
- Test database interactions
- Test service integration
- Test event emission",0,QA Engineer,"Act as a Senior QA Engineer. Your goal is to verify the implementation of 'Integration Tests: SentimentService'. 1. Review the code in the specified file paths. 2. Execute existing tests and write new ones for edge cases (nulls, timeouts, high load). 3. Ensure 100% coverage. 4. Report any regressions or performance bottlenecks."
Swagger Docs: SentimentService,Task,Psitrix Psynq,Feature: Sentiment Analysis,Low,New,2026-06-20,2026-06-21,Developer,4h,"Backend,Docs",v1.0.0-MVP,3,Low,Specs defined,Code implemented & tested,Tests passing; No mocks,Functional requirement met,,Revert commit,"**File:** `packages/backend/src/modules/ai/sentiment/sentimentservice.controller.ts`
**Requirements:**
- Add @ApiOperation
- Add @ApiResponse
- Add @ApiProperty to DTOs",0,Developer,Act as a Senior Full-Stack Developer. Your goal is to implement 'Swagger Docs: SentimentService'. 1. Follow Hexagonal Architecture (Domain -> Ports -> Adapters). 2. Use NestJS/React best practices. 3. Ensure all code is strictly typed. 4. NO MOCKS: Use real DB/API connections unless it's a unit test. 5. Update Swagger/Storybook documentation.
DB Migration: SentimentService,Task,Psitrix Psynq,Feature: Sentiment Analysis,High,New,2026-06-19,2026-06-20,Developer,4h,"Backend,Database",v1.0.0-MVP,3,Low,Specs defined,Code implemented & tested,Tests passing; No mocks,Functional requirement met,,Revert commit,"**File:** `packages/backend/src/migrations/CreateSentimentServiceTable.ts`
**Requirements:**
- Up method (create table)
- Down method (drop table)
- Indexes and constraints",0,Developer,Act as a Senior Full-Stack Developer. Your goal is to implement 'DB Migration: SentimentService'. 1. Follow Hexagonal Architecture (Domain -> Ports -> Adapters). 2. Use NestJS/React best practices. 3. Ensure all code is strictly typed. 4. NO MOCKS: Use real DB/API connections unless it's a unit test. 5. Update Swagger/Storybook documentation.
Seed Data: SentimentService,Task,Psitrix Psynq,Feature: Sentiment Analysis,Low,New,2026-06-21,2026-06-22,Developer,4h,"Backend,Database",v1.0.0-MVP,3,Low,Specs defined,Code implemented & tested,Tests passing; No mocks,Functional requirement met,,Revert commit,"**File:** `packages/backend/src/seeds/sentimentservice.seed.ts`
**Requirements:**
- Create default/test data
- Handle relationships",0,Developer,Act as a Senior Full-Stack Developer. Your goal is to implement 'Seed Data: SentimentService'. 1. Follow Hexagonal Architecture (Domain -> Ports -> Adapters). 2. Use NestJS/React best practices. 3. Ensure all code is strictly typed. 4. NO MOCKS: Use real DB/API connections unless it's a unit test. 5. Update Swagger/Storybook documentation.
Epic: Visual IVR Builder,Epic,Psitrix Psynq,Phase: IVR & AI Integration,High,New,2026-06-24,2026-08-03,Tech Lead,,,v1.0.0-MVP,,Low,Specs defined,Code implemented & tested,Tests passing; No mocks,Functional requirement met,,Revert commit,Drag-and-drop IVR,0,Developer,
Feature: IVR Designer UI,Feature,Psitrix Psynq,Epic: Visual IVR Builder,High,New,2026-06-24,2026-07-14,Developer,,,v1.0.0-MVP,,Low,Specs defined,Code implemented & tested,Tests passing; No mocks,Functional requirement met,,Revert commit,React Flow based designer,0,Product Owner / Architect,"Act as a Solution Architect. Define the technical specifications and sub-tasks for 'Feature: IVR Designer UI'. Ensure alignment with the CCaaS platform goals (reliability, scalability, low latency)."
Build Component: IvrCanvas,Task,Psitrix Psynq,Feature: IVR Designer UI,High,New,2026-06-24,2026-06-26,Developer,4h,"Frontend,UI",v1.0.0-MVP,3,Low,Specs defined,Code implemented & tested,Tests passing; No mocks,Functional requirement met,,Revert commit,"**File:** `packages/web/src/modules/ivr/designer/IvrCanvas.tsx`
**Props Interface:** `IvrCanvasProps`
**Requirements:**
- Functional component with Hooks
- Tailwind CSS styling
- Responsive design
- Accessibility (ARIA)",0,Developer,Act as a Senior Full-Stack Developer. Your goal is to implement 'Build Component: IvrCanvas'. 1. Follow Hexagonal Architecture (Domain -> Ports -> Adapters). 2. Use NestJS/React best practices. 3. Ensure all code is strictly typed. 4. NO MOCKS: Use real DB/API connections unless it's a unit test. 5. Update Swagger/Storybook documentation.
Implement Logic: IvrCanvas,Task,Psitrix Psynq,Feature: IVR Designer UI,Normal,New,2026-06-25,2026-06-27,Developer,4h,"Frontend,Logic",v1.0.0-MVP,3,Low,Specs defined,Code implemented & tested,Tests passing; No mocks,Functional requirement met,,Revert commit,"**File:** `packages/web/src/modules/ivr/designer/useIvrCanvas.ts` (Custom Hook)
**Requirements:**
- Handle API calls (React Query)
- Form validation (Zod/React Hook Form)
- State management (Zustand if needed)",0,Developer,Act as a Senior Full-Stack Developer. Your goal is to implement 'Implement Logic: IvrCanvas'. 1. Follow Hexagonal Architecture (Domain -> Ports -> Adapters). 2. Use NestJS/React best practices. 3. Ensure all code is strictly typed. 4. NO MOCKS: Use real DB/API connections unless it's a unit test. 5. Update Swagger/Storybook documentation.
Test Component: IvrCanvas,Task,Psitrix Psynq,Feature: IVR Designer UI,Normal,New,2026-06-26,2026-06-28,Developer,4h,"Frontend,Testing",v1.0.0-MVP,3,Low,Specs defined,Code implemented & tested,Tests passing; No mocks,Functional requirement met,,Revert commit,"**File:** `packages/web/src/modules/ivr/designer/IvrCanvas.test.tsx`
**Requirements:**
- Render testing (React Testing Library)
- User interaction simulation
- Mock API calls (MSW)",0,QA Engineer,"Act as a Senior QA Engineer. Your goal is to verify the implementation of 'Test Component: IvrCanvas'. 1. Review the code in the specified file paths. 2. Execute existing tests and write new ones for edge cases (nulls, timeouts, high load). 3. Ensure 100% coverage. 4. Report any regressions or performance bottlenecks."
Storybook: IvrCanvas,Task,Psitrix Psynq,Feature: IVR Designer UI,Low,New,2026-06-27,2026-06-28,Developer,4h,"Frontend,Docs",v1.0.0-MVP,3,Low,Specs defined,Code implemented & tested,Tests passing; No mocks,Functional requirement met,,Revert commit,"**File:** `packages/web/src/modules/ivr/designer/IvrCanvas.stories.tsx`
**Requirements:**
- Default state
- Loading state
- Error state
- Empty state",0,Developer,Act as a Senior Full-Stack Developer. Your goal is to implement 'Storybook: IvrCanvas'. 1. Follow Hexagonal Architecture (Domain -> Ports -> Adapters). 2. Use NestJS/React best practices. 3. Ensure all code is strictly typed. 4. NO MOCKS: Use real DB/API connections unless it's a unit test. 5. Update Swagger/Storybook documentation.
Responsive Check: IvrCanvas,Task,Psitrix Psynq,Feature: IVR Designer UI,Normal,New,2026-06-28,2026-06-29,Developer,4h,"Frontend,UI",v1.0.0-MVP,3,Low,Specs defined,Code implemented & tested,Tests passing; No mocks,Functional requirement met,,Revert commit,"**Checklist:**
- Mobile view (320px)
- Tablet view (768px)
- Desktop view (1024px+)
- Flex/Grid behavior",0,Developer,Act as a Senior Full-Stack Developer. Your goal is to implement 'Responsive Check: IvrCanvas'. 1. Follow Hexagonal Architecture (Domain -> Ports -> Adapters). 2. Use NestJS/React best practices. 3. Ensure all code is strictly typed. 4. NO MOCKS: Use real DB/API connections unless it's a unit test. 5. Update Swagger/Storybook documentation.
a11y Audit: IvrCanvas,Task,Psitrix Psynq,Feature: IVR Designer UI,Normal,New,2026-06-28,2026-06-29,Developer,4h,"Frontend,UI",v1.0.0-MVP,3,Low,Specs defined,Code implemented & tested,Tests passing; No mocks,Functional requirement met,,Revert commit,"**Checklist:**
- Keyboard navigation
- Screen reader support
- Color contrast
- ARIA labels",0,QA Engineer,"Act as a Senior QA Engineer. Your goal is to verify the implementation of 'a11y Audit: IvrCanvas'. 1. Review the code in the specified file paths. 2. Execute existing tests and write new ones for edge cases (nulls, timeouts, high load). 3. Ensure 100% coverage. 4. Report any regressions or performance bottlenecks."
i18n Support: IvrCanvas,Task,Psitrix Psynq,Feature: IVR Designer UI,Low,New,2026-06-26,2026-06-27,Developer,4h,"Frontend,i18n",v1.0.0-MVP,3,Low,Specs defined,Code implemented & tested,Tests passing; No mocks,Functional requirement met,,Revert commit,"**File:** `packages/web/src/locales/en/ivrcanvas.json`
**Requirements:**
- Extract all strings
- Add translation keys
- Support RTL if needed",0,Developer,Act as a Senior Full-Stack Developer. Your goal is to implement 'i18n Support: IvrCanvas'. 1. Follow Hexagonal Architecture (Domain -> Ports -> Adapters). 2. Use NestJS/React best practices. 3. Ensure all code is strictly typed. 4. NO MOCKS: Use real DB/API connections unless it's a unit test. 5. Update Swagger/Storybook documentation.
Error Boundary: IvrCanvas,Task,Psitrix Psynq,Feature: IVR Designer UI,Low,New,2026-06-27,2026-06-28,Developer,4h,"Frontend,Logic",v1.0.0-MVP,3,Low,Specs defined,Code implemented & tested,Tests passing; No mocks,Functional requirement met,,Revert commit,"**Requirements:**
- Graceful error fallback
- Retry mechanism
- Error logging",0,Developer,Act as a Senior Full-Stack Developer. Your goal is to implement 'Error Boundary: IvrCanvas'. 1. Follow Hexagonal Architecture (Domain -> Ports -> Adapters). 2. Use NestJS/React best practices. 3. Ensure all code is strictly typed. 4. NO MOCKS: Use real DB/API connections unless it's a unit test. 5. Update Swagger/Storybook documentation.
Phase: Omnichannel Support,Phase,Psitrix Psynq,,High,New,2026-07-14,2026-09-12,Tech Lead,,,v1.0.0-MVP,,Low,Specs defined,Code implemented & tested,Tests passing; No mocks,Functional requirement met,,Revert commit,"WhatsApp, Email, Social",0,Developer,
Epic: WhatsApp Business API,Epic,Psitrix Psynq,Phase: Omnichannel Support,High,New,2026-07-14,2026-08-13,Tech Lead,,,v1.0.0-MVP,,Low,Specs defined,Code implemented & tested,Tests passing; No mocks,Functional requirement met,,Revert commit,Meta WhatsApp Integration,0,Developer,
Feature: WhatsApp Service,Feature,Psitrix Psynq,Epic: WhatsApp Business API,High,New,2026-07-14,2026-07-29,Developer,,,v1.0.0-MVP,,Low,Specs defined,Code implemented & tested,Tests passing; No mocks,Functional requirement met,,Revert commit,Send/Receive WA messages,0,Product Owner / Architect,"Act as a Solution Architect. Define the technical specifications and sub-tasks for 'Feature: WhatsApp Service'. Ensure alignment with the CCaaS platform goals (reliability, scalability, low latency)."
Define Entity: WhatsappService,Task,Psitrix Psynq,Feature: WhatsApp Service,High,New,2026-07-14,2026-07-16,Developer,4h,"Backend,Database",v1.0.0-MVP,3,Low,Specs defined,Code implemented & tested,Tests passing; No mocks,Functional requirement met,,Revert commit,"**File:** `packages/backend/src/modules/omnichannel/whatsapp/entities/whatsappservice.entity.ts`
**Class:** `WhatsappService`
**Type:** TypeORM Entity
**Requirements:**
- Define columns with exact types (varchar, int, jsonb)
- Define relationships (OneToMany, ManyToOne)
- Add indexes for performance
- NO MOCKS: Use real DB connection",0,Developer,Act as a Senior Full-Stack Developer. Your goal is to implement 'Define Entity: WhatsappService'. 1. Follow Hexagonal Architecture (Domain -> Ports -> Adapters). 2. Use NestJS/React best practices. 3. Ensure all code is strictly typed. 4. NO MOCKS: Use real DB/API connections unless it's a unit test. 5. Update Swagger/Storybook documentation.
Create DTOs: WhatsappService,Task,Psitrix Psynq,Feature: WhatsApp Service,Normal,New,2026-07-14,2026-07-15,Developer,4h,"Backend,API",v1.0.0-MVP,3,Low,Specs defined,Code implemented & tested,Tests passing; No mocks,Functional requirement met,,Revert commit,"**File:** `packages/backend/src/modules/omnichannel/whatsapp/dto/create-whatsappservice.dto.ts`
**File:** `packages/backend/src/modules/omnichannel/whatsapp/dto/update-whatsappservice.dto.ts`
**Requirements:**
- Use class-validator decorators (@IsString, @IsInt)
- Use class-transformer
- Strict typing",0,Developer,Act as a Senior Full-Stack Developer. Your goal is to implement 'Create DTOs: WhatsappService'. 1. Follow Hexagonal Architecture (Domain -> Ports -> Adapters). 2. Use NestJS/React best practices. 3. Ensure all code is strictly typed. 4. NO MOCKS: Use real DB/API connections unless it's a unit test. 5. Update Swagger/Storybook documentation.
Implement Service: WhatsappServiceService,Task,Psitrix Psynq,Feature: WhatsApp Service,High,New,2026-07-15,2026-07-18,Developer,4h,Backend,v1.0.0-MVP,3,Low,Specs defined,Code implemented & tested,Tests passing; No mocks,Functional requirement met,,Revert commit,"**File:** `packages/backend/src/modules/omnichannel/whatsapp/whatsappservice.service.ts`
**Class:** `WhatsappServiceService`
**Methods:**
- `create(dto)`
- `findAll(query)`
- `findOne(id)`
- `update(id, dto)`
- `remove(id)`
**Logic:** Business logic implementation. NO STUBS.",0,Developer,Act as a Senior Full-Stack Developer. Your goal is to implement 'Implement Service: WhatsappServiceService'. 1. Follow Hexagonal Architecture (Domain -> Ports -> Adapters). 2. Use NestJS/React best practices. 3. Ensure all code is strictly typed. 4. NO MOCKS: Use real DB/API connections unless it's a unit test. 5. Update Swagger/Storybook documentation.
Implement Controller: WhatsappServiceController,Task,Psitrix Psynq,Feature: WhatsApp Service,High,New,2026-07-16,2026-07-18,Developer,4h,"Backend,API",v1.0.0-MVP,3,Low,Specs defined,Code implemented & tested,Tests passing; No mocks,Functional requirement met,,Revert commit,"**File:** `packages/backend/src/modules/omnichannel/whatsapp/whatsappservice.controller.ts`
**Class:** `WhatsappServiceController`
**Endpoints:**
- `POST /api/v1/whatsappservices`
- `GET /api/v1/whatsappservices`
- `GET /api/v1/whatsappservices/:id`
- `PATCH /api/v1/whatsappservices/:id`
- `DELETE /api/v1/whatsappservices/:id`
**Requirements:** Swagger docs (@ApiTags), Auth guards",0,Developer,Act as a Senior Full-Stack Developer. Your goal is to implement 'Implement Controller: WhatsappServiceController'. 1. Follow Hexagonal Architecture (Domain -> Ports -> Adapters). 2. Use NestJS/React best practices. 3. Ensure all code is strictly typed. 4. NO MOCKS: Use real DB/API connections unless it's a unit test. 5. Update Swagger/Storybook documentation.
Unit Tests: WhatsappServiceService,Task,Psitrix Psynq,Feature: WhatsApp Service,Normal,New,2026-07-17,2026-07-19,Developer,4h,"Backend,Testing",v1.0.0-MVP,3,Low,Specs defined,Code implemented & tested,Tests passing; No mocks,Functional requirement met,,Revert commit,"**File:** `packages/backend/src/modules/omnichannel/whatsapp/whatsappservice.service.spec.ts`
**Requirements:**
- 100% coverage for service methods
- Test success and error cases
- Mock repository only (unit test)",0,QA Engineer,"Act as a Senior QA Engineer. Your goal is to verify the implementation of 'Unit Tests: WhatsappServiceService'. 1. Review the code in the specified file paths. 2. Execute existing tests and write new ones for edge cases (nulls, timeouts, high load). 3. Ensure 100% coverage. 4. Report any regressions or performance bottlenecks."
Integration Tests: WhatsappService,Task,Psitrix Psynq,Feature: WhatsApp Service,Normal,New,2026-07-18,2026-07-20,Developer,4h,"Backend,Testing",v1.0.0-MVP,3,Low,Specs defined,Code implemented & tested,Tests passing; No mocks,Functional requirement met,,Revert commit,"**File:** `test/whatsappservice.integration-spec.ts`
**Requirements:**
- Test database interactions
- Test service integration
- Test event emission",0,QA Engineer,"Act as a Senior QA Engineer. Your goal is to verify the implementation of 'Integration Tests: WhatsappService'. 1. Review the code in the specified file paths. 2. Execute existing tests and write new ones for edge cases (nulls, timeouts, high load). 3. Ensure 100% coverage. 4. Report any regressions or performance bottlenecks."
Swagger Docs: WhatsappService,Task,Psitrix Psynq,Feature: WhatsApp Service,Low,New,2026-07-15,2026-07-16,Developer,4h,"Backend,Docs",v1.0.0-MVP,3,Low,Specs defined,Code implemented & tested,Tests passing; No mocks,Functional requirement met,,Revert commit,"**File:** `packages/backend/src/modules/omnichannel/whatsapp/whatsappservice.controller.ts`
**Requirements:**
- Add @ApiOperation
- Add @ApiResponse
- Add @ApiProperty to DTOs",0,Developer,Act as a Senior Full-Stack Developer. Your goal is to implement 'Swagger Docs: WhatsappService'. 1. Follow Hexagonal Architecture (Domain -> Ports -> Adapters). 2. Use NestJS/React best practices. 3. Ensure all code is strictly typed. 4. NO MOCKS: Use real DB/API connections unless it's a unit test. 5. Update Swagger/Storybook documentation.
DB Migration: WhatsappService,Task,Psitrix Psynq,Feature: WhatsApp Service,High,New,2026-07-14,2026-07-15,Developer,4h,"Backend,Database",v1.0.0-MVP,3,Low,Specs defined,Code implemented & tested,Tests passing; No mocks,Functional requirement met,,Revert commit,"**File:** `packages/backend/src/migrations/CreateWhatsappServiceTable.ts`
**Requirements:**
- Up method (create table)
- Down method (drop table)
- Indexes and constraints",0,Developer,Act as a Senior Full-Stack Developer. Your goal is to implement 'DB Migration: WhatsappService'. 1. Follow Hexagonal Architecture (Domain -> Ports -> Adapters). 2. Use NestJS/React best practices. 3. Ensure all code is strictly typed. 4. NO MOCKS: Use real DB/API connections unless it's a unit test. 5. Update Swagger/Storybook documentation.
Seed Data: WhatsappService,Task,Psitrix Psynq,Feature: WhatsApp Service,Low,New,2026-07-16,2026-07-17,Developer,4h,"Backend,Database",v1.0.0-MVP,3,Low,Specs defined,Code implemented & tested,Tests passing; No mocks,Functional requirement met,,Revert commit,"**File:** `packages/backend/src/seeds/whatsappservice.seed.ts`
**Requirements:**
- Create default/test data
- Handle relationships",0,Developer,Act as a Senior Full-Stack Developer. Your goal is to implement 'Seed Data: WhatsappService'. 1. Follow Hexagonal Architecture (Domain -> Ports -> Adapters). 2. Use NestJS/React best practices. 3. Ensure all code is strictly typed. 4. NO MOCKS: Use real DB/API connections unless it's a unit test. 5. Update Swagger/Storybook documentation.
Epic: CRM Integrations,Epic,Psitrix Psynq,Phase: Omnichannel Support,High,New,2026-07-24,2026-09-02,Tech Lead,,,v1.0.0-MVP,,Low,Specs defined,Code implemented & tested,Tests passing; No mocks,Functional requirement met,,Revert commit,Salesforce & Zendesk,0,Developer,
Feature: Salesforce Adapter,Feature,Psitrix Psynq,Epic: CRM Integrations,High,New,2026-07-24,2026-08-13,Developer,,,v1.0.0-MVP,,Low,Specs defined,Code implemented & tested,Tests passing; No mocks,Functional requirement met,,Revert commit,Salesforce CTI integration,0,Product Owner / Architect,"Act as a Solution Architect. Define the technical specifications and sub-tasks for 'Feature: Salesforce Adapter'. Ensure alignment with the CCaaS platform goals (reliability, scalability, low latency)."
Define Entity: SalesforceAdapter,Task,Psitrix Psynq,Feature: Salesforce Adapter,High,New,2026-07-24,2026-07-26,Developer,4h,"Backend,Database",v1.0.0-MVP,3,Low,Specs defined,Code implemented & tested,Tests passing; No mocks,Functional requirement met,,Revert commit,"**File:** `packages/backend/src/modules/integrations/salesforce/entities/salesforceadapter.entity.ts`
**Class:** `SalesforceAdapter`
**Type:** TypeORM Entity
**Requirements:**
- Define columns with exact types (varchar, int, jsonb)
- Define relationships (OneToMany, ManyToOne)
- Add indexes for performance
- NO MOCKS: Use real DB connection",0,Developer,Act as a Senior Full-Stack Developer. Your goal is to implement 'Define Entity: SalesforceAdapter'. 1. Follow Hexagonal Architecture (Domain -> Ports -> Adapters). 2. Use NestJS/React best practices. 3. Ensure all code is strictly typed. 4. NO MOCKS: Use real DB/API connections unless it's a unit test. 5. Update Swagger/Storybook documentation.
Create DTOs: SalesforceAdapter,Task,Psitrix Psynq,Feature: Salesforce Adapter,Normal,New,2026-07-24,2026-07-25,Developer,4h,"Backend,API",v1.0.0-MVP,3,Low,Specs defined,Code implemented & tested,Tests passing; No mocks,Functional requirement met,,Revert commit,"**File:** `packages/backend/src/modules/integrations/salesforce/dto/create-salesforceadapter.dto.ts`
**File:** `packages/backend/src/modules/integrations/salesforce/dto/update-salesforceadapter.dto.ts`
**Requirements:**
- Use class-validator decorators (@IsString, @IsInt)
- Use class-transformer
- Strict typing",0,Developer,Act as a Senior Full-Stack Developer. Your goal is to implement 'Create DTOs: SalesforceAdapter'. 1. Follow Hexagonal Architecture (Domain -> Ports -> Adapters). 2. Use NestJS/React best practices. 3. Ensure all code is strictly typed. 4. NO MOCKS: Use real DB/API connections unless it's a unit test. 5. Update Swagger/Storybook documentation.
Implement Service: SalesforceAdapterService,Task,Psitrix Psynq,Feature: Salesforce Adapter,High,New,2026-07-25,2026-07-28,Developer,4h,Backend,v1.0.0-MVP,3,Low,Specs defined,Code implemented & tested,Tests passing; No mocks,Functional requirement met,,Revert commit,"**File:** `packages/backend/src/modules/integrations/salesforce/salesforceadapter.service.ts`
**Class:** `SalesforceAdapterService`
**Methods:**
- `create(dto)`
- `findAll(query)`
- `findOne(id)`
- `update(id, dto)`
- `remove(id)`
**Logic:** Business logic implementation. NO STUBS.",0,Developer,Act as a Senior Full-Stack Developer. Your goal is to implement 'Implement Service: SalesforceAdapterService'. 1. Follow Hexagonal Architecture (Domain -> Ports -> Adapters). 2. Use NestJS/React best practices. 3. Ensure all code is strictly typed. 4. NO MOCKS: Use real DB/API connections unless it's a unit test. 5. Update Swagger/Storybook documentation.
Implement Controller: SalesforceAdapterController,Task,Psitrix Psynq,Feature: Salesforce Adapter,High,New,2026-07-26,2026-07-28,Developer,4h,"Backend,API",v1.0.0-MVP,3,Low,Specs defined,Code implemented & tested,Tests passing; No mocks,Functional requirement met,,Revert commit,"**File:** `packages/backend/src/modules/integrations/salesforce/salesforceadapter.controller.ts`
**Class:** `SalesforceAdapterController`
**Endpoints:**
- `POST /api/v1/salesforceadapters`
- `GET /api/v1/salesforceadapters`
- `GET /api/v1/salesforceadapters/:id`
- `PATCH /api/v1/salesforceadapters/:id`
- `DELETE /api/v1/salesforceadapters/:id`
**Requirements:** Swagger docs (@ApiTags), Auth guards",0,Developer,Act as a Senior Full-Stack Developer. Your goal is to implement 'Implement Controller: SalesforceAdapterController'. 1. Follow Hexagonal Architecture (Domain -> Ports -> Adapters). 2. Use NestJS/React best practices. 3. Ensure all code is strictly typed. 4. NO MOCKS: Use real DB/API connections unless it's a unit test. 5. Update Swagger/Storybook documentation.
Unit Tests: SalesforceAdapterService,Task,Psitrix Psynq,Feature: Salesforce Adapter,Normal,New,2026-07-27,2026-07-29,Developer,4h,"Backend,Testing",v1.0.0-MVP,3,Low,Specs defined,Code implemented & tested,Tests passing; No mocks,Functional requirement met,,Revert commit,"**File:** `packages/backend/src/modules/integrations/salesforce/salesforceadapter.service.spec.ts`
**Requirements:**
- 100% coverage for service methods
- Test success and error cases
- Mock repository only (unit test)",0,QA Engineer,"Act as a Senior QA Engineer. Your goal is to verify the implementation of 'Unit Tests: SalesforceAdapterService'. 1. Review the code in the specified file paths. 2. Execute existing tests and write new ones for edge cases (nulls, timeouts, high load). 3. Ensure 100% coverage. 4. Report any regressions or performance bottlenecks."
Integration Tests: SalesforceAdapter,Task,Psitrix Psynq,Feature: Salesforce Adapter,Normal,New,2026-07-28,2026-07-30,Developer,4h,"Backend,Testing",v1.0.0-MVP,3,Low,Specs defined,Code implemented & tested,Tests passing; No mocks,Functional requirement met,,Revert commit,"**File:** `test/salesforceadapter.integration-spec.ts`
**Requirements:**
- Test database interactions
- Test service integration
- Test event emission",0,QA Engineer,"Act as a Senior QA Engineer. Your goal is to verify the implementation of 'Integration Tests: SalesforceAdapter'. 1. Review the code in the specified file paths. 2. Execute existing tests and write new ones for edge cases (nulls, timeouts, high load). 3. Ensure 100% coverage. 4. Report any regressions or performance bottlenecks."
Swagger Docs: SalesforceAdapter,Task,Psitrix Psynq,Feature: Salesforce Adapter,Low,New,2026-07-25,2026-07-26,Developer,4h,"Backend,Docs",v1.0.0-MVP,3,Low,Specs defined,Code implemented & tested,Tests passing; No mocks,Functional requirement met,,Revert commit,"**File:** `packages/backend/src/modules/integrations/salesforce/salesforceadapter.controller.ts`
**Requirements:**
- Add @ApiOperation
- Add @ApiResponse
- Add @ApiProperty to DTOs",0,Developer,Act as a Senior Full-Stack Developer. Your goal is to implement 'Swagger Docs: SalesforceAdapter'. 1. Follow Hexagonal Architecture (Domain -> Ports -> Adapters). 2. Use NestJS/React best practices. 3. Ensure all code is strictly typed. 4. NO MOCKS: Use real DB/API connections unless it's a unit test. 5. Update Swagger/Storybook documentation.
DB Migration: SalesforceAdapter,Task,Psitrix Psynq,Feature: Salesforce Adapter,High,New,2026-07-24,2026-07-25,Developer,4h,"Backend,Database",v1.0.0-MVP,3,Low,Specs defined,Code implemented & tested,Tests passing; No mocks,Functional requirement met,,Revert commit,"**File:** `packages/backend/src/migrations/CreateSalesforceAdapterTable.ts`
**Requirements:**
- Up method (create table)
- Down method (drop table)
- Indexes and constraints",0,Developer,Act as a Senior Full-Stack Developer. Your goal is to implement 'DB Migration: SalesforceAdapter'. 1. Follow Hexagonal Architecture (Domain -> Ports -> Adapters). 2. Use NestJS/React best practices. 3. Ensure all code is strictly typed. 4. NO MOCKS: Use real DB/API connections unless it's a unit test. 5. Update Swagger/Storybook documentation.
Seed Data: SalesforceAdapter,Task,Psitrix Psynq,Feature: Salesforce Adapter,Low,New,2026-07-26,2026-07-27,Developer,4h,"Backend,Database",v1.0.0-MVP,3,Low,Specs defined,Code implemented & tested,Tests passing; No mocks,Functional requirement met,,Revert commit,"**File:** `packages/backend/src/seeds/salesforceadapter.seed.ts`
**Requirements:**
- Create default/test data
- Handle relationships",0,Developer,Act as a Senior Full-Stack Developer. Your goal is to implement 'Seed Data: SalesforceAdapter'. 1. Follow Hexagonal Architecture (Domain -> Ports -> Adapters). 2. Use NestJS/React best practices. 3. Ensure all code is strictly typed. 4. NO MOCKS: Use real DB/API connections unless it's a unit test. 5. Update Swagger/Storybook documentation.
Phase: Advanced Reporting & Analytics,Phase,Psitrix Psynq,,Normal,New,2026-08-13,2026-09-27,Tech Lead,,,v1.0.0-MVP,,Low,Specs defined,Code implemented & tested,Tests passing; No mocks,Functional requirement met,,Revert commit,BI & Real-time Dashboards,0,Developer,
Epic: BI Engine,Epic,Psitrix Psynq,Phase: Advanced Reporting & Analytics,High,New,2026-08-13,2026-09-12,Tech Lead,,,v1.0.0-MVP,,Low,Specs defined,Code implemented & tested,Tests passing; No mocks,Functional requirement met,,Revert commit,Custom Report Builder,0,Developer,
Feature: Report Generation Service,Feature,Psitrix Psynq,Epic: BI Engine,High,New,2026-08-13,2026-08-28,Developer,,,v1.0.0-MVP,,Low,Specs defined,Code implemented & tested,Tests passing; No mocks,Functional requirement met,,Revert commit,PDF/CSV Export Engine,0,Product Owner / Architect,"Act as a Solution Architect. Define the technical specifications and sub-tasks for 'Feature: Report Generation Service'. Ensure alignment with the CCaaS platform goals (reliability, scalability, low latency)."
Define Entity: ReportEngine,Task,Psitrix Psynq,Feature: Report Generation Service,High,New,2026-08-13,2026-08-15,Developer,4h,"Backend,Database",v1.0.0-MVP,3,Low,Specs defined,Code implemented & tested,Tests passing; No mocks,Functional requirement met,,Revert commit,"**File:** `packages/backend/src/modules/reports/entities/reportengine.entity.ts`
**Class:** `ReportEngine`
**Type:** TypeORM Entity
**Requirements:**
- Define columns with exact types (varchar, int, jsonb)
- Define relationships (OneToMany, ManyToOne)
- Add indexes for performance
- NO MOCKS: Use real DB connection",0,Developer,Act as a Senior Full-Stack Developer. Your goal is to implement 'Define Entity: ReportEngine'. 1. Follow Hexagonal Architecture (Domain -> Ports -> Adapters). 2. Use NestJS/React best practices. 3. Ensure all code is strictly typed. 4. NO MOCKS: Use real DB/API connections unless it's a unit test. 5. Update Swagger/Storybook documentation.
Create DTOs: ReportEngine,Task,Psitrix Psynq,Feature: Report Generation Service,Normal,New,2026-08-13,2026-08-14,Developer,4h,"Backend,API",v1.0.0-MVP,3,Low,Specs defined,Code implemented & tested,Tests passing; No mocks,Functional requirement met,,Revert commit,"**File:** `packages/backend/src/modules/reports/dto/create-reportengine.dto.ts`
**File:** `packages/backend/src/modules/reports/dto/update-reportengine.dto.ts`
**Requirements:**
- Use class-validator decorators (@IsString, @IsInt)
- Use class-transformer
- Strict typing",0,Developer,Act as a Senior Full-Stack Developer. Your goal is to implement 'Create DTOs: ReportEngine'. 1. Follow Hexagonal Architecture (Domain -> Ports -> Adapters). 2. Use NestJS/React best practices. 3. Ensure all code is strictly typed. 4. NO MOCKS: Use real DB/API connections unless it's a unit test. 5. Update Swagger/Storybook documentation.
Implement Service: ReportEngineService,Task,Psitrix Psynq,Feature: Report Generation Service,High,New,2026-08-14,2026-08-17,Developer,4h,Backend,v1.0.0-MVP,3,Low,Specs defined,Code implemented & tested,Tests passing; No mocks,Functional requirement met,,Revert commit,"**File:** `packages/backend/src/modules/reports/reportengine.service.ts`
**Class:** `ReportEngineService`
**Methods:**
- `create(dto)`
- `findAll(query)`
- `findOne(id)`
- `update(id, dto)`
- `remove(id)`
**Logic:** Business logic implementation. NO STUBS.",0,Developer,Act as a Senior Full-Stack Developer. Your goal is to implement 'Implement Service: ReportEngineService'. 1. Follow Hexagonal Architecture (Domain -> Ports -> Adapters). 2. Use NestJS/React best practices. 3. Ensure all code is strictly typed. 4. NO MOCKS: Use real DB/API connections unless it's a unit test. 5. Update Swagger/Storybook documentation.
Implement Controller: ReportEngineController,Task,Psitrix Psynq,Feature: Report Generation Service,High,New,2026-08-15,2026-08-17,Developer,4h,"Backend,API",v1.0.0-MVP,3,Low,Specs defined,Code implemented & tested,Tests passing; No mocks,Functional requirement met,,Revert commit,"**File:** `packages/backend/src/modules/reports/reportengine.controller.ts`
**Class:** `ReportEngineController`
**Endpoints:**
- `POST /api/v1/reportengines`
- `GET /api/v1/reportengines`
- `GET /api/v1/reportengines/:id`
- `PATCH /api/v1/reportengines/:id`
- `DELETE /api/v1/reportengines/:id`
**Requirements:** Swagger docs (@ApiTags), Auth guards",0,Developer,Act as a Senior Full-Stack Developer. Your goal is to implement 'Implement Controller: ReportEngineController'. 1. Follow Hexagonal Architecture (Domain -> Ports -> Adapters). 2. Use NestJS/React best practices. 3. Ensure all code is strictly typed. 4. NO MOCKS: Use real DB/API connections unless it's a unit test. 5. Update Swagger/Storybook documentation.
Unit Tests: ReportEngineService,Task,Psitrix Psynq,Feature: Report Generation Service,Normal,New,2026-08-16,2026-08-18,Developer,4h,"Backend,Testing",v1.0.0-MVP,3,Low,Specs defined,Code implemented & tested,Tests passing; No mocks,Functional requirement met,,Revert commit,"**File:** `packages/backend/src/modules/reports/reportengine.service.spec.ts`
**Requirements:**
- 100% coverage for service methods
- Test success and error cases
- Mock repository only (unit test)",0,QA Engineer,"Act as a Senior QA Engineer. Your goal is to verify the implementation of 'Unit Tests: ReportEngineService'. 1. Review the code in the specified file paths. 2. Execute existing tests and write new ones for edge cases (nulls, timeouts, high load). 3. Ensure 100% coverage. 4. Report any regressions or performance bottlenecks."
Integration Tests: ReportEngine,Task,Psitrix Psynq,Feature: Report Generation Service,Normal,New,2026-08-17,2026-08-19,Developer,4h,"Backend,Testing",v1.0.0-MVP,3,Low,Specs defined,Code implemented & tested,Tests passing; No mocks,Functional requirement met,,Revert commit,"**File:** `test/reportengine.integration-spec.ts`
**Requirements:**
- Test database interactions
- Test service integration
- Test event emission",0,QA Engineer,"Act as a Senior QA Engineer. Your goal is to verify the implementation of 'Integration Tests: ReportEngine'. 1. Review the code in the specified file paths. 2. Execute existing tests and write new ones for edge cases (nulls, timeouts, high load). 3. Ensure 100% coverage. 4. Report any regressions or performance bottlenecks."
Swagger Docs: ReportEngine,Task,Psitrix Psynq,Feature: Report Generation Service,Low,New,2026-08-14,2026-08-15,Developer,4h,"Backend,Docs",v1.0.0-MVP,3,Low,Specs defined,Code implemented & tested,Tests passing; No mocks,Functional requirement met,,Revert commit,"**File:** `packages/backend/src/modules/reports/reportengine.controller.ts`
**Requirements:**
- Add @ApiOperation
- Add @ApiResponse
- Add @ApiProperty to DTOs",0,Developer,Act as a Senior Full-Stack Developer. Your goal is to implement 'Swagger Docs: ReportEngine'. 1. Follow Hexagonal Architecture (Domain -> Ports -> Adapters). 2. Use NestJS/React best practices. 3. Ensure all code is strictly typed. 4. NO MOCKS: Use real DB/API connections unless it's a unit test. 5. Update Swagger/Storybook documentation.
DB Migration: ReportEngine,Task,Psitrix Psynq,Feature: Report Generation Service,High,New,2026-08-13,2026-08-14,Developer,4h,"Backend,Database",v1.0.0-MVP,3,Low,Specs defined,Code implemented & tested,Tests passing; No mocks,Functional requirement met,,Revert commit,"**File:** `packages/backend/src/migrations/CreateReportEngineTable.ts`
**Requirements:**
- Up method (create table)
- Down method (drop table)
- Indexes and constraints",0,Developer,Act as a Senior Full-Stack Developer. Your goal is to implement 'DB Migration: ReportEngine'. 1. Follow Hexagonal Architecture (Domain -> Ports -> Adapters). 2. Use NestJS/React best practices. 3. Ensure all code is strictly typed. 4. NO MOCKS: Use real DB/API connections unless it's a unit test. 5. Update Swagger/Storybook documentation.
Seed Data: ReportEngine,Task,Psitrix Psynq,Feature: Report Generation Service,Low,New,2026-08-15,2026-08-16,Developer,4h,"Backend,Database",v1.0.0-MVP,3,Low,Specs defined,Code implemented & tested,Tests passing; No mocks,Functional requirement met,,Revert commit,"**File:** `packages/backend/src/seeds/reportengine.seed.ts`
**Requirements:**
- Create default/test data
- Handle relationships",0,Developer,Act as a Senior Full-Stack Developer. Your goal is to implement 'Seed Data: ReportEngine'. 1. Follow Hexagonal Architecture (Domain -> Ports -> Adapters). 2. Use NestJS/React best practices. 3. Ensure all code is strictly typed. 4. NO MOCKS: Use real DB/API connections unless it's a unit test. 5. Update Swagger/Storybook documentation.
"Phase: Billing, Rating & Usage",Phase,Psitrix Psynq,,High,New,2026-09-12,2026-10-27,Tech Lead,,,v1.0.0-MVP,,Low,Specs defined,Code implemented & tested,Tests passing; No mocks,Functional requirement met,,Revert commit,Monetization & Wallet,0,Developer,
Epic: Rating Engine,Epic,Psitrix Psynq,"Phase: Billing, Rating & Usage",High,New,2026-09-12,2026-10-12,Tech Lead,,,v1.0.0-MVP,,Low,Specs defined,Code implemented & tested,Tests passing; No mocks,Functional requirement met,,Revert commit,Usage-based charging,0,Developer,
Feature: Wallet System,Feature,Psitrix Psynq,Epic: Rating Engine,High,New,2026-09-12,2026-09-27,Developer,,,v1.0.0-MVP,,Low,Specs defined,Code implemented & tested,Tests passing; No mocks,Functional requirement met,,Revert commit,Prepaid/Postpaid wallet,0,Product Owner / Architect,"Act as a Solution Architect. Define the technical specifications and sub-tasks for 'Feature: Wallet System'. Ensure alignment with the CCaaS platform goals (reliability, scalability, low latency)."
Define Entity: WalletService,Task,Psitrix Psynq,Feature: Wallet System,High,New,2026-09-12,2026-09-14,Developer,4h,"Backend,Database",v1.0.0-MVP,3,Low,Specs defined,Code implemented & tested,Tests passing; No mocks,Functional requirement met,,Revert commit,"**File:** `packages/backend/src/modules/billing/wallet/entities/walletservice.entity.ts`
**Class:** `WalletService`
**Type:** TypeORM Entity
**Requirements:**
- Define columns with exact types (varchar, int, jsonb)
- Define relationships (OneToMany, ManyToOne)
- Add indexes for performance
- NO MOCKS: Use real DB connection",0,Developer,Act as a Senior Full-Stack Developer. Your goal is to implement 'Define Entity: WalletService'. 1. Follow Hexagonal Architecture (Domain -> Ports -> Adapters). 2. Use NestJS/React best practices. 3. Ensure all code is strictly typed. 4. NO MOCKS: Use real DB/API connections unless it's a unit test. 5. Update Swagger/Storybook documentation.
Create DTOs: WalletService,Task,Psitrix Psynq,Feature: Wallet System,Normal,New,2026-09-12,2026-09-13,Developer,4h,"Backend,API",v1.0.0-MVP,3,Low,Specs defined,Code implemented & tested,Tests passing; No mocks,Functional requirement met,,Revert commit,"**File:** `packages/backend/src/modules/billing/wallet/dto/create-walletservice.dto.ts`
**File:** `packages/backend/src/modules/billing/wallet/dto/update-walletservice.dto.ts`
**Requirements:**
- Use class-validator decorators (@IsString, @IsInt)
- Use class-transformer
- Strict typing",0,Developer,Act as a Senior Full-Stack Developer. Your goal is to implement 'Create DTOs: WalletService'. 1. Follow Hexagonal Architecture (Domain -> Ports -> Adapters). 2. Use NestJS/React best practices. 3. Ensure all code is strictly typed. 4. NO MOCKS: Use real DB/API connections unless it's a unit test. 5. Update Swagger/Storybook documentation.
Implement Service: WalletServiceService,Task,Psitrix Psynq,Feature: Wallet System,High,New,2026-09-13,2026-09-16,Developer,4h,Backend,v1.0.0-MVP,3,Low,Specs defined,Code implemented & tested,Tests passing; No mocks,Functional requirement met,,Revert commit,"**File:** `packages/backend/src/modules/billing/wallet/walletservice.service.ts`
**Class:** `WalletServiceService`
**Methods:**
- `create(dto)`
- `findAll(query)`
- `findOne(id)`
- `update(id, dto)`
- `remove(id)`
**Logic:** Business logic implementation. NO STUBS.",0,Developer,Act as a Senior Full-Stack Developer. Your goal is to implement 'Implement Service: WalletServiceService'. 1. Follow Hexagonal Architecture (Domain -> Ports -> Adapters). 2. Use NestJS/React best practices. 3. Ensure all code is strictly typed. 4. NO MOCKS: Use real DB/API connections unless it's a unit test. 5. Update Swagger/Storybook documentation.
Implement Controller: WalletServiceController,Task,Psitrix Psynq,Feature: Wallet System,High,New,2026-09-14,2026-09-16,Developer,4h,"Backend,API",v1.0.0-MVP,3,Low,Specs defined,Code implemented & tested,Tests passing; No mocks,Functional requirement met,,Revert commit,"**File:** `packages/backend/src/modules/billing/wallet/walletservice.controller.ts`
**Class:** `WalletServiceController`
**Endpoints:**
- `POST /api/v1/walletservices`
- `GET /api/v1/walletservices`
- `GET /api/v1/walletservices/:id`
- `PATCH /api/v1/walletservices/:id`
- `DELETE /api/v1/walletservices/:id`
**Requirements:** Swagger docs (@ApiTags), Auth guards",0,Developer,Act as a Senior Full-Stack Developer. Your goal is to implement 'Implement Controller: WalletServiceController'. 1. Follow Hexagonal Architecture (Domain -> Ports -> Adapters). 2. Use NestJS/React best practices. 3. Ensure all code is strictly typed. 4. NO MOCKS: Use real DB/API connections unless it's a unit test. 5. Update Swagger/Storybook documentation.
Unit Tests: WalletServiceService,Task,Psitrix Psynq,Feature: Wallet System,Normal,New,2026-09-15,2026-09-17,Developer,4h,"Backend,Testing",v1.0.0-MVP,3,Low,Specs defined,Code implemented & tested,Tests passing; No mocks,Functional requirement met,,Revert commit,"**File:** `packages/backend/src/modules/billing/wallet/walletservice.service.spec.ts`
**Requirements:**
- 100% coverage for service methods
- Test success and error cases
- Mock repository only (unit test)",0,QA Engineer,"Act as a Senior QA Engineer. Your goal is to verify the implementation of 'Unit Tests: WalletServiceService'. 1. Review the code in the specified file paths. 2. Execute existing tests and write new ones for edge cases (nulls, timeouts, high load). 3. Ensure 100% coverage. 4. Report any regressions or performance bottlenecks."
Integration Tests: WalletService,Task,Psitrix Psynq,Feature: Wallet System,Normal,New,2026-09-16,2026-09-18,Developer,4h,"Backend,Testing",v1.0.0-MVP,3,Low,Specs defined,Code implemented & tested,Tests passing; No mocks,Functional requirement met,,Revert commit,"**File:** `test/walletservice.integration-spec.ts`
**Requirements:**
- Test database interactions
- Test service integration
- Test event emission",0,QA Engineer,"Act as a Senior QA Engineer. Your goal is to verify the implementation of 'Integration Tests: WalletService'. 1. Review the code in the specified file paths. 2. Execute existing tests and write new ones for edge cases (nulls, timeouts, high load). 3. Ensure 100% coverage. 4. Report any regressions or performance bottlenecks."
Swagger Docs: WalletService,Task,Psitrix Psynq,Feature: Wallet System,Low,New,2026-09-13,2026-09-14,Developer,4h,"Backend,Docs",v1.0.0-MVP,3,Low,Specs defined,Code implemented & tested,Tests passing; No mocks,Functional requirement met,,Revert commit,"**File:** `packages/backend/src/modules/billing/wallet/walletservice.controller.ts`
**Requirements:**
- Add @ApiOperation
- Add @ApiResponse
- Add @ApiProperty to DTOs",0,Developer,Act as a Senior Full-Stack Developer. Your goal is to implement 'Swagger Docs: WalletService'. 1. Follow Hexagonal Architecture (Domain -> Ports -> Adapters). 2. Use NestJS/React best practices. 3. Ensure all code is strictly typed. 4. NO MOCKS: Use real DB/API connections unless it's a unit test. 5. Update Swagger/Storybook documentation.
DB Migration: WalletService,Task,Psitrix Psynq,Feature: Wallet System,High,New,2026-09-12,2026-09-13,Developer,4h,"Backend,Database",v1.0.0-MVP,3,Low,Specs defined,Code implemented & tested,Tests passing; No mocks,Functional requirement met,,Revert commit,"**File:** `packages/backend/src/migrations/CreateWalletServiceTable.ts`
**Requirements:**
- Up method (create table)
- Down method (drop table)
- Indexes and constraints",0,Developer,Act as a Senior Full-Stack Developer. Your goal is to implement 'DB Migration: WalletService'. 1. Follow Hexagonal Architecture (Domain -> Ports -> Adapters). 2. Use NestJS/React best practices. 3. Ensure all code is strictly typed. 4. NO MOCKS: Use real DB/API connections unless it's a unit test. 5. Update Swagger/Storybook documentation.
Seed Data: WalletService,Task,Psitrix Psynq,Feature: Wallet System,Low,New,2026-09-14,2026-09-15,Developer,4h,"Backend,Database",v1.0.0-MVP,3,Low,Specs defined,Code implemented & tested,Tests passing; No mocks,Functional requirement met,,Revert commit,"**File:** `packages/backend/src/seeds/walletservice.seed.ts`
**Requirements:**
- Create default/test data
- Handle relationships",0,Developer,Act as a Senior Full-Stack Developer. Your goal is to implement 'Seed Data: WalletService'. 1. Follow Hexagonal Architecture (Domain -> Ports -> Adapters). 2. Use NestJS/React best practices. 3. Ensure all code is strictly typed. 4. NO MOCKS: Use real DB/API connections unless it's a unit test. 5. Update Swagger/Storybook documentation.
Phase: Quality Management & Coaching,Phase,Psitrix Psynq,,Normal,New,2026-10-12,2026-11-26,Tech Lead,,,v1.0.0-MVP,,Low,Specs defined,Code implemented & tested,Tests passing; No mocks,Functional requirement met,,Revert commit,QA & Agent Performance,0,Developer,
Epic: Evaluation System,Epic,Psitrix Psynq,Phase: Quality Management & Coaching,High,New,2026-10-12,2026-11-11,Tech Lead,,,v1.0.0-MVP,,Low,Specs defined,Code implemented & tested,Tests passing; No mocks,Functional requirement met,,Revert commit,Scorecards & Feedback,0,Developer,
Feature: Scorecard Builder,Feature,Psitrix Psynq,Epic: Evaluation System,High,New,2026-10-12,2026-10-27,Developer,,,v1.0.0-MVP,,Low,Specs defined,Code implemented & tested,Tests passing; No mocks,Functional requirement met,,Revert commit,Custom QA forms,0,Product Owner / Architect,"Act as a Solution Architect. Define the technical specifications and sub-tasks for 'Feature: Scorecard Builder'. Ensure alignment with the CCaaS platform goals (reliability, scalability, low latency)."
Build Component: ScorecardEditor,Task,Psitrix Psynq,Feature: Scorecard Builder,High,New,2026-10-12,2026-10-14,Developer,4h,"Frontend,UI",v1.0.0-MVP,3,Low,Specs defined,Code implemented & tested,Tests passing; No mocks,Functional requirement met,,Revert commit,"**File:** `packages/web/src/modules/qm/scorecards/ScorecardEditor.tsx`
**Props Interface:** `ScorecardEditorProps`
**Requirements:**
- Functional component with Hooks
- Tailwind CSS styling
- Responsive design
- Accessibility (ARIA)",0,Developer,Act as a Senior Full-Stack Developer. Your goal is to implement 'Build Component: ScorecardEditor'. 1. Follow Hexagonal Architecture (Domain -> Ports -> Adapters). 2. Use NestJS/React best practices. 3. Ensure all code is strictly typed. 4. NO MOCKS: Use real DB/API connections unless it's a unit test. 5. Update Swagger/Storybook documentation.
Implement Logic: ScorecardEditor,Task,Psitrix Psynq,Feature: Scorecard Builder,Normal,New,2026-10-13,2026-10-15,Developer,4h,"Frontend,Logic",v1.0.0-MVP,3,Low,Specs defined,Code implemented & tested,Tests passing; No mocks,Functional requirement met,,Revert commit,"**File:** `packages/web/src/modules/qm/scorecards/useScorecardEditor.ts` (Custom Hook)
**Requirements:**
- Handle API calls (React Query)
- Form validation (Zod/React Hook Form)
- State management (Zustand if needed)",0,Developer,Act as a Senior Full-Stack Developer. Your goal is to implement 'Implement Logic: ScorecardEditor'. 1. Follow Hexagonal Architecture (Domain -> Ports -> Adapters). 2. Use NestJS/React best practices. 3. Ensure all code is strictly typed. 4. NO MOCKS: Use real DB/API connections unless it's a unit test. 5. Update Swagger/Storybook documentation.
Test Component: ScorecardEditor,Task,Psitrix Psynq,Feature: Scorecard Builder,Normal,New,2026-10-14,2026-10-16,Developer,4h,"Frontend,Testing",v1.0.0-MVP,3,Low,Specs defined,Code implemented & tested,Tests passing; No mocks,Functional requirement met,,Revert commit,"**File:** `packages/web/src/modules/qm/scorecards/ScorecardEditor.test.tsx`
**Requirements:**
- Render testing (React Testing Library)
- User interaction simulation
- Mock API calls (MSW)",0,QA Engineer,"Act as a Senior QA Engineer. Your goal is to verify the implementation of 'Test Component: ScorecardEditor'. 1. Review the code in the specified file paths. 2. Execute existing tests and write new ones for edge cases (nulls, timeouts, high load). 3. Ensure 100% coverage. 4. Report any regressions or performance bottlenecks."
Storybook: ScorecardEditor,Task,Psitrix Psynq,Feature: Scorecard Builder,Low,New,2026-10-15,2026-10-16,Developer,4h,"Frontend,Docs",v1.0.0-MVP,3,Low,Specs defined,Code implemented & tested,Tests passing; No mocks,Functional requirement met,,Revert commit,"**File:** `packages/web/src/modules/qm/scorecards/ScorecardEditor.stories.tsx`
**Requirements:**
- Default state
- Loading state
- Error state
- Empty state",0,Developer,Act as a Senior Full-Stack Developer. Your goal is to implement 'Storybook: ScorecardEditor'. 1. Follow Hexagonal Architecture (Domain -> Ports -> Adapters). 2. Use NestJS/React best practices. 3. Ensure all code is strictly typed. 4. NO MOCKS: Use real DB/API connections unless it's a unit test. 5. Update Swagger/Storybook documentation.
Responsive Check: ScorecardEditor,Task,Psitrix Psynq,Feature: Scorecard Builder,Normal,New,2026-10-16,2026-10-17,Developer,4h,"Frontend,UI",v1.0.0-MVP,3,Low,Specs defined,Code implemented & tested,Tests passing; No mocks,Functional requirement met,,Revert commit,"**Checklist:**
- Mobile view (320px)
- Tablet view (768px)
- Desktop view (1024px+)
- Flex/Grid behavior",0,Developer,Act as a Senior Full-Stack Developer. Your goal is to implement 'Responsive Check: ScorecardEditor'. 1. Follow Hexagonal Architecture (Domain -> Ports -> Adapters). 2. Use NestJS/React best practices. 3. Ensure all code is strictly typed. 4. NO MOCKS: Use real DB/API connections unless it's a unit test. 5. Update Swagger/Storybook documentation.
a11y Audit: ScorecardEditor,Task,Psitrix Psynq,Feature: Scorecard Builder,Normal,New,2026-10-16,2026-10-17,Developer,4h,"Frontend,UI",v1.0.0-MVP,3,Low,Specs defined,Code implemented & tested,Tests passing; No mocks,Functional requirement met,,Revert commit,"**Checklist:**
- Keyboard navigation
- Screen reader support
- Color contrast
- ARIA labels",0,QA Engineer,"Act as a Senior QA Engineer. Your goal is to verify the implementation of 'a11y Audit: ScorecardEditor'. 1. Review the code in the specified file paths. 2. Execute existing tests and write new ones for edge cases (nulls, timeouts, high load). 3. Ensure 100% coverage. 4. Report any regressions or performance bottlenecks."
i18n Support: ScorecardEditor,Task,Psitrix Psynq,Feature: Scorecard Builder,Low,New,2026-10-14,2026-10-15,Developer,4h,"Frontend,i18n",v1.0.0-MVP,3,Low,Specs defined,Code implemented & tested,Tests passing; No mocks,Functional requirement met,,Revert commit,"**File:** `packages/web/src/locales/en/scorecardeditor.json`
**Requirements:**
- Extract all strings
- Add translation keys
- Support RTL if needed",0,Developer,Act as a Senior Full-Stack Developer. Your goal is to implement 'i18n Support: ScorecardEditor'. 1. Follow Hexagonal Architecture (Domain -> Ports -> Adapters). 2. Use NestJS/React best practices. 3. Ensure all code is strictly typed. 4. NO MOCKS: Use real DB/API connections unless it's a unit test. 5. Update Swagger/Storybook documentation.
Error Boundary: ScorecardEditor,Task,Psitrix Psynq,Feature: Scorecard Builder,Low,New,2026-10-15,2026-10-16,Developer,4h,"Frontend,Logic",v1.0.0-MVP,3,Low,Specs defined,Code implemented & tested,Tests passing; No mocks,Functional requirement met,,Revert commit,"**Requirements:**
- Graceful error fallback
- Retry mechanism
- Error logging",0,Developer,Act as a Senior Full-Stack Developer. Your goal is to implement 'Error Boundary: ScorecardEditor'. 1. Follow Hexagonal Architecture (Domain -> Ports -> Adapters). 2. Use NestJS/React best practices. 3. Ensure all code is strictly typed. 4. NO MOCKS: Use real DB/API connections unless it's a unit test. 5. Update Swagger/Storybook documentation.
Phase: Workforce Management (WFM),Phase,Psitrix Psynq,,Normal,New,2026-11-11,2027-01-10,Tech Lead,,,v1.0.0-MVP,,Low,Specs defined,Code implemented & tested,Tests passing; No mocks,Functional requirement met,,Revert commit,Scheduling & Forecasting,0,Developer,
Epic: Demand Forecasting,Epic,Psitrix Psynq,Phase: Workforce Management (WFM),High,New,2026-11-11,2026-12-11,Tech Lead,,,v1.0.0-MVP,,Low,Specs defined,Code implemented & tested,Tests passing; No mocks,Functional requirement met,,Revert commit,AI-based call volume prediction,0,Developer,
Feature: Forecasting Service,Feature,Psitrix Psynq,Epic: Demand Forecasting,High,New,2026-11-11,2026-11-26,Developer,,,v1.0.0-MVP,,Low,Specs defined,Code implemented & tested,Tests passing; No mocks,Functional requirement met,,Revert commit,Prophet/LSTM forecasting,0,Product Owner / Architect,"Act as a Solution Architect. Define the technical specifications and sub-tasks for 'Feature: Forecasting Service'. Ensure alignment with the CCaaS platform goals (reliability, scalability, low latency)."
Define Entity: ForecastService,Task,Psitrix Psynq,Feature: Forecasting Service,High,New,2026-11-11,2026-11-13,Developer,4h,"Backend,Database",v1.0.0-MVP,3,Low,Specs defined,Code implemented & tested,Tests passing; No mocks,Functional requirement met,,Revert commit,"**File:** `packages/backend/src/modules/wfm/forecasting/entities/forecastservice.entity.ts`
**Class:** `ForecastService`
**Type:** TypeORM Entity
**Requirements:**
- Define columns with exact types (varchar, int, jsonb)
- Define relationships (OneToMany, ManyToOne)
- Add indexes for performance
- NO MOCKS: Use real DB connection",0,Developer,Act as a Senior Full-Stack Developer. Your goal is to implement 'Define Entity: ForecastService'. 1. Follow Hexagonal Architecture (Domain -> Ports -> Adapters). 2. Use NestJS/React best practices. 3. Ensure all code is strictly typed. 4. NO MOCKS: Use real DB/API connections unless it's a unit test. 5. Update Swagger/Storybook documentation.
Create DTOs: ForecastService,Task,Psitrix Psynq,Feature: Forecasting Service,Normal,New,2026-11-11,2026-11-12,Developer,4h,"Backend,API",v1.0.0-MVP,3,Low,Specs defined,Code implemented & tested,Tests passing; No mocks,Functional requirement met,,Revert commit,"**File:** `packages/backend/src/modules/wfm/forecasting/dto/create-forecastservice.dto.ts`
**File:** `packages/backend/src/modules/wfm/forecasting/dto/update-forecastservice.dto.ts`
**Requirements:**
- Use class-validator decorators (@IsString, @IsInt)
- Use class-transformer
- Strict typing",0,Developer,Act as a Senior Full-Stack Developer. Your goal is to implement 'Create DTOs: ForecastService'. 1. Follow Hexagonal Architecture (Domain -> Ports -> Adapters). 2. Use NestJS/React best practices. 3. Ensure all code is strictly typed. 4. NO MOCKS: Use real DB/API connections unless it's a unit test. 5. Update Swagger/Storybook documentation.
Implement Service: ForecastServiceService,Task,Psitrix Psynq,Feature: Forecasting Service,High,New,2026-11-12,2026-11-15,Developer,4h,Backend,v1.0.0-MVP,3,Low,Specs defined,Code implemented & tested,Tests passing; No mocks,Functional requirement met,,Revert commit,"**File:** `packages/backend/src/modules/wfm/forecasting/forecastservice.service.ts`
**Class:** `ForecastServiceService`
**Methods:**
- `create(dto)`
- `findAll(query)`
- `findOne(id)`
- `update(id, dto)`
- `remove(id)`
**Logic:** Business logic implementation. NO STUBS.",0,Developer,Act as a Senior Full-Stack Developer. Your goal is to implement 'Implement Service: ForecastServiceService'. 1. Follow Hexagonal Architecture (Domain -> Ports -> Adapters). 2. Use NestJS/React best practices. 3. Ensure all code is strictly typed. 4. NO MOCKS: Use real DB/API connections unless it's a unit test. 5. Update Swagger/Storybook documentation.
Implement Controller: ForecastServiceController,Task,Psitrix Psynq,Feature: Forecasting Service,High,New,2026-11-13,2026-11-15,Developer,4h,"Backend,API",v1.0.0-MVP,3,Low,Specs defined,Code implemented & tested,Tests passing; No mocks,Functional requirement met,,Revert commit,"**File:** `packages/backend/src/modules/wfm/forecasting/forecastservice.controller.ts`
**Class:** `ForecastServiceController`
**Endpoints:**
- `POST /api/v1/forecastservices`
- `GET /api/v1/forecastservices`
- `GET /api/v1/forecastservices/:id`
- `PATCH /api/v1/forecastservices/:id`
- `DELETE /api/v1/forecastservices/:id`
**Requirements:** Swagger docs (@ApiTags), Auth guards",0,Developer,Act as a Senior Full-Stack Developer. Your goal is to implement 'Implement Controller: ForecastServiceController'. 1. Follow Hexagonal Architecture (Domain -> Ports -> Adapters). 2. Use NestJS/React best practices. 3. Ensure all code is strictly typed. 4. NO MOCKS: Use real DB/API connections unless it's a unit test. 5. Update Swagger/Storybook documentation.
Unit Tests: ForecastServiceService,Task,Psitrix Psynq,Feature: Forecasting Service,Normal,New,2026-11-14,2026-11-16,Developer,4h,"Backend,Testing",v1.0.0-MVP,3,Low,Specs defined,Code implemented & tested,Tests passing; No mocks,Functional requirement met,,Revert commit,"**File:** `packages/backend/src/modules/wfm/forecasting/forecastservice.service.spec.ts`
**Requirements:**
- 100% coverage for service methods
- Test success and error cases
- Mock repository only (unit test)",0,QA Engineer,"Act as a Senior QA Engineer. Your goal is to verify the implementation of 'Unit Tests: ForecastServiceService'. 1. Review the code in the specified file paths. 2. Execute existing tests and write new ones for edge cases (nulls, timeouts, high load). 3. Ensure 100% coverage. 4. Report any regressions or performance bottlenecks."
Integration Tests: ForecastService,Task,Psitrix Psynq,Feature: Forecasting Service,Normal,New,2026-11-15,2026-11-17,Developer,4h,"Backend,Testing",v1.0.0-MVP,3,Low,Specs defined,Code implemented & tested,Tests passing; No mocks,Functional requirement met,,Revert commit,"**File:** `test/forecastservice.integration-spec.ts`
**Requirements:**
- Test database interactions
- Test service integration
- Test event emission",0,QA Engineer,"Act as a Senior QA Engineer. Your goal is to verify the implementation of 'Integration Tests: ForecastService'. 1. Review the code in the specified file paths. 2. Execute existing tests and write new ones for edge cases (nulls, timeouts, high load). 3. Ensure 100% coverage. 4. Report any regressions or performance bottlenecks."
Swagger Docs: ForecastService,Task,Psitrix Psynq,Feature: Forecasting Service,Low,New,2026-11-12,2026-11-13,Developer,4h,"Backend,Docs",v1.0.0-MVP,3,Low,Specs defined,Code implemented & tested,Tests passing; No mocks,Functional requirement met,,Revert commit,"**File:** `packages/backend/src/modules/wfm/forecasting/forecastservice.controller.ts`
**Requirements:**
- Add @ApiOperation
- Add @ApiResponse
- Add @ApiProperty to DTOs",0,Developer,Act as a Senior Full-Stack Developer. Your goal is to implement 'Swagger Docs: ForecastService'. 1. Follow Hexagonal Architecture (Domain -> Ports -> Adapters). 2. Use NestJS/React best practices. 3. Ensure all code is strictly typed. 4. NO MOCKS: Use real DB/API connections unless it's a unit test. 5. Update Swagger/Storybook documentation.
DB Migration: ForecastService,Task,Psitrix Psynq,Feature: Forecasting Service,High,New,2026-11-11,2026-11-12,Developer,4h,"Backend,Database",v1.0.0-MVP,3,Low,Specs defined,Code implemented & tested,Tests passing; No mocks,Functional requirement met,,Revert commit,"**File:** `packages/backend/src/migrations/CreateForecastServiceTable.ts`
**Requirements:**
- Up method (create table)
- Down method (drop table)
- Indexes and constraints",0,Developer,Act as a Senior Full-Stack Developer. Your goal is to implement 'DB Migration: ForecastService'. 1. Follow Hexagonal Architecture (Domain -> Ports -> Adapters). 2. Use NestJS/React best practices. 3. Ensure all code is strictly typed. 4. NO MOCKS: Use real DB/API connections unless it's a unit test. 5. Update Swagger/Storybook documentation.
Seed Data: ForecastService,Task,Psitrix Psynq,Feature: Forecasting Service,Low,New,2026-11-13,2026-11-14,Developer,4h,"Backend,Database",v1.0.0-MVP,3,Low,Specs defined,Code implemented & tested,Tests passing; No mocks,Functional requirement met,,Revert commit,"**File:** `packages/backend/src/seeds/forecastservice.seed.ts`
**Requirements:**
- Create default/test data
- Handle relationships",0,Developer,Act as a Senior Full-Stack Developer. Your goal is to implement 'Seed Data: ForecastService'. 1. Follow Hexagonal Architecture (Domain -> Ports -> Adapters). 2. Use NestJS/React best practices. 3. Ensure all code is strictly typed. 4. NO MOCKS: Use real DB/API connections unless it's a unit test. 5. Update Swagger/Storybook documentation.
Phase: Final Integration & Launch,Phase,Psitrix Psynq,,High,New,2026-12-11,2027-01-10,Tech Lead,,,v1.0.0-MVP,,Low,Specs defined,Code implemented & tested,Tests passing; No mocks,Functional requirement met,,Revert commit,Production Readiness,0,Developer,
Epic: Load & Stress Testing,Epic,Psitrix Psynq,Phase: Final Integration & Launch,High,New,2026-12-11,2026-12-26,Tech Lead,,,v1.0.0-MVP,,Low,Specs defined,Code implemented & tested,Tests passing; No mocks,Functional requirement met,,Revert commit,"10,000 Concurrent Calls",0,Developer,
Feature: Load Test Suite,Feature,Psitrix Psynq,Epic: Load & Stress Testing,High,New,2026-12-11,2026-12-21,Developer,,,v1.0.0-MVP,,Low,Specs defined,Code implemented & tested,Tests passing; No mocks,Functional requirement met,,Revert commit,Locust.io scripts for ARI,0,Product Owner / Architect,"Act as a Solution Architect. Define the technical specifications and sub-tasks for 'Feature: Load Test Suite'. Ensure alignment with the CCaaS platform goals (reliability, scalability, low latency)."
Run SIP Stress Test,Task,Psitrix Psynq,Feature: Load Test Suite,High,New,2026-12-11,2026-12-16,Developer,4h,,v1.0.0-MVP,3,Low,Specs defined,Code implemented & tested,Tests passing; No mocks,Functional requirement met,,Revert commit,Use SIPP for 1000 CPS,0,QA Engineer,"Act as a Senior QA Engineer. Your goal is to verify the implementation of 'Run SIP Stress Test'. 1. Review the code in the specified file paths. 2. Execute existing tests and write new ones for edge cases (nulls, timeouts, high load). 3. Ensure 100% coverage. 4. Report any regressions or performance bottlenecks."
Phase: Leader Rival Features,Phase,Psitrix Psynq,,High,New,2026-01-15,2027-01-15,Tech Lead,,,v1.0.0-MVP,,Low,Specs defined,Code implemented & tested,Tests passing; No mocks,Functional requirement met,,Revert commit,Features to beat Exotel/Ozonetel,0,Developer,
Epic: Privacy & Masking,Epic,Psitrix Psynq,Phase: Leader Rival Features,High,New,2026-01-15,2026-02-14,Tech Lead,,,v1.0.0-MVP,,Low,Specs defined,Code implemented & tested,Tests passing; No mocks,Functional requirement met,,Revert commit,Number Masking,0,Developer,
Feature: Number Masking API,Feature,Psitrix Psynq,Epic: Privacy & Masking,High,New,2026-01-15,2026-01-30,Developer,,,v1.0.0-MVP,,Low,Specs defined,Code implemented & tested,Tests passing; No mocks,Functional requirement met,,Revert commit,Anonymous calling,0,Product Owner / Architect,"Act as a Solution Architect. Define the technical specifications and sub-tasks for 'Feature: Number Masking API'. Ensure alignment with the CCaaS platform goals (reliability, scalability, low latency)."
Define Entity: MaskingService,Task,Psitrix Psynq,Feature: Number Masking API,High,New,2026-01-15,2026-01-17,Developer,4h,"Backend,Database",v1.0.0-MVP,3,Low,Specs defined,Code implemented & tested,Tests passing; No mocks,Functional requirement met,,Revert commit,"**File:** `packages/backend/src/modules/telephony/masking/entities/maskingservice.entity.ts`
**Class:** `MaskingService`
**Type:** TypeORM Entity
**Requirements:**
- Define columns with exact types (varchar, int, jsonb)
- Define relationships (OneToMany, ManyToOne)
- Add indexes for performance
- NO MOCKS: Use real DB connection",0,Developer,Act as a Senior Full-Stack Developer. Your goal is to implement 'Define Entity: MaskingService'. 1. Follow Hexagonal Architecture (Domain -> Ports -> Adapters). 2. Use NestJS/React best practices. 3. Ensure all code is strictly typed. 4. NO MOCKS: Use real DB/API connections unless it's a unit test. 5. Update Swagger/Storybook documentation.
Create DTOs: MaskingService,Task,Psitrix Psynq,Feature: Number Masking API,Normal,New,2026-01-15,2026-01-16,Developer,4h,"Backend,API",v1.0.0-MVP,3,Low,Specs defined,Code implemented & tested,Tests passing; No mocks,Functional requirement met,,Revert commit,"**File:** `packages/backend/src/modules/telephony/masking/dto/create-maskingservice.dto.ts`
**File:** `packages/backend/src/modules/telephony/masking/dto/update-maskingservice.dto.ts`
**Requirements:**
- Use class-validator decorators (@IsString, @IsInt)
- Use class-transformer
- Strict typing",0,Developer,Act as a Senior Full-Stack Developer. Your goal is to implement 'Create DTOs: MaskingService'. 1. Follow Hexagonal Architecture (Domain -> Ports -> Adapters). 2. Use NestJS/React best practices. 3. Ensure all code is strictly typed. 4. NO MOCKS: Use real DB/API connections unless it's a unit test. 5. Update Swagger/Storybook documentation.
Implement Service: MaskingServiceService,Task,Psitrix Psynq,Feature: Number Masking API,High,New,2026-01-16,2026-01-19,Developer,4h,Backend,v1.0.0-MVP,3,Low,Specs defined,Code implemented & tested,Tests passing; No mocks,Functional requirement met,,Revert commit,"**File:** `packages/backend/src/modules/telephony/masking/maskingservice.service.ts`
**Class:** `MaskingServiceService`
**Methods:**
- `create(dto)`
- `findAll(query)`
- `findOne(id)`
- `update(id, dto)`
- `remove(id)`
**Logic:** Business logic implementation. NO STUBS.",0,Developer,Act as a Senior Full-Stack Developer. Your goal is to implement 'Implement Service: MaskingServiceService'. 1. Follow Hexagonal Architecture (Domain -> Ports -> Adapters). 2. Use NestJS/React best practices. 3. Ensure all code is strictly typed. 4. NO MOCKS: Use real DB/API connections unless it's a unit test. 5. Update Swagger/Storybook documentation.
Implement Controller: MaskingServiceController,Task,Psitrix Psynq,Feature: Number Masking API,High,New,2026-01-17,2026-01-19,Developer,4h,"Backend,API",v1.0.0-MVP,3,Low,Specs defined,Code implemented & tested,Tests passing; No mocks,Functional requirement met,,Revert commit,"**File:** `packages/backend/src/modules/telephony/masking/maskingservice.controller.ts`
**Class:** `MaskingServiceController`
**Endpoints:**
- `POST /api/v1/maskingservices`
- `GET /api/v1/maskingservices`
- `GET /api/v1/maskingservices/:id`
- `PATCH /api/v1/maskingservices/:id`
- `DELETE /api/v1/maskingservices/:id`
**Requirements:** Swagger docs (@ApiTags), Auth guards",0,Developer,Act as a Senior Full-Stack Developer. Your goal is to implement 'Implement Controller: MaskingServiceController'. 1. Follow Hexagonal Architecture (Domain -> Ports -> Adapters). 2. Use NestJS/React best practices. 3. Ensure all code is strictly typed. 4. NO MOCKS: Use real DB/API connections unless it's a unit test. 5. Update Swagger/Storybook documentation.
Unit Tests: MaskingServiceService,Task,Psitrix Psynq,Feature: Number Masking API,Normal,New,2026-01-18,2026-01-20,Developer,4h,"Backend,Testing",v1.0.0-MVP,3,Low,Specs defined,Code implemented & tested,Tests passing; No mocks,Functional requirement met,,Revert commit,"**File:** `packages/backend/src/modules/telephony/masking/maskingservice.service.spec.ts`
**Requirements:**
- 100% coverage for service methods
- Test success and error cases
- Mock repository only (unit test)",0,QA Engineer,"Act as a Senior QA Engineer. Your goal is to verify the implementation of 'Unit Tests: MaskingServiceService'. 1. Review the code in the specified file paths. 2. Execute existing tests and write new ones for edge cases (nulls, timeouts, high load). 3. Ensure 100% coverage. 4. Report any regressions or performance bottlenecks."
Integration Tests: MaskingService,Task,Psitrix Psynq,Feature: Number Masking API,Normal,New,2026-01-19,2026-01-21,Developer,4h,"Backend,Testing",v1.0.0-MVP,3,Low,Specs defined,Code implemented & tested,Tests passing; No mocks,Functional requirement met,,Revert commit,"**File:** `test/maskingservice.integration-spec.ts`
**Requirements:**
- Test database interactions
- Test service integration
- Test event emission",0,QA Engineer,"Act as a Senior QA Engineer. Your goal is to verify the implementation of 'Integration Tests: MaskingService'. 1. Review the code in the specified file paths. 2. Execute existing tests and write new ones for edge cases (nulls, timeouts, high load). 3. Ensure 100% coverage. 4. Report any regressions or performance bottlenecks."
Swagger Docs: MaskingService,Task,Psitrix Psynq,Feature: Number Masking API,Low,New,2026-01-16,2026-01-17,Developer,4h,"Backend,Docs",v1.0.0-MVP,3,Low,Specs defined,Code implemented & tested,Tests passing; No mocks,Functional requirement met,,Revert commit,"**File:** `packages/backend/src/modules/telephony/masking/maskingservice.controller.ts`
**Requirements:**
- Add @ApiOperation
- Add @ApiResponse
- Add @ApiProperty to DTOs",0,Developer,Act as a Senior Full-Stack Developer. Your goal is to implement 'Swagger Docs: MaskingService'. 1. Follow Hexagonal Architecture (Domain -> Ports -> Adapters). 2. Use NestJS/React best practices. 3. Ensure all code is strictly typed. 4. NO MOCKS: Use real DB/API connections unless it's a unit test. 5. Update Swagger/Storybook documentation.
DB Migration: MaskingService,Task,Psitrix Psynq,Feature: Number Masking API,High,New,2026-01-15,2026-01-16,Developer,4h,"Backend,Database",v1.0.0-MVP,3,Low,Specs defined,Code implemented & tested,Tests passing; No mocks,Functional requirement met,,Revert commit,"**File:** `packages/backend/src/migrations/CreateMaskingServiceTable.ts`
**Requirements:**
- Up method (create table)
- Down method (drop table)
- Indexes and constraints",0,Developer,Act as a Senior Full-Stack Developer. Your goal is to implement 'DB Migration: MaskingService'. 1. Follow Hexagonal Architecture (Domain -> Ports -> Adapters). 2. Use NestJS/React best practices. 3. Ensure all code is strictly typed. 4. NO MOCKS: Use real DB/API connections unless it's a unit test. 5. Update Swagger/Storybook documentation.
Seed Data: MaskingService,Task,Psitrix Psynq,Feature: Number Masking API,Low,New,2026-01-17,2026-01-18,Developer,4h,"Backend,Database",v1.0.0-MVP,3,Low,Specs defined,Code implemented & tested,Tests passing; No mocks,Functional requirement met,,Revert commit,"**File:** `packages/backend/src/seeds/maskingservice.seed.ts`
**Requirements:**
- Create default/test data
- Handle relationships",0,Developer,Act as a Senior Full-Stack Developer. Your goal is to implement 'Seed Data: MaskingService'. 1. Follow Hexagonal Architecture (Domain -> Ports -> Adapters). 2. Use NestJS/React best practices. 3. Ensure all code is strictly typed. 4. NO MOCKS: Use real DB/API connections unless it's a unit test. 5. Update Swagger/Storybook documentation.
Epic: Global Compliance,Epic,Psitrix Psynq,Phase: Leader Rival Features,High,New,2026-01-15,2026-03-16,Tech Lead,,,v1.0.0-MVP,,Low,Specs defined,Code implemented & tested,Tests passing; No mocks,Functional requirement met,,Revert commit,"DNC, TCPA, GDPR",0,Developer,
Feature: DNC Registry,Feature,Psitrix Psynq,Epic: Global Compliance,High,New,2026-01-15,2026-01-30,Developer,,,v1.0.0-MVP,,Low,Specs defined,Code implemented & tested,Tests passing; No mocks,Functional requirement met,,Revert commit,Do Not Disturb management,0,Product Owner / Architect,"Act as a Solution Architect. Define the technical specifications and sub-tasks for 'Feature: DNC Registry'. Ensure alignment with the CCaaS platform goals (reliability, scalability, low latency)."
Define Entity: DncService,Task,Psitrix Psynq,Feature: DNC Registry,High,New,2026-01-15,2026-01-17,Developer,4h,"Backend,Database",v1.0.0-MVP,3,Low,Specs defined,Code implemented & tested,Tests passing; No mocks,Functional requirement met,,Revert commit,"**File:** `packages/backend/src/modules/compliance/dnc/entities/dncservice.entity.ts`
**Class:** `DncService`
**Type:** TypeORM Entity
**Requirements:**
- Define columns with exact types (varchar, int, jsonb)
- Define relationships (OneToMany, ManyToOne)
- Add indexes for performance
- NO MOCKS: Use real DB connection",0,Developer,Act as a Senior Full-Stack Developer. Your goal is to implement 'Define Entity: DncService'. 1. Follow Hexagonal Architecture (Domain -> Ports -> Adapters). 2. Use NestJS/React best practices. 3. Ensure all code is strictly typed. 4. NO MOCKS: Use real DB/API connections unless it's a unit test. 5. Update Swagger/Storybook documentation.
Create DTOs: DncService,Task,Psitrix Psynq,Feature: DNC Registry,Normal,New,2026-01-15,2026-01-16,Developer,4h,"Backend,API",v1.0.0-MVP,3,Low,Specs defined,Code implemented & tested,Tests passing; No mocks,Functional requirement met,,Revert commit,"**File:** `packages/backend/src/modules/compliance/dnc/dto/create-dncservice.dto.ts`
**File:** `packages/backend/src/modules/compliance/dnc/dto/update-dncservice.dto.ts`
**Requirements:**
- Use class-validator decorators (@IsString, @IsInt)
- Use class-transformer
- Strict typing",0,Developer,Act as a Senior Full-Stack Developer. Your goal is to implement 'Create DTOs: DncService'. 1. Follow Hexagonal Architecture (Domain -> Ports -> Adapters). 2. Use NestJS/React best practices. 3. Ensure all code is strictly typed. 4. NO MOCKS: Use real DB/API connections unless it's a unit test. 5. Update Swagger/Storybook documentation.
Implement Service: DncServiceService,Task,Psitrix Psynq,Feature: DNC Registry,High,New,2026-01-16,2026-01-19,Developer,4h,Backend,v1.0.0-MVP,3,Low,Specs defined,Code implemented & tested,Tests passing; No mocks,Functional requirement met,,Revert commit,"**File:** `packages/backend/src/modules/compliance/dnc/dncservice.service.ts`
**Class:** `DncServiceService`
**Methods:**
- `create(dto)`
- `findAll(query)`
- `findOne(id)`
- `update(id, dto)`
- `remove(id)`
**Logic:** Business logic implementation. NO STUBS.",0,Developer,Act as a Senior Full-Stack Developer. Your goal is to implement 'Implement Service: DncServiceService'. 1. Follow Hexagonal Architecture (Domain -> Ports -> Adapters). 2. Use NestJS/React best practices. 3. Ensure all code is strictly typed. 4. NO MOCKS: Use real DB/API connections unless it's a unit test. 5. Update Swagger/Storybook documentation.
Implement Controller: DncServiceController,Task,Psitrix Psynq,Feature: DNC Registry,High,New,2026-01-17,2026-01-19,Developer,4h,"Backend,API",v1.0.0-MVP,3,Low,Specs defined,Code implemented & tested,Tests passing; No mocks,Functional requirement met,,Revert commit,"**File:** `packages/backend/src/modules/compliance/dnc/dncservice.controller.ts`
**Class:** `DncServiceController`
**Endpoints:**
- `POST /api/v1/dncservices`
- `GET /api/v1/dncservices`
- `GET /api/v1/dncservices/:id`
- `PATCH /api/v1/dncservices/:id`
- `DELETE /api/v1/dncservices/:id`
**Requirements:** Swagger docs (@ApiTags), Auth guards",0,Developer,Act as a Senior Full-Stack Developer. Your goal is to implement 'Implement Controller: DncServiceController'. 1. Follow Hexagonal Architecture (Domain -> Ports -> Adapters). 2. Use NestJS/React best practices. 3. Ensure all code is strictly typed. 4. NO MOCKS: Use real DB/API connections unless it's a unit test. 5. Update Swagger/Storybook documentation.
Unit Tests: DncServiceService,Task,Psitrix Psynq,Feature: DNC Registry,Normal,New,2026-01-18,2026-01-20,Developer,4h,"Backend,Testing",v1.0.0-MVP,3,Low,Specs defined,Code implemented & tested,Tests passing; No mocks,Functional requirement met,,Revert commit,"**File:** `packages/backend/src/modules/compliance/dnc/dncservice.service.spec.ts`
**Requirements:**
- 100% coverage for service methods
- Test success and error cases
- Mock repository only (unit test)",0,QA Engineer,"Act as a Senior QA Engineer. Your goal is to verify the implementation of 'Unit Tests: DncServiceService'. 1. Review the code in the specified file paths. 2. Execute existing tests and write new ones for edge cases (nulls, timeouts, high load). 3. Ensure 100% coverage. 4. Report any regressions or performance bottlenecks."
Integration Tests: DncService,Task,Psitrix Psynq,Feature: DNC Registry,Normal,New,2026-01-19,2026-01-21,Developer,4h,"Backend,Testing",v1.0.0-MVP,3,Low,Specs defined,Code implemented & tested,Tests passing; No mocks,Functional requirement met,,Revert commit,"**File:** `test/dncservice.integration-spec.ts`
**Requirements:**
- Test database interactions
- Test service integration
- Test event emission",0,QA Engineer,"Act as a Senior QA Engineer. Your goal is to verify the implementation of 'Integration Tests: DncService'. 1. Review the code in the specified file paths. 2. Execute existing tests and write new ones for edge cases (nulls, timeouts, high load). 3. Ensure 100% coverage. 4. Report any regressions or performance bottlenecks."
Swagger Docs: DncService,Task,Psitrix Psynq,Feature: DNC Registry,Low,New,2026-01-16,2026-01-17,Developer,4h,"Backend,Docs",v1.0.0-MVP,3,Low,Specs defined,Code implemented & tested,Tests passing; No mocks,Functional requirement met,,Revert commit,"**File:** `packages/backend/src/modules/compliance/dnc/dncservice.controller.ts`
**Requirements:**
- Add @ApiOperation
- Add @ApiResponse
- Add @ApiProperty to DTOs",0,Developer,Act as a Senior Full-Stack Developer. Your goal is to implement 'Swagger Docs: DncService'. 1. Follow Hexagonal Architecture (Domain -> Ports -> Adapters). 2. Use NestJS/React best practices. 3. Ensure all code is strictly typed. 4. NO MOCKS: Use real DB/API connections unless it's a unit test. 5. Update Swagger/Storybook documentation.
DB Migration: DncService,Task,Psitrix Psynq,Feature: DNC Registry,High,New,2026-01-15,2026-01-16,Developer,4h,"Backend,Database",v1.0.0-MVP,3,Low,Specs defined,Code implemented & tested,Tests passing; No mocks,Functional requirement met,,Revert commit,"**File:** `packages/backend/src/migrations/CreateDncServiceTable.ts`
**Requirements:**
- Up method (create table)
- Down method (drop table)
- Indexes and constraints",0,Developer,Act as a Senior Full-Stack Developer. Your goal is to implement 'DB Migration: DncService'. 1. Follow Hexagonal Architecture (Domain -> Ports -> Adapters). 2. Use NestJS/React best practices. 3. Ensure all code is strictly typed. 4. NO MOCKS: Use real DB/API connections unless it's a unit test. 5. Update Swagger/Storybook documentation.
Seed Data: DncService,Task,Psitrix Psynq,Feature: DNC Registry,Low,New,2026-01-17,2026-01-18,Developer,4h,"Backend,Database",v1.0.0-MVP,3,Low,Specs defined,Code implemented & tested,Tests passing; No mocks,Functional requirement met,,Revert commit,"**File:** `packages/backend/src/seeds/dncservice.seed.ts`
**Requirements:**
- Create default/test data
- Handle relationships",0,Developer,Act as a Senior Full-Stack Developer. Your goal is to implement 'Seed Data: DncService'. 1. Follow Hexagonal Architecture (Domain -> Ports -> Adapters). 2. Use NestJS/React best practices. 3. Ensure all code is strictly typed. 4. NO MOCKS: Use real DB/API connections unless it's a unit test. 5. Update Swagger/Storybook documentation.
Phase: Expanded Core Features,Phase,Psitrix Psynq,,High,New,2026-06-14,2026-10-12,Tech Lead,,,v1.0.0-MVP,,Low,Specs defined,Code implemented & tested,Tests passing; No mocks,Functional requirement met,,Revert commit,All Core Modules,0,Developer,
Epic: Backend Modules Implementation,Epic,Psitrix Psynq,Phase: Expanded Core Features,High,New,2026-06-14,2026-10-12,Tech Lead,,,v1.0.0-MVP,,Low,Specs defined,Code implemented & tested,Tests passing; No mocks,Functional requirement met,,Revert commit,Backend Services,0,Developer,
Feature: Skills Module,Feature,Psitrix Psynq,Epic: Backend Modules Implementation,Normal,New,2026-06-14,2026-06-24,Developer,,,v1.0.0-MVP,,Low,Specs defined,Code implemented & tested,Tests passing; No mocks,Functional requirement met,,Revert commit,Skills Implementation,0,Product Owner / Architect,"Act as a Solution Architect. Define the technical specifications and sub-tasks for 'Feature: Skills Module'. Ensure alignment with the CCaaS platform goals (reliability, scalability, low latency)."
Define Entity: Skill,Task,Psitrix Psynq,Feature: Skills Module,High,New,2026-06-14,2026-06-16,Developer,4h,"Backend,Database",v1.0.0-MVP,3,Low,Specs defined,Code implemented & tested,Tests passing; No mocks,Functional requirement met,,Revert commit,"**File:** `packages/backend/src/modules/skills/entities/skill.entity.ts`
**Class:** `Skill`
**Type:** TypeORM Entity
**Requirements:**
- Define columns with exact types (varchar, int, jsonb)
- Define relationships (OneToMany, ManyToOne)
- Add indexes for performance
- NO MOCKS: Use real DB connection",0,Developer,Act as a Senior Full-Stack Developer. Your goal is to implement 'Define Entity: Skill'. 1. Follow Hexagonal Architecture (Domain -> Ports -> Adapters). 2. Use NestJS/React best practices. 3. Ensure all code is strictly typed. 4. NO MOCKS: Use real DB/API connections unless it's a unit test. 5. Update Swagger/Storybook documentation.
Create DTOs: Skill,Task,Psitrix Psynq,Feature: Skills Module,Normal,New,2026-06-14,2026-06-15,Developer,4h,"Backend,API",v1.0.0-MVP,3,Low,Specs defined,Code implemented & tested,Tests passing; No mocks,Functional requirement met,,Revert commit,"**File:** `packages/backend/src/modules/skills/dto/create-skill.dto.ts`
**File:** `packages/backend/src/modules/skills/dto/update-skill.dto.ts`
**Requirements:**
- Use class-validator decorators (@IsString, @IsInt)
- Use class-transformer
- Strict typing",0,Developer,Act as a Senior Full-Stack Developer. Your goal is to implement 'Create DTOs: Skill'. 1. Follow Hexagonal Architecture (Domain -> Ports -> Adapters). 2. Use NestJS/React best practices. 3. Ensure all code is strictly typed. 4. NO MOCKS: Use real DB/API connections unless it's a unit test. 5. Update Swagger/Storybook documentation.
Implement Service: SkillService,Task,Psitrix Psynq,Feature: Skills Module,High,New,2026-06-15,2026-06-18,Developer,4h,Backend,v1.0.0-MVP,3,Low,Specs defined,Code implemented & tested,Tests passing; No mocks,Functional requirement met,,Revert commit,"**File:** `packages/backend/src/modules/skills/skill.service.ts`
**Class:** `SkillService`
**Methods:**
- `create(dto)`
- `findAll(query)`
- `findOne(id)`
- `update(id, dto)`
- `remove(id)`
**Logic:** Business logic implementation. NO STUBS.",0,Developer,Act as a Senior Full-Stack Developer. Your goal is to implement 'Implement Service: SkillService'. 1. Follow Hexagonal Architecture (Domain -> Ports -> Adapters). 2. Use NestJS/React best practices. 3. Ensure all code is strictly typed. 4. NO MOCKS: Use real DB/API connections unless it's a unit test. 5. Update Swagger/Storybook documentation.
Implement Controller: SkillController,Task,Psitrix Psynq,Feature: Skills Module,High,New,2026-06-16,2026-06-18,Developer,4h,"Backend,API",v1.0.0-MVP,3,Low,Specs defined,Code implemented & tested,Tests passing; No mocks,Functional requirement met,,Revert commit,"**File:** `packages/backend/src/modules/skills/skill.controller.ts`
**Class:** `SkillController`
**Endpoints:**
- `POST /api/v1/skills`
- `GET /api/v1/skills`
- `GET /api/v1/skills/:id`
- `PATCH /api/v1/skills/:id`
- `DELETE /api/v1/skills/:id`
**Requirements:** Swagger docs (@ApiTags), Auth guards",0,Developer,Act as a Senior Full-Stack Developer. Your goal is to implement 'Implement Controller: SkillController'. 1. Follow Hexagonal Architecture (Domain -> Ports -> Adapters). 2. Use NestJS/React best practices. 3. Ensure all code is strictly typed. 4. NO MOCKS: Use real DB/API connections unless it's a unit test. 5. Update Swagger/Storybook documentation.
Unit Tests: SkillService,Task,Psitrix Psynq,Feature: Skills Module,Normal,New,2026-06-17,2026-06-19,Developer,4h,"Backend,Testing",v1.0.0-MVP,3,Low,Specs defined,Code implemented & tested,Tests passing; No mocks,Functional requirement met,,Revert commit,"**File:** `packages/backend/src/modules/skills/skill.service.spec.ts`
**Requirements:**
- 100% coverage for service methods
- Test success and error cases
- Mock repository only (unit test)",0,QA Engineer,"Act as a Senior QA Engineer. Your goal is to verify the implementation of 'Unit Tests: SkillService'. 1. Review the code in the specified file paths. 2. Execute existing tests and write new ones for edge cases (nulls, timeouts, high load). 3. Ensure 100% coverage. 4. Report any regressions or performance bottlenecks."
Integration Tests: Skill,Task,Psitrix Psynq,Feature: Skills Module,Normal,New,2026-06-18,2026-06-20,Developer,4h,"Backend,Testing",v1.0.0-MVP,3,Low,Specs defined,Code implemented & tested,Tests passing; No mocks,Functional requirement met,,Revert commit,"**File:** `test/skill.integration-spec.ts`
**Requirements:**
- Test database interactions
- Test service integration
- Test event emission",0,QA Engineer,"Act as a Senior QA Engineer. Your goal is to verify the implementation of 'Integration Tests: Skill'. 1. Review the code in the specified file paths. 2. Execute existing tests and write new ones for edge cases (nulls, timeouts, high load). 3. Ensure 100% coverage. 4. Report any regressions or performance bottlenecks."
Swagger Docs: Skill,Task,Psitrix Psynq,Feature: Skills Module,Low,New,2026-06-15,2026-06-16,Developer,4h,"Backend,Docs",v1.0.0-MVP,3,Low,Specs defined,Code implemented & tested,Tests passing; No mocks,Functional requirement met,,Revert commit,"**File:** `packages/backend/src/modules/skills/skill.controller.ts`
**Requirements:**
- Add @ApiOperation
- Add @ApiResponse
- Add @ApiProperty to DTOs",0,Developer,Act as a Senior Full-Stack Developer. Your goal is to implement 'Swagger Docs: Skill'. 1. Follow Hexagonal Architecture (Domain -> Ports -> Adapters). 2. Use NestJS/React best practices. 3. Ensure all code is strictly typed. 4. NO MOCKS: Use real DB/API connections unless it's a unit test. 5. Update Swagger/Storybook documentation.
DB Migration: Skill,Task,Psitrix Psynq,Feature: Skills Module,High,New,2026-06-14,2026-06-15,Developer,4h,"Backend,Database",v1.0.0-MVP,3,Low,Specs defined,Code implemented & tested,Tests passing; No mocks,Functional requirement met,,Revert commit,"**File:** `packages/backend/src/migrations/CreateSkillTable.ts`
**Requirements:**
- Up method (create table)
- Down method (drop table)
- Indexes and constraints",0,Developer,Act as a Senior Full-Stack Developer. Your goal is to implement 'DB Migration: Skill'. 1. Follow Hexagonal Architecture (Domain -> Ports -> Adapters). 2. Use NestJS/React best practices. 3. Ensure all code is strictly typed. 4. NO MOCKS: Use real DB/API connections unless it's a unit test. 5. Update Swagger/Storybook documentation.
Seed Data: Skill,Task,Psitrix Psynq,Feature: Skills Module,Low,New,2026-06-16,2026-06-17,Developer,4h,"Backend,Database",v1.0.0-MVP,3,Low,Specs defined,Code implemented & tested,Tests passing; No mocks,Functional requirement met,,Revert commit,"**File:** `packages/backend/src/seeds/skill.seed.ts`
**Requirements:**
- Create default/test data
- Handle relationships",0,Developer,Act as a Senior Full-Stack Developer. Your goal is to implement 'Seed Data: Skill'. 1. Follow Hexagonal Architecture (Domain -> Ports -> Adapters). 2. Use NestJS/React best practices. 3. Ensure all code is strictly typed. 4. NO MOCKS: Use real DB/API connections unless it's a unit test. 5. Update Swagger/Storybook documentation.
Feature: Routing Module,Feature,Psitrix Psynq,Epic: Backend Modules Implementation,Normal,New,2026-06-14,2026-06-24,Developer,,,v1.0.0-MVP,,Low,Specs defined,Code implemented & tested,Tests passing; No mocks,Functional requirement met,,Revert commit,Routing Implementation,0,Product Owner / Architect,"Act as a Solution Architect. Define the technical specifications and sub-tasks for 'Feature: Routing Module'. Ensure alignment with the CCaaS platform goals (reliability, scalability, low latency)."
Define Entity: RoutingRule,Task,Psitrix Psynq,Feature: Routing Module,High,New,2026-06-14,2026-06-16,Developer,4h,"Backend,Database",v1.0.0-MVP,3,Low,Specs defined,Code implemented & tested,Tests passing; No mocks,Functional requirement met,,Revert commit,"**File:** `packages/backend/src/modules/routing/entities/routingrule.entity.ts`
**Class:** `RoutingRule`
**Type:** TypeORM Entity
**Requirements:**
- Define columns with exact types (varchar, int, jsonb)
- Define relationships (OneToMany, ManyToOne)
- Add indexes for performance
- NO MOCKS: Use real DB connection",0,Developer,Act as a Senior Full-Stack Developer. Your goal is to implement 'Define Entity: RoutingRule'. 1. Follow Hexagonal Architecture (Domain -> Ports -> Adapters). 2. Use NestJS/React best practices. 3. Ensure all code is strictly typed. 4. NO MOCKS: Use real DB/API connections unless it's a unit test. 5. Update Swagger/Storybook documentation.
Create DTOs: RoutingRule,Task,Psitrix Psynq,Feature: Routing Module,Normal,New,2026-06-14,2026-06-15,Developer,4h,"Backend,API",v1.0.0-MVP,3,Low,Specs defined,Code implemented & tested,Tests passing; No mocks,Functional requirement met,,Revert commit,"**File:** `packages/backend/src/modules/routing/dto/create-routingrule.dto.ts`
**File:** `packages/backend/src/modules/routing/dto/update-routingrule.dto.ts`
**Requirements:**
- Use class-validator decorators (@IsString, @IsInt)
- Use class-transformer
- Strict typing",0,Developer,Act as a Senior Full-Stack Developer. Your goal is to implement 'Create DTOs: RoutingRule'. 1. Follow Hexagonal Architecture (Domain -> Ports -> Adapters). 2. Use NestJS/React best practices. 3. Ensure all code is strictly typed. 4. NO MOCKS: Use real DB/API connections unless it's a unit test. 5. Update Swagger/Storybook documentation.
Implement Service: RoutingRuleService,Task,Psitrix Psynq,Feature: Routing Module,High,New,2026-06-15,2026-06-18,Developer,4h,Backend,v1.0.0-MVP,3,Low,Specs defined,Code implemented & tested,Tests passing; No mocks,Functional requirement met,,Revert commit,"**File:** `packages/backend/src/modules/routing/routingrule.service.ts`
**Class:** `RoutingRuleService`
**Methods:**
- `create(dto)`
- `findAll(query)`
- `findOne(id)`
- `update(id, dto)`
- `remove(id)`
**Logic:** Business logic implementation. NO STUBS.",0,Developer,Act as a Senior Full-Stack Developer. Your goal is to implement 'Implement Service: RoutingRuleService'. 1. Follow Hexagonal Architecture (Domain -> Ports -> Adapters). 2. Use NestJS/React best practices. 3. Ensure all code is strictly typed. 4. NO MOCKS: Use real DB/API connections unless it's a unit test. 5. Update Swagger/Storybook documentation.
Implement Controller: RoutingRuleController,Task,Psitrix Psynq,Feature: Routing Module,High,New,2026-06-16,2026-06-18,Developer,4h,"Backend,API",v1.0.0-MVP,3,Low,Specs defined,Code implemented & tested,Tests passing; No mocks,Functional requirement met,,Revert commit,"**File:** `packages/backend/src/modules/routing/routingrule.controller.ts`
**Class:** `RoutingRuleController`
**Endpoints:**
- `POST /api/v1/routingrules`
- `GET /api/v1/routingrules`
- `GET /api/v1/routingrules/:id`
- `PATCH /api/v1/routingrules/:id`
- `DELETE /api/v1/routingrules/:id`
**Requirements:** Swagger docs (@ApiTags), Auth guards",0,Developer,Act as a Senior Full-Stack Developer. Your goal is to implement 'Implement Controller: RoutingRuleController'. 1. Follow Hexagonal Architecture (Domain -> Ports -> Adapters). 2. Use NestJS/React best practices. 3. Ensure all code is strictly typed. 4. NO MOCKS: Use real DB/API connections unless it's a unit test. 5. Update Swagger/Storybook documentation.
Unit Tests: RoutingRuleService,Task,Psitrix Psynq,Feature: Routing Module,Normal,New,2026-06-17,2026-06-19,Developer,4h,"Backend,Testing",v1.0.0-MVP,3,Low,Specs defined,Code implemented & tested,Tests passing; No mocks,Functional requirement met,,Revert commit,"**File:** `packages/backend/src/modules/routing/routingrule.service.spec.ts`
**Requirements:**
- 100% coverage for service methods
- Test success and error cases
- Mock repository only (unit test)",0,QA Engineer,"Act as a Senior QA Engineer. Your goal is to verify the implementation of 'Unit Tests: RoutingRuleService'. 1. Review the code in the specified file paths. 2. Execute existing tests and write new ones for edge cases (nulls, timeouts, high load). 3. Ensure 100% coverage. 4. Report any regressions or performance bottlenecks."
Integration Tests: RoutingRule,Task,Psitrix Psynq,Feature: Routing Module,Normal,New,2026-06-18,2026-06-20,Developer,4h,"Backend,Testing",v1.0.0-MVP,3,Low,Specs defined,Code implemented & tested,Tests passing; No mocks,Functional requirement met,,Revert commit,"**File:** `test/routingrule.integration-spec.ts`
**Requirements:**
- Test database interactions
- Test service integration
- Test event emission",0,QA Engineer,"Act as a Senior QA Engineer. Your goal is to verify the implementation of 'Integration Tests: RoutingRule'. 1. Review the code in the specified file paths. 2. Execute existing tests and write new ones for edge cases (nulls, timeouts, high load). 3. Ensure 100% coverage. 4. Report any regressions or performance bottlenecks."
Swagger Docs: RoutingRule,Task,Psitrix Psynq,Feature: Routing Module,Low,New,2026-06-15,2026-06-16,Developer,4h,"Backend,Docs",v1.0.0-MVP,3,Low,Specs defined,Code implemented & tested,Tests passing; No mocks,Functional requirement met,,Revert commit,"**File:** `packages/backend/src/modules/routing/routingrule.controller.ts`
**Requirements:**
- Add @ApiOperation
- Add @ApiResponse
- Add @ApiProperty to DTOs",0,Developer,Act as a Senior Full-Stack Developer. Your goal is to implement 'Swagger Docs: RoutingRule'. 1. Follow Hexagonal Architecture (Domain -> Ports -> Adapters). 2. Use NestJS/React best practices. 3. Ensure all code is strictly typed. 4. NO MOCKS: Use real DB/API connections unless it's a unit test. 5. Update Swagger/Storybook documentation.
DB Migration: RoutingRule,Task,Psitrix Psynq,Feature: Routing Module,High,New,2026-06-14,2026-06-15,Developer,4h,"Backend,Database",v1.0.0-MVP,3,Low,Specs defined,Code implemented & tested,Tests passing; No mocks,Functional requirement met,,Revert commit,"**File:** `packages/backend/src/migrations/CreateRoutingRuleTable.ts`
**Requirements:**
- Up method (create table)
- Down method (drop table)
- Indexes and constraints",0,Developer,Act as a Senior Full-Stack Developer. Your goal is to implement 'DB Migration: RoutingRule'. 1. Follow Hexagonal Architecture (Domain -> Ports -> Adapters). 2. Use NestJS/React best practices. 3. Ensure all code is strictly typed. 4. NO MOCKS: Use real DB/API connections unless it's a unit test. 5. Update Swagger/Storybook documentation.
Seed Data: RoutingRule,Task,Psitrix Psynq,Feature: Routing Module,Low,New,2026-06-16,2026-06-17,Developer,4h,"Backend,Database",v1.0.0-MVP,3,Low,Specs defined,Code implemented & tested,Tests passing; No mocks,Functional requirement met,,Revert commit,"**File:** `packages/backend/src/seeds/routingrule.seed.ts`
**Requirements:**
- Create default/test data
- Handle relationships",0,Developer,Act as a Senior Full-Stack Developer. Your goal is to implement 'Seed Data: RoutingRule'. 1. Follow Hexagonal Architecture (Domain -> Ports -> Adapters). 2. Use NestJS/React best practices. 3. Ensure all code is strictly typed. 4. NO MOCKS: Use real DB/API connections unless it's a unit test. 5. Update Swagger/Storybook documentation.
Feature: Recordings Module,Feature,Psitrix Psynq,Epic: Backend Modules Implementation,Normal,New,2026-06-14,2026-06-24,Developer,,,v1.0.0-MVP,,Low,Specs defined,Code implemented & tested,Tests passing; No mocks,Functional requirement met,,Revert commit,Recordings Implementation,0,Product Owner / Architect,"Act as a Solution Architect. Define the technical specifications and sub-tasks for 'Feature: Recordings Module'. Ensure alignment with the CCaaS platform goals (reliability, scalability, low latency)."
Define Entity: Recording,Task,Psitrix Psynq,Feature: Recordings Module,High,New,2026-06-14,2026-06-16,Developer,4h,"Backend,Database",v1.0.0-MVP,3,Low,Specs defined,Code implemented & tested,Tests passing; No mocks,Functional requirement met,,Revert commit,"**File:** `packages/backend/src/modules/recordings/entities/recording.entity.ts`
**Class:** `Recording`
**Type:** TypeORM Entity
**Requirements:**
- Define columns with exact types (varchar, int, jsonb)
- Define relationships (OneToMany, ManyToOne)
- Add indexes for performance
- NO MOCKS: Use real DB connection",0,Developer,Act as a Senior Full-Stack Developer. Your goal is to implement 'Define Entity: Recording'. 1. Follow Hexagonal Architecture (Domain -> Ports -> Adapters). 2. Use NestJS/React best practices. 3. Ensure all code is strictly typed. 4. NO MOCKS: Use real DB/API connections unless it's a unit test. 5. Update Swagger/Storybook documentation.
Create DTOs: Recording,Task,Psitrix Psynq,Feature: Recordings Module,Normal,New,2026-06-14,2026-06-15,Developer,4h,"Backend,API",v1.0.0-MVP,3,Low,Specs defined,Code implemented & tested,Tests passing; No mocks,Functional requirement met,,Revert commit,"**File:** `packages/backend/src/modules/recordings/dto/create-recording.dto.ts`
**File:** `packages/backend/src/modules/recordings/dto/update-recording.dto.ts`
**Requirements:**
- Use class-validator decorators (@IsString, @IsInt)
- Use class-transformer
- Strict typing",0,Developer,Act as a Senior Full-Stack Developer. Your goal is to implement 'Create DTOs: Recording'. 1. Follow Hexagonal Architecture (Domain -> Ports -> Adapters). 2. Use NestJS/React best practices. 3. Ensure all code is strictly typed. 4. NO MOCKS: Use real DB/API connections unless it's a unit test. 5. Update Swagger/Storybook documentation.
Implement Service: RecordingService,Task,Psitrix Psynq,Feature: Recordings Module,High,New,2026-06-15,2026-06-18,Developer,4h,Backend,v1.0.0-MVP,3,Low,Specs defined,Code implemented & tested,Tests passing; No mocks,Functional requirement met,,Revert commit,"**File:** `packages/backend/src/modules/recordings/recording.service.ts`
**Class:** `RecordingService`
**Methods:**
- `create(dto)`
- `findAll(query)`
- `findOne(id)`
- `update(id, dto)`
- `remove(id)`
**Logic:** Business logic implementation. NO STUBS.",0,Developer,Act as a Senior Full-Stack Developer. Your goal is to implement 'Implement Service: RecordingService'. 1. Follow Hexagonal Architecture (Domain -> Ports -> Adapters). 2. Use NestJS/React best practices. 3. Ensure all code is strictly typed. 4. NO MOCKS: Use real DB/API connections unless it's a unit test. 5. Update Swagger/Storybook documentation.
Implement Controller: RecordingController,Task,Psitrix Psynq,Feature: Recordings Module,High,New,2026-06-16,2026-06-18,Developer,4h,"Backend,API",v1.0.0-MVP,3,Low,Specs defined,Code implemented & tested,Tests passing; No mocks,Functional requirement met,,Revert commit,"**File:** `packages/backend/src/modules/recordings/recording.controller.ts`
**Class:** `RecordingController`
**Endpoints:**
- `POST /api/v1/recordings`
- `GET /api/v1/recordings`
- `GET /api/v1/recordings/:id`
- `PATCH /api/v1/recordings/:id`
- `DELETE /api/v1/recordings/:id`
**Requirements:** Swagger docs (@ApiTags), Auth guards",0,Developer,Act as a Senior Full-Stack Developer. Your goal is to implement 'Implement Controller: RecordingController'. 1. Follow Hexagonal Architecture (Domain -> Ports -> Adapters). 2. Use NestJS/React best practices. 3. Ensure all code is strictly typed. 4. NO MOCKS: Use real DB/API connections unless it's a unit test. 5. Update Swagger/Storybook documentation.
Unit Tests: RecordingService,Task,Psitrix Psynq,Feature: Recordings Module,Normal,New,2026-06-17,2026-06-19,Developer,4h,"Backend,Testing",v1.0.0-MVP,3,Low,Specs defined,Code implemented & tested,Tests passing; No mocks,Functional requirement met,,Revert commit,"**File:** `packages/backend/src/modules/recordings/recording.service.spec.ts`
**Requirements:**
- 100% coverage for service methods
- Test success and error cases
- Mock repository only (unit test)",0,QA Engineer,"Act as a Senior QA Engineer. Your goal is to verify the implementation of 'Unit Tests: RecordingService'. 1. Review the code in the specified file paths. 2. Execute existing tests and write new ones for edge cases (nulls, timeouts, high load). 3. Ensure 100% coverage. 4. Report any regressions or performance bottlenecks."
Integration Tests: Recording,Task,Psitrix Psynq,Feature: Recordings Module,Normal,New,2026-06-18,2026-06-20,Developer,4h,"Backend,Testing",v1.0.0-MVP,3,Low,Specs defined,Code implemented & tested,Tests passing; No mocks,Functional requirement met,,Revert commit,"**File:** `test/recording.integration-spec.ts`
**Requirements:**
- Test database interactions
- Test service integration
- Test event emission",0,QA Engineer,"Act as a Senior QA Engineer. Your goal is to verify the implementation of 'Integration Tests: Recording'. 1. Review the code in the specified file paths. 2. Execute existing tests and write new ones for edge cases (nulls, timeouts, high load). 3. Ensure 100% coverage. 4. Report any regressions or performance bottlenecks."
Swagger Docs: Recording,Task,Psitrix Psynq,Feature: Recordings Module,Low,New,2026-06-15,2026-06-16,Developer,4h,"Backend,Docs",v1.0.0-MVP,3,Low,Specs defined,Code implemented & tested,Tests passing; No mocks,Functional requirement met,,Revert commit,"**File:** `packages/backend/src/modules/recordings/recording.controller.ts`
**Requirements:**
- Add @ApiOperation
- Add @ApiResponse
- Add @ApiProperty to DTOs",0,Developer,Act as a Senior Full-Stack Developer. Your goal is to implement 'Swagger Docs: Recording'. 1. Follow Hexagonal Architecture (Domain -> Ports -> Adapters). 2. Use NestJS/React best practices. 3. Ensure all code is strictly typed. 4. NO MOCKS: Use real DB/API connections unless it's a unit test. 5. Update Swagger/Storybook documentation.
DB Migration: Recording,Task,Psitrix Psynq,Feature: Recordings Module,High,New,2026-06-14,2026-06-15,Developer,4h,"Backend,Database",v1.0.0-MVP,3,Low,Specs defined,Code implemented & tested,Tests passing; No mocks,Functional requirement met,,Revert commit,"**File:** `packages/backend/src/migrations/CreateRecordingTable.ts`
**Requirements:**
- Up method (create table)
- Down method (drop table)
- Indexes and constraints",0,Developer,Act as a Senior Full-Stack Developer. Your goal is to implement 'DB Migration: Recording'. 1. Follow Hexagonal Architecture (Domain -> Ports -> Adapters). 2. Use NestJS/React best practices. 3. Ensure all code is strictly typed. 4. NO MOCKS: Use real DB/API connections unless it's a unit test. 5. Update Swagger/Storybook documentation.
Seed Data: Recording,Task,Psitrix Psynq,Feature: Recordings Module,Low,New,2026-06-16,2026-06-17,Developer,4h,"Backend,Database",v1.0.0-MVP,3,Low,Specs defined,Code implemented & tested,Tests passing; No mocks,Functional requirement met,,Revert commit,"**File:** `packages/backend/src/seeds/recording.seed.ts`
**Requirements:**
- Create default/test data
- Handle relationships",0,Developer,Act as a Senior Full-Stack Developer. Your goal is to implement 'Seed Data: Recording'. 1. Follow Hexagonal Architecture (Domain -> Ports -> Adapters). 2. Use NestJS/React best practices. 3. Ensure all code is strictly typed. 4. NO MOCKS: Use real DB/API connections unless it's a unit test. 5. Update Swagger/Storybook documentation.
Feature: Transcriptions Module,Feature,Psitrix Psynq,Epic: Backend Modules Implementation,Normal,New,2026-06-14,2026-06-24,Developer,,,v1.0.0-MVP,,Low,Specs defined,Code implemented & tested,Tests passing; No mocks,Functional requirement met,,Revert commit,Transcriptions Implementation,0,Product Owner / Architect,"Act as a Solution Architect. Define the technical specifications and sub-tasks for 'Feature: Transcriptions Module'. Ensure alignment with the CCaaS platform goals (reliability, scalability, low latency)."
Define Entity: Transcription,Task,Psitrix Psynq,Feature: Transcriptions Module,High,New,2026-06-14,2026-06-16,Developer,4h,"Backend,Database",v1.0.0-MVP,3,Low,Specs defined,Code implemented & tested,Tests passing; No mocks,Functional requirement met,,Revert commit,"**File:** `packages/backend/src/modules/ai/entities/transcription.entity.ts`
**Class:** `Transcription`
**Type:** TypeORM Entity
**Requirements:**
- Define columns with exact types (varchar, int, jsonb)
- Define relationships (OneToMany, ManyToOne)
- Add indexes for performance
- NO MOCKS: Use real DB connection",0,Developer,Act as a Senior Full-Stack Developer. Your goal is to implement 'Define Entity: Transcription'. 1. Follow Hexagonal Architecture (Domain -> Ports -> Adapters). 2. Use NestJS/React best practices. 3. Ensure all code is strictly typed. 4. NO MOCKS: Use real DB/API connections unless it's a unit test. 5. Update Swagger/Storybook documentation.
Create DTOs: Transcription,Task,Psitrix Psynq,Feature: Transcriptions Module,Normal,New,2026-06-14,2026-06-15,Developer,4h,"Backend,API",v1.0.0-MVP,3,Low,Specs defined,Code implemented & tested,Tests passing; No mocks,Functional requirement met,,Revert commit,"**File:** `packages/backend/src/modules/ai/dto/create-transcription.dto.ts`
**File:** `packages/backend/src/modules/ai/dto/update-transcription.dto.ts`
**Requirements:**
- Use class-validator decorators (@IsString, @IsInt)
- Use class-transformer
- Strict typing",0,Developer,Act as a Senior Full-Stack Developer. Your goal is to implement 'Create DTOs: Transcription'. 1. Follow Hexagonal Architecture (Domain -> Ports -> Adapters). 2. Use NestJS/React best practices. 3. Ensure all code is strictly typed. 4. NO MOCKS: Use real DB/API connections unless it's a unit test. 5. Update Swagger/Storybook documentation.
Implement Service: TranscriptionService,Task,Psitrix Psynq,Feature: Transcriptions Module,High,New,2026-06-15,2026-06-18,Developer,4h,Backend,v1.0.0-MVP,3,Low,Specs defined,Code implemented & tested,Tests passing; No mocks,Functional requirement met,,Revert commit,"**File:** `packages/backend/src/modules/ai/transcription.service.ts`
**Class:** `TranscriptionService`
**Methods:**
- `create(dto)`
- `findAll(query)`
- `findOne(id)`
- `update(id, dto)`
- `remove(id)`
**Logic:** Business logic implementation. NO STUBS.",0,Developer,Act as a Senior Full-Stack Developer. Your goal is to implement 'Implement Service: TranscriptionService'. 1. Follow Hexagonal Architecture (Domain -> Ports -> Adapters). 2. Use NestJS/React best practices. 3. Ensure all code is strictly typed. 4. NO MOCKS: Use real DB/API connections unless it's a unit test. 5. Update Swagger/Storybook documentation.
Implement Controller: TranscriptionController,Task,Psitrix Psynq,Feature: Transcriptions Module,High,New,2026-06-16,2026-06-18,Developer,4h,"Backend,API",v1.0.0-MVP,3,Low,Specs defined,Code implemented & tested,Tests passing; No mocks,Functional requirement met,,Revert commit,"**File:** `packages/backend/src/modules/ai/transcription.controller.ts`
**Class:** `TranscriptionController`
**Endpoints:**
- `POST /api/v1/transcriptions`
- `GET /api/v1/transcriptions`
- `GET /api/v1/transcriptions/:id`
- `PATCH /api/v1/transcriptions/:id`
- `DELETE /api/v1/transcriptions/:id`
**Requirements:** Swagger docs (@ApiTags), Auth guards",0,Developer,Act as a Senior Full-Stack Developer. Your goal is to implement 'Implement Controller: TranscriptionController'. 1. Follow Hexagonal Architecture (Domain -> Ports -> Adapters). 2. Use NestJS/React best practices. 3. Ensure all code is strictly typed. 4. NO MOCKS: Use real DB/API connections unless it's a unit test. 5. Update Swagger/Storybook documentation.
Unit Tests: TranscriptionService,Task,Psitrix Psynq,Feature: Transcriptions Module,Normal,New,2026-06-17,2026-06-19,Developer,4h,"Backend,Testing",v1.0.0-MVP,3,Low,Specs defined,Code implemented & tested,Tests passing; No mocks,Functional requirement met,,Revert commit,"**File:** `packages/backend/src/modules/ai/transcription.service.spec.ts`
**Requirements:**
- 100% coverage for service methods
- Test success and error cases
- Mock repository only (unit test)",0,QA Engineer,"Act as a Senior QA Engineer. Your goal is to verify the implementation of 'Unit Tests: TranscriptionService'. 1. Review the code in the specified file paths. 2. Execute existing tests and write new ones for edge cases (nulls, timeouts, high load). 3. Ensure 100% coverage. 4. Report any regressions or performance bottlenecks."
Integration Tests: Transcription,Task,Psitrix Psynq,Feature: Transcriptions Module,Normal,New,2026-06-18,2026-06-20,Developer,4h,"Backend,Testing",v1.0.0-MVP,3,Low,Specs defined,Code implemented & tested,Tests passing; No mocks,Functional requirement met,,Revert commit,"**File:** `test/transcription.integration-spec.ts`
**Requirements:**
- Test database interactions
- Test service integration
- Test event emission",0,QA Engineer,"Act as a Senior QA Engineer. Your goal is to verify the implementation of 'Integration Tests: Transcription'. 1. Review the code in the specified file paths. 2. Execute existing tests and write new ones for edge cases (nulls, timeouts, high load). 3. Ensure 100% coverage. 4. Report any regressions or performance bottlenecks."
Swagger Docs: Transcription,Task,Psitrix Psynq,Feature: Transcriptions Module,Low,New,2026-06-15,2026-06-16,Developer,4h,"Backend,Docs",v1.0.0-MVP,3,Low,Specs defined,Code implemented & tested,Tests passing; No mocks,Functional requirement met,,Revert commit,"**File:** `packages/backend/src/modules/ai/transcription.controller.ts`
**Requirements:**
- Add @ApiOperation
- Add @ApiResponse
- Add @ApiProperty to DTOs",0,Developer,Act as a Senior Full-Stack Developer. Your goal is to implement 'Swagger Docs: Transcription'. 1. Follow Hexagonal Architecture (Domain -> Ports -> Adapters). 2. Use NestJS/React best practices. 3. Ensure all code is strictly typed. 4. NO MOCKS: Use real DB/API connections unless it's a unit test. 5. Update Swagger/Storybook documentation.
DB Migration: Transcription,Task,Psitrix Psynq,Feature: Transcriptions Module,High,New,2026-06-14,2026-06-15,Developer,4h,"Backend,Database",v1.0.0-MVP,3,Low,Specs defined,Code implemented & tested,Tests passing; No mocks,Functional requirement met,,Revert commit,"**File:** `packages/backend/src/migrations/CreateTranscriptionTable.ts`
**Requirements:**
- Up method (create table)
- Down method (drop table)
- Indexes and constraints",0,Developer,Act as a Senior Full-Stack Developer. Your goal is to implement 'DB Migration: Transcription'. 1. Follow Hexagonal Architecture (Domain -> Ports -> Adapters). 2. Use NestJS/React best practices. 3. Ensure all code is strictly typed. 4. NO MOCKS: Use real DB/API connections unless it's a unit test. 5. Update Swagger/Storybook documentation.
Seed Data: Transcription,Task,Psitrix Psynq,Feature: Transcriptions Module,Low,New,2026-06-16,2026-06-17,Developer,4h,"Backend,Database",v1.0.0-MVP,3,Low,Specs defined,Code implemented & tested,Tests passing; No mocks,Functional requirement met,,Revert commit,"**File:** `packages/backend/src/seeds/transcription.seed.ts`
**Requirements:**
- Create default/test data
- Handle relationships",0,Developer,Act as a Senior Full-Stack Developer. Your goal is to implement 'Seed Data: Transcription'. 1. Follow Hexagonal Architecture (Domain -> Ports -> Adapters). 2. Use NestJS/React best practices. 3. Ensure all code is strictly typed. 4. NO MOCKS: Use real DB/API connections unless it's a unit test. 5. Update Swagger/Storybook documentation.
Feature: Sentiment Module,Feature,Psitrix Psynq,Epic: Backend Modules Implementation,Normal,New,2026-06-14,2026-06-24,Developer,,,v1.0.0-MVP,,Low,Specs defined,Code implemented & tested,Tests passing; No mocks,Functional requirement met,,Revert commit,Sentiment Implementation,0,Product Owner / Architect,"Act as a Solution Architect. Define the technical specifications and sub-tasks for 'Feature: Sentiment Module'. Ensure alignment with the CCaaS platform goals (reliability, scalability, low latency)."
Define Entity: SentimentAnalysis,Task,Psitrix Psynq,Feature: Sentiment Module,High,New,2026-06-14,2026-06-16,Developer,4h,"Backend,Database",v1.0.0-MVP,3,Low,Specs defined,Code implemented & tested,Tests passing; No mocks,Functional requirement met,,Revert commit,"**File:** `packages/backend/src/modules/ai/entities/sentimentanalysis.entity.ts`
**Class:** `SentimentAnalysis`
**Type:** TypeORM Entity
**Requirements:**
- Define columns with exact types (varchar, int, jsonb)
- Define relationships (OneToMany, ManyToOne)
- Add indexes for performance
- NO MOCKS: Use real DB connection",0,Developer,Act as a Senior Full-Stack Developer. Your goal is to implement 'Define Entity: SentimentAnalysis'. 1. Follow Hexagonal Architecture (Domain -> Ports -> Adapters). 2. Use NestJS/React best practices. 3. Ensure all code is strictly typed. 4. NO MOCKS: Use real DB/API connections unless it's a unit test. 5. Update Swagger/Storybook documentation.
Create DTOs: SentimentAnalysis,Task,Psitrix Psynq,Feature: Sentiment Module,Normal,New,2026-06-14,2026-06-15,Developer,4h,"Backend,API",v1.0.0-MVP,3,Low,Specs defined,Code implemented & tested,Tests passing; No mocks,Functional requirement met,,Revert commit,"**File:** `packages/backend/src/modules/ai/dto/create-sentimentanalysis.dto.ts`
**File:** `packages/backend/src/modules/ai/dto/update-sentimentanalysis.dto.ts`
**Requirements:**
- Use class-validator decorators (@IsString, @IsInt)
- Use class-transformer
- Strict typing",0,Developer,Act as a Senior Full-Stack Developer. Your goal is to implement 'Create DTOs: SentimentAnalysis'. 1. Follow Hexagonal Architecture (Domain -> Ports -> Adapters). 2. Use NestJS/React best practices. 3. Ensure all code is strictly typed. 4. NO MOCKS: Use real DB/API connections unless it's a unit test. 5. Update Swagger/Storybook documentation.
Implement Service: SentimentAnalysisService,Task,Psitrix Psynq,Feature: Sentiment Module,High,New,2026-06-15,2026-06-18,Developer,4h,Backend,v1.0.0-MVP,3,Low,Specs defined,Code implemented & tested,Tests passing; No mocks,Functional requirement met,,Revert commit,"**File:** `packages/backend/src/modules/ai/sentimentanalysis.service.ts`
**Class:** `SentimentAnalysisService`
**Methods:**
- `create(dto)`
- `findAll(query)`
- `findOne(id)`
- `update(id, dto)`
- `remove(id)`
**Logic:** Business logic implementation. NO STUBS.",0,Developer,Act as a Senior Full-Stack Developer. Your goal is to implement 'Implement Service: SentimentAnalysisService'. 1. Follow Hexagonal Architecture (Domain -> Ports -> Adapters). 2. Use NestJS/React best practices. 3. Ensure all code is strictly typed. 4. NO MOCKS: Use real DB/API connections unless it's a unit test. 5. Update Swagger/Storybook documentation.
Implement Controller: SentimentAnalysisController,Task,Psitrix Psynq,Feature: Sentiment Module,High,New,2026-06-16,2026-06-18,Developer,4h,"Backend,API",v1.0.0-MVP,3,Low,Specs defined,Code implemented & tested,Tests passing; No mocks,Functional requirement met,,Revert commit,"**File:** `packages/backend/src/modules/ai/sentimentanalysis.controller.ts`
**Class:** `SentimentAnalysisController`
**Endpoints:**
- `POST /api/v1/sentimentanalysiss`
- `GET /api/v1/sentimentanalysiss`
- `GET /api/v1/sentimentanalysiss/:id`
- `PATCH /api/v1/sentimentanalysiss/:id`
- `DELETE /api/v1/sentimentanalysiss/:id`
**Requirements:** Swagger docs (@ApiTags), Auth guards",0,Developer,Act as a Senior Full-Stack Developer. Your goal is to implement 'Implement Controller: SentimentAnalysisController'. 1. Follow Hexagonal Architecture (Domain -> Ports -> Adapters). 2. Use NestJS/React best practices. 3. Ensure all code is strictly typed. 4. NO MOCKS: Use real DB/API connections unless it's a unit test. 5. Update Swagger/Storybook documentation.
Unit Tests: SentimentAnalysisService,Task,Psitrix Psynq,Feature: Sentiment Module,Normal,New,2026-06-17,2026-06-19,Developer,4h,"Backend,Testing",v1.0.0-MVP,3,Low,Specs defined,Code implemented & tested,Tests passing; No mocks,Functional requirement met,,Revert commit,"**File:** `packages/backend/src/modules/ai/sentimentanalysis.service.spec.ts`
**Requirements:**
- 100% coverage for service methods
- Test success and error cases
- Mock repository only (unit test)",0,QA Engineer,"Act as a Senior QA Engineer. Your goal is to verify the implementation of 'Unit Tests: SentimentAnalysisService'. 1. Review the code in the specified file paths. 2. Execute existing tests and write new ones for edge cases (nulls, timeouts, high load). 3. Ensure 100% coverage. 4. Report any regressions or performance bottlenecks."
Integration Tests: SentimentAnalysis,Task,Psitrix Psynq,Feature: Sentiment Module,Normal,New,2026-06-18,2026-06-20,Developer,4h,"Backend,Testing",v1.0.0-MVP,3,Low,Specs defined,Code implemented & tested,Tests passing; No mocks,Functional requirement met,,Revert commit,"**File:** `test/sentimentanalysis.integration-spec.ts`
**Requirements:**
- Test database interactions
- Test service integration
- Test event emission",0,QA Engineer,"Act as a Senior QA Engineer. Your goal is to verify the implementation of 'Integration Tests: SentimentAnalysis'. 1. Review the code in the specified file paths. 2. Execute existing tests and write new ones for edge cases (nulls, timeouts, high load). 3. Ensure 100% coverage. 4. Report any regressions or performance bottlenecks."
Swagger Docs: SentimentAnalysis,Task,Psitrix Psynq,Feature: Sentiment Module,Low,New,2026-06-15,2026-06-16,Developer,4h,"Backend,Docs",v1.0.0-MVP,3,Low,Specs defined,Code implemented & tested,Tests passing; No mocks,Functional requirement met,,Revert commit,"**File:** `packages/backend/src/modules/ai/sentimentanalysis.controller.ts`
**Requirements:**
- Add @ApiOperation
- Add @ApiResponse
- Add @ApiProperty to DTOs",0,Developer,Act as a Senior Full-Stack Developer. Your goal is to implement 'Swagger Docs: SentimentAnalysis'. 1. Follow Hexagonal Architecture (Domain -> Ports -> Adapters). 2. Use NestJS/React best practices. 3. Ensure all code is strictly typed. 4. NO MOCKS: Use real DB/API connections unless it's a unit test. 5. Update Swagger/Storybook documentation.
DB Migration: SentimentAnalysis,Task,Psitrix Psynq,Feature: Sentiment Module,High,New,2026-06-14,2026-06-15,Developer,4h,"Backend,Database",v1.0.0-MVP,3,Low,Specs defined,Code implemented & tested,Tests passing; No mocks,Functional requirement met,,Revert commit,"**File:** `packages/backend/src/migrations/CreateSentimentAnalysisTable.ts`
**Requirements:**
- Up method (create table)
- Down method (drop table)
- Indexes and constraints",0,Developer,Act as a Senior Full-Stack Developer. Your goal is to implement 'DB Migration: SentimentAnalysis'. 1. Follow Hexagonal Architecture (Domain -> Ports -> Adapters). 2. Use NestJS/React best practices. 3. Ensure all code is strictly typed. 4. NO MOCKS: Use real DB/API connections unless it's a unit test. 5. Update Swagger/Storybook documentation.
Seed Data: SentimentAnalysis,Task,Psitrix Psynq,Feature: Sentiment Module,Low,New,2026-06-16,2026-06-17,Developer,4h,"Backend,Database",v1.0.0-MVP,3,Low,Specs defined,Code implemented & tested,Tests passing; No mocks,Functional requirement met,,Revert commit,"**File:** `packages/backend/src/seeds/sentimentanalysis.seed.ts`
**Requirements:**
- Create default/test data
- Handle relationships",0,Developer,Act as a Senior Full-Stack Developer. Your goal is to implement 'Seed Data: SentimentAnalysis'. 1. Follow Hexagonal Architecture (Domain -> Ports -> Adapters). 2. Use NestJS/React best practices. 3. Ensure all code is strictly typed. 4. NO MOCKS: Use real DB/API connections unless it's a unit test. 5. Update Swagger/Storybook documentation.
Feature: Email Module,Feature,Psitrix Psynq,Epic: Backend Modules Implementation,Normal,New,2026-06-14,2026-06-24,Developer,,,v1.0.0-MVP,,Low,Specs defined,Code implemented & tested,Tests passing; No mocks,Functional requirement met,,Revert commit,Email Implementation,0,Product Owner / Architect,"Act as a Solution Architect. Define the technical specifications and sub-tasks for 'Feature: Email Module'. Ensure alignment with the CCaaS platform goals (reliability, scalability, low latency)."
Define Entity: EmailTicket,Task,Psitrix Psynq,Feature: Email Module,High,New,2026-06-14,2026-06-16,Developer,4h,"Backend,Database",v1.0.0-MVP,3,Low,Specs defined,Code implemented & tested,Tests passing; No mocks,Functional requirement met,,Revert commit,"**File:** `packages/backend/src/modules/email/entities/emailticket.entity.ts`
**Class:** `EmailTicket`
**Type:** TypeORM Entity
**Requirements:**
- Define columns with exact types (varchar, int, jsonb)
- Define relationships (OneToMany, ManyToOne)
- Add indexes for performance
- NO MOCKS: Use real DB connection",0,Developer,Act as a Senior Full-Stack Developer. Your goal is to implement 'Define Entity: EmailTicket'. 1. Follow Hexagonal Architecture (Domain -> Ports -> Adapters). 2. Use NestJS/React best practices. 3. Ensure all code is strictly typed. 4. NO MOCKS: Use real DB/API connections unless it's a unit test. 5. Update Swagger/Storybook documentation.
Create DTOs: EmailTicket,Task,Psitrix Psynq,Feature: Email Module,Normal,New,2026-06-14,2026-06-15,Developer,4h,"Backend,API",v1.0.0-MVP,3,Low,Specs defined,Code implemented & tested,Tests passing; No mocks,Functional requirement met,,Revert commit,"**File:** `packages/backend/src/modules/email/dto/create-emailticket.dto.ts`
**File:** `packages/backend/src/modules/email/dto/update-emailticket.dto.ts`
**Requirements:**
- Use class-validator decorators (@IsString, @IsInt)
- Use class-transformer
- Strict typing",0,Developer,Act as a Senior Full-Stack Developer. Your goal is to implement 'Create DTOs: EmailTicket'. 1. Follow Hexagonal Architecture (Domain -> Ports -> Adapters). 2. Use NestJS/React best practices. 3. Ensure all code is strictly typed. 4. NO MOCKS: Use real DB/API connections unless it's a unit test. 5. Update Swagger/Storybook documentation.
Implement Service: EmailTicketService,Task,Psitrix Psynq,Feature: Email Module,High,New,2026-06-15,2026-06-18,Developer,4h,Backend,v1.0.0-MVP,3,Low,Specs defined,Code implemented & tested,Tests passing; No mocks,Functional requirement met,,Revert commit,"**File:** `packages/backend/src/modules/email/emailticket.service.ts`
**Class:** `EmailTicketService`
**Methods:**
- `create(dto)`
- `findAll(query)`
- `findOne(id)`
- `update(id, dto)`
- `remove(id)`
**Logic:** Business logic implementation. NO STUBS.",0,Developer,Act as a Senior Full-Stack Developer. Your goal is to implement 'Implement Service: EmailTicketService'. 1. Follow Hexagonal Architecture (Domain -> Ports -> Adapters). 2. Use NestJS/React best practices. 3. Ensure all code is strictly typed. 4. NO MOCKS: Use real DB/API connections unless it's a unit test. 5. Update Swagger/Storybook documentation.
Implement Controller: EmailTicketController,Task,Psitrix Psynq,Feature: Email Module,High,New,2026-06-16,2026-06-18,Developer,4h,"Backend,API",v1.0.0-MVP,3,Low,Specs defined,Code implemented & tested,Tests passing; No mocks,Functional requirement met,,Revert commit,"**File:** `packages/backend/src/modules/email/emailticket.controller.ts`
**Class:** `EmailTicketController`
**Endpoints:**
- `POST /api/v1/emailtickets`
- `GET /api/v1/emailtickets`
- `GET /api/v1/emailtickets/:id`
- `PATCH /api/v1/emailtickets/:id`
- `DELETE /api/v1/emailtickets/:id`
**Requirements:** Swagger docs (@ApiTags), Auth guards",0,Developer,Act as a Senior Full-Stack Developer. Your goal is to implement 'Implement Controller: EmailTicketController'. 1. Follow Hexagonal Architecture (Domain -> Ports -> Adapters). 2. Use NestJS/React best practices. 3. Ensure all code is strictly typed. 4. NO MOCKS: Use real DB/API connections unless it's a unit test. 5. Update Swagger/Storybook documentation.
Unit Tests: EmailTicketService,Task,Psitrix Psynq,Feature: Email Module,Normal,New,2026-06-17,2026-06-19,Developer,4h,"Backend,Testing",v1.0.0-MVP,3,Low,Specs defined,Code implemented & tested,Tests passing; No mocks,Functional requirement met,,Revert commit,"**File:** `packages/backend/src/modules/email/emailticket.service.spec.ts`
**Requirements:**
- 100% coverage for service methods
- Test success and error cases
- Mock repository only (unit test)",0,QA Engineer,"Act as a Senior QA Engineer. Your goal is to verify the implementation of 'Unit Tests: EmailTicketService'. 1. Review the code in the specified file paths. 2. Execute existing tests and write new ones for edge cases (nulls, timeouts, high load). 3. Ensure 100% coverage. 4. Report any regressions or performance bottlenecks."
Integration Tests: EmailTicket,Task,Psitrix Psynq,Feature: Email Module,Normal,New,2026-06-18,2026-06-20,Developer,4h,"Backend,Testing",v1.0.0-MVP,3,Low,Specs defined,Code implemented & tested,Tests passing; No mocks,Functional requirement met,,Revert commit,"**File:** `test/emailticket.integration-spec.ts`
**Requirements:**
- Test database interactions
- Test service integration
- Test event emission",0,QA Engineer,"Act as a Senior QA Engineer. Your goal is to verify the implementation of 'Integration Tests: EmailTicket'. 1. Review the code in the specified file paths. 2. Execute existing tests and write new ones for edge cases (nulls, timeouts, high load). 3. Ensure 100% coverage. 4. Report any regressions or performance bottlenecks."
Swagger Docs: EmailTicket,Task,Psitrix Psynq,Feature: Email Module,Low,New,2026-06-15,2026-06-16,Developer,4h,"Backend,Docs",v1.0.0-MVP,3,Low,Specs defined,Code implemented & tested,Tests passing; No mocks,Functional requirement met,,Revert commit,"**File:** `packages/backend/src/modules/email/emailticket.controller.ts`
**Requirements:**
- Add @ApiOperation
- Add @ApiResponse
- Add @ApiProperty to DTOs",0,Developer,Act as a Senior Full-Stack Developer. Your goal is to implement 'Swagger Docs: EmailTicket'. 1. Follow Hexagonal Architecture (Domain -> Ports -> Adapters). 2. Use NestJS/React best practices. 3. Ensure all code is strictly typed. 4. NO MOCKS: Use real DB/API connections unless it's a unit test. 5. Update Swagger/Storybook documentation.
DB Migration: EmailTicket,Task,Psitrix Psynq,Feature: Email Module,High,New,2026-06-14,2026-06-15,Developer,4h,"Backend,Database",v1.0.0-MVP,3,Low,Specs defined,Code implemented & tested,Tests passing; No mocks,Functional requirement met,,Revert commit,"**File:** `packages/backend/src/migrations/CreateEmailTicketTable.ts`
**Requirements:**
- Up method (create table)
- Down method (drop table)
- Indexes and constraints",0,Developer,Act as a Senior Full-Stack Developer. Your goal is to implement 'DB Migration: EmailTicket'. 1. Follow Hexagonal Architecture (Domain -> Ports -> Adapters). 2. Use NestJS/React best practices. 3. Ensure all code is strictly typed. 4. NO MOCKS: Use real DB/API connections unless it's a unit test. 5. Update Swagger/Storybook documentation.
Seed Data: EmailTicket,Task,Psitrix Psynq,Feature: Email Module,Low,New,2026-06-16,2026-06-17,Developer,4h,"Backend,Database",v1.0.0-MVP,3,Low,Specs defined,Code implemented & tested,Tests passing; No mocks,Functional requirement met,,Revert commit,"**File:** `packages/backend/src/seeds/emailticket.seed.ts`
**Requirements:**
- Create default/test data
- Handle relationships",0,Developer,Act as a Senior Full-Stack Developer. Your goal is to implement 'Seed Data: EmailTicket'. 1. Follow Hexagonal Architecture (Domain -> Ports -> Adapters). 2. Use NestJS/React best practices. 3. Ensure all code is strictly typed. 4. NO MOCKS: Use real DB/API connections unless it's a unit test. 5. Update Swagger/Storybook documentation.
Feature: SMS Module,Feature,Psitrix Psynq,Epic: Backend Modules Implementation,Normal,New,2026-06-14,2026-06-24,Developer,,,v1.0.0-MVP,,Low,Specs defined,Code implemented & tested,Tests passing; No mocks,Functional requirement met,,Revert commit,SMS Implementation,0,Product Owner / Architect,"Act as a Solution Architect. Define the technical specifications and sub-tasks for 'Feature: SMS Module'. Ensure alignment with the CCaaS platform goals (reliability, scalability, low latency)."
Define Entity: SmsMessage,Task,Psitrix Psynq,Feature: SMS Module,High,New,2026-06-14,2026-06-16,Developer,4h,"Backend,Database",v1.0.0-MVP,3,Low,Specs defined,Code implemented & tested,Tests passing; No mocks,Functional requirement met,,Revert commit,"**File:** `packages/backend/src/modules/sms/entities/smsmessage.entity.ts`
**Class:** `SmsMessage`
**Type:** TypeORM Entity
**Requirements:**
- Define columns with exact types (varchar, int, jsonb)
- Define relationships (OneToMany, ManyToOne)
- Add indexes for performance
- NO MOCKS: Use real DB connection",0,Developer,Act as a Senior Full-Stack Developer. Your goal is to implement 'Define Entity: SmsMessage'. 1. Follow Hexagonal Architecture (Domain -> Ports -> Adapters). 2. Use NestJS/React best practices. 3. Ensure all code is strictly typed. 4. NO MOCKS: Use real DB/API connections unless it's a unit test. 5. Update Swagger/Storybook documentation.
Create DTOs: SmsMessage,Task,Psitrix Psynq,Feature: SMS Module,Normal,New,2026-06-14,2026-06-15,Developer,4h,"Backend,API",v1.0.0-MVP,3,Low,Specs defined,Code implemented & tested,Tests passing; No mocks,Functional requirement met,,Revert commit,"**File:** `packages/backend/src/modules/sms/dto/create-smsmessage.dto.ts`
**File:** `packages/backend/src/modules/sms/dto/update-smsmessage.dto.ts`
**Requirements:**
- Use class-validator decorators (@IsString, @IsInt)
- Use class-transformer
- Strict typing",0,Developer,Act as a Senior Full-Stack Developer. Your goal is to implement 'Create DTOs: SmsMessage'. 1. Follow Hexagonal Architecture (Domain -> Ports -> Adapters). 2. Use NestJS/React best practices. 3. Ensure all code is strictly typed. 4. NO MOCKS: Use real DB/API connections unless it's a unit test. 5. Update Swagger/Storybook documentation.
Implement Service: SmsMessageService,Task,Psitrix Psynq,Feature: SMS Module,High,New,2026-06-15,2026-06-18,Developer,4h,Backend,v1.0.0-MVP,3,Low,Specs defined,Code implemented & tested,Tests passing; No mocks,Functional requirement met,,Revert commit,"**File:** `packages/backend/src/modules/sms/smsmessage.service.ts`
**Class:** `SmsMessageService`
**Methods:**
- `create(dto)`
- `findAll(query)`
- `findOne(id)`
- `update(id, dto)`
- `remove(id)`
**Logic:** Business logic implementation. NO STUBS.",0,Developer,Act as a Senior Full-Stack Developer. Your goal is to implement 'Implement Service: SmsMessageService'. 1. Follow Hexagonal Architecture (Domain -> Ports -> Adapters). 2. Use NestJS/React best practices. 3. Ensure all code is strictly typed. 4. NO MOCKS: Use real DB/API connections unless it's a unit test. 5. Update Swagger/Storybook documentation.
Implement Controller: SmsMessageController,Task,Psitrix Psynq,Feature: SMS Module,High,New,2026-06-16,2026-06-18,Developer,4h,"Backend,API",v1.0.0-MVP,3,Low,Specs defined,Code implemented & tested,Tests passing; No mocks,Functional requirement met,,Revert commit,"**File:** `packages/backend/src/modules/sms/smsmessage.controller.ts`
**Class:** `SmsMessageController`
**Endpoints:**
- `POST /api/v1/smsmessages`
- `GET /api/v1/smsmessages`
- `GET /api/v1/smsmessages/:id`
- `PATCH /api/v1/smsmessages/:id`
- `DELETE /api/v1/smsmessages/:id`
**Requirements:** Swagger docs (@ApiTags), Auth guards",0,Developer,Act as a Senior Full-Stack Developer. Your goal is to implement 'Implement Controller: SmsMessageController'. 1. Follow Hexagonal Architecture (Domain -> Ports -> Adapters). 2. Use NestJS/React best practices. 3. Ensure all code is strictly typed. 4. NO MOCKS: Use real DB/API connections unless it's a unit test. 5. Update Swagger/Storybook documentation.
Unit Tests: SmsMessageService,Task,Psitrix Psynq,Feature: SMS Module,Normal,New,2026-06-17,2026-06-19,Developer,4h,"Backend,Testing",v1.0.0-MVP,3,Low,Specs defined,Code implemented & tested,Tests passing; No mocks,Functional requirement met,,Revert commit,"**File:** `packages/backend/src/modules/sms/smsmessage.service.spec.ts`
**Requirements:**
- 100% coverage for service methods
- Test success and error cases
- Mock repository only (unit test)",0,QA Engineer,"Act as a Senior QA Engineer. Your goal is to verify the implementation of 'Unit Tests: SmsMessageService'. 1. Review the code in the specified file paths. 2. Execute existing tests and write new ones for edge cases (nulls, timeouts, high load). 3. Ensure 100% coverage. 4. Report any regressions or performance bottlenecks."
Integration Tests: SmsMessage,Task,Psitrix Psynq,Feature: SMS Module,Normal,New,2026-06-18,2026-06-20,Developer,4h,"Backend,Testing",v1.0.0-MVP,3,Low,Specs defined,Code implemented & tested,Tests passing; No mocks,Functional requirement met,,Revert commit,"**File:** `test/smsmessage.integration-spec.ts`
**Requirements:**
- Test database interactions
- Test service integration
- Test event emission",0,QA Engineer,"Act as a Senior QA Engineer. Your goal is to verify the implementation of 'Integration Tests: SmsMessage'. 1. Review the code in the specified file paths. 2. Execute existing tests and write new ones for edge cases (nulls, timeouts, high load). 3. Ensure 100% coverage. 4. Report any regressions or performance bottlenecks."
Swagger Docs: SmsMessage,Task,Psitrix Psynq,Feature: SMS Module,Low,New,2026-06-15,2026-06-16,Developer,4h,"Backend,Docs",v1.0.0-MVP,3,Low,Specs defined,Code implemented & tested,Tests passing; No mocks,Functional requirement met,,Revert commit,"**File:** `packages/backend/src/modules/sms/smsmessage.controller.ts`
**Requirements:**
- Add @ApiOperation
- Add @ApiResponse
- Add @ApiProperty to DTOs",0,Developer,Act as a Senior Full-Stack Developer. Your goal is to implement 'Swagger Docs: SmsMessage'. 1. Follow Hexagonal Architecture (Domain -> Ports -> Adapters). 2. Use NestJS/React best practices. 3. Ensure all code is strictly typed. 4. NO MOCKS: Use real DB/API connections unless it's a unit test. 5. Update Swagger/Storybook documentation.
DB Migration: SmsMessage,Task,Psitrix Psynq,Feature: SMS Module,High,New,2026-06-14,2026-06-15,Developer,4h,"Backend,Database",v1.0.0-MVP,3,Low,Specs defined,Code implemented & tested,Tests passing; No mocks,Functional requirement met,,Revert commit,"**File:** `packages/backend/src/migrations/CreateSmsMessageTable.ts`
**Requirements:**
- Up method (create table)
- Down method (drop table)
- Indexes and constraints",0,Developer,Act as a Senior Full-Stack Developer. Your goal is to implement 'DB Migration: SmsMessage'. 1. Follow Hexagonal Architecture (Domain -> Ports -> Adapters). 2. Use NestJS/React best practices. 3. Ensure all code is strictly typed. 4. NO MOCKS: Use real DB/API connections unless it's a unit test. 5. Update Swagger/Storybook documentation.
Seed Data: SmsMessage,Task,Psitrix Psynq,Feature: SMS Module,Low,New,2026-06-16,2026-06-17,Developer,4h,"Backend,Database",v1.0.0-MVP,3,Low,Specs defined,Code implemented & tested,Tests passing; No mocks,Functional requirement met,,Revert commit,"**File:** `packages/backend/src/seeds/smsmessage.seed.ts`
**Requirements:**
- Create default/test data
- Handle relationships",0,Developer,Act as a Senior Full-Stack Developer. Your goal is to implement 'Seed Data: SmsMessage'. 1. Follow Hexagonal Architecture (Domain -> Ports -> Adapters). 2. Use NestJS/React best practices. 3. Ensure all code is strictly typed. 4. NO MOCKS: Use real DB/API connections unless it's a unit test. 5. Update Swagger/Storybook documentation.
Feature: WhatsApp Module,Feature,Psitrix Psynq,Epic: Backend Modules Implementation,Normal,New,2026-06-14,2026-06-24,Developer,,,v1.0.0-MVP,,Low,Specs defined,Code implemented & tested,Tests passing; No mocks,Functional requirement met,,Revert commit,WhatsApp Implementation,0,Product Owner / Architect,"Act as a Solution Architect. Define the technical specifications and sub-tasks for 'Feature: WhatsApp Module'. Ensure alignment with the CCaaS platform goals (reliability, scalability, low latency)."
Define Entity: WhatsappMessage,Task,Psitrix Psynq,Feature: WhatsApp Module,High,New,2026-06-14,2026-06-16,Developer,4h,"Backend,Database",v1.0.0-MVP,3,Low,Specs defined,Code implemented & tested,Tests passing; No mocks,Functional requirement met,,Revert commit,"**File:** `packages/backend/src/modules/whatsapp/entities/whatsappmessage.entity.ts`
**Class:** `WhatsappMessage`
**Type:** TypeORM Entity
**Requirements:**
- Define columns with exact types (varchar, int, jsonb)
- Define relationships (OneToMany, ManyToOne)
- Add indexes for performance
- NO MOCKS: Use real DB connection",0,Developer,Act as a Senior Full-Stack Developer. Your goal is to implement 'Define Entity: WhatsappMessage'. 1. Follow Hexagonal Architecture (Domain -> Ports -> Adapters). 2. Use NestJS/React best practices. 3. Ensure all code is strictly typed. 4. NO MOCKS: Use real DB/API connections unless it's a unit test. 5. Update Swagger/Storybook documentation.
Create DTOs: WhatsappMessage,Task,Psitrix Psynq,Feature: WhatsApp Module,Normal,New,2026-06-14,2026-06-15,Developer,4h,"Backend,API",v1.0.0-MVP,3,Low,Specs defined,Code implemented & tested,Tests passing; No mocks,Functional requirement met,,Revert commit,"**File:** `packages/backend/src/modules/whatsapp/dto/create-whatsappmessage.dto.ts`
**File:** `packages/backend/src/modules/whatsapp/dto/update-whatsappmessage.dto.ts`
**Requirements:**
- Use class-validator decorators (@IsString, @IsInt)
- Use class-transformer
- Strict typing",0,Developer,Act as a Senior Full-Stack Developer. Your goal is to implement 'Create DTOs: WhatsappMessage'. 1. Follow Hexagonal Architecture (Domain -> Ports -> Adapters). 2. Use NestJS/React best practices. 3. Ensure all code is strictly typed. 4. NO MOCKS: Use real DB/API connections unless it's a unit test. 5. Update Swagger/Storybook documentation.
Implement Service: WhatsappMessageService,Task,Psitrix Psynq,Feature: WhatsApp Module,High,New,2026-06-15,2026-06-18,Developer,4h,Backend,v1.0.0-MVP,3,Low,Specs defined,Code implemented & tested,Tests passing; No mocks,Functional requirement met,,Revert commit,"**File:** `packages/backend/src/modules/whatsapp/whatsappmessage.service.ts`
**Class:** `WhatsappMessageService`
**Methods:**
- `create(dto)`
- `findAll(query)`
- `findOne(id)`
- `update(id, dto)`
- `remove(id)`
**Logic:** Business logic implementation. NO STUBS.",0,Developer,Act as a Senior Full-Stack Developer. Your goal is to implement 'Implement Service: WhatsappMessageService'. 1. Follow Hexagonal Architecture (Domain -> Ports -> Adapters). 2. Use NestJS/React best practices. 3. Ensure all code is strictly typed. 4. NO MOCKS: Use real DB/API connections unless it's a unit test. 5. Update Swagger/Storybook documentation.
Implement Controller: WhatsappMessageController,Task,Psitrix Psynq,Feature: WhatsApp Module,High,New,2026-06-16,2026-06-18,Developer,4h,"Backend,API",v1.0.0-MVP,3,Low,Specs defined,Code implemented & tested,Tests passing; No mocks,Functional requirement met,,Revert commit,"**File:** `packages/backend/src/modules/whatsapp/whatsappmessage.controller.ts`
**Class:** `WhatsappMessageController`
**Endpoints:**
- `POST /api/v1/whatsappmessages`
- `GET /api/v1/whatsappmessages`
- `GET /api/v1/whatsappmessages/:id`
- `PATCH /api/v1/whatsappmessages/:id`
- `DELETE /api/v1/whatsappmessages/:id`
**Requirements:** Swagger docs (@ApiTags), Auth guards",0,Developer,Act as a Senior Full-Stack Developer. Your goal is to implement 'Implement Controller: WhatsappMessageController'. 1. Follow Hexagonal Architecture (Domain -> Ports -> Adapters). 2. Use NestJS/React best practices. 3. Ensure all code is strictly typed. 4. NO MOCKS: Use real DB/API connections unless it's a unit test. 5. Update Swagger/Storybook documentation.
Unit Tests: WhatsappMessageService,Task,Psitrix Psynq,Feature: WhatsApp Module,Normal,New,2026-06-17,2026-06-19,Developer,4h,"Backend,Testing",v1.0.0-MVP,3,Low,Specs defined,Code implemented & tested,Tests passing; No mocks,Functional requirement met,,Revert commit,"**File:** `packages/backend/src/modules/whatsapp/whatsappmessage.service.spec.ts`
**Requirements:**
- 100% coverage for service methods
- Test success and error cases
- Mock repository only (unit test)",0,QA Engineer,"Act as a Senior QA Engineer. Your goal is to verify the implementation of 'Unit Tests: WhatsappMessageService'. 1. Review the code in the specified file paths. 2. Execute existing tests and write new ones for edge cases (nulls, timeouts, high load). 3. Ensure 100% coverage. 4. Report any regressions or performance bottlenecks."
Integration Tests: WhatsappMessage,Task,Psitrix Psynq,Feature: WhatsApp Module,Normal,New,2026-06-18,2026-06-20,Developer,4h,"Backend,Testing",v1.0.0-MVP,3,Low,Specs defined,Code implemented & tested,Tests passing; No mocks,Functional requirement met,,Revert commit,"**File:** `test/whatsappmessage.integration-spec.ts`
**Requirements:**
- Test database interactions
- Test service integration
- Test event emission",0,QA Engineer,"Act as a Senior QA Engineer. Your goal is to verify the implementation of 'Integration Tests: WhatsappMessage'. 1. Review the code in the specified file paths. 2. Execute existing tests and write new ones for edge cases (nulls, timeouts, high load). 3. Ensure 100% coverage. 4. Report any regressions or performance bottlenecks."
Swagger Docs: WhatsappMessage,Task,Psitrix Psynq,Feature: WhatsApp Module,Low,New,2026-06-15,2026-06-16,Developer,4h,"Backend,Docs",v1.0.0-MVP,3,Low,Specs defined,Code implemented & tested,Tests passing; No mocks,Functional requirement met,,Revert commit,"**File:** `packages/backend/src/modules/whatsapp/whatsappmessage.controller.ts`
**Requirements:**
- Add @ApiOperation
- Add @ApiResponse
- Add @ApiProperty to DTOs",0,Developer,Act as a Senior Full-Stack Developer. Your goal is to implement 'Swagger Docs: WhatsappMessage'. 1. Follow Hexagonal Architecture (Domain -> Ports -> Adapters). 2. Use NestJS/React best practices. 3. Ensure all code is strictly typed. 4. NO MOCKS: Use real DB/API connections unless it's a unit test. 5. Update Swagger/Storybook documentation.
DB Migration: WhatsappMessage,Task,Psitrix Psynq,Feature: WhatsApp Module,High,New,2026-06-14,2026-06-15,Developer,4h,"Backend,Database",v1.0.0-MVP,3,Low,Specs defined,Code implemented & tested,Tests passing; No mocks,Functional requirement met,,Revert commit,"**File:** `packages/backend/src/migrations/CreateWhatsappMessageTable.ts`
**Requirements:**
- Up method (create table)
- Down method (drop table)
- Indexes and constraints",0,Developer,Act as a Senior Full-Stack Developer. Your goal is to implement 'DB Migration: WhatsappMessage'. 1. Follow Hexagonal Architecture (Domain -> Ports -> Adapters). 2. Use NestJS/React best practices. 3. Ensure all code is strictly typed. 4. NO MOCKS: Use real DB/API connections unless it's a unit test. 5. Update Swagger/Storybook documentation.
Seed Data: WhatsappMessage,Task,Psitrix Psynq,Feature: WhatsApp Module,Low,New,2026-06-16,2026-06-17,Developer,4h,"Backend,Database",v1.0.0-MVP,3,Low,Specs defined,Code implemented & tested,Tests passing; No mocks,Functional requirement met,,Revert commit,"**File:** `packages/backend/src/seeds/whatsappmessage.seed.ts`
**Requirements:**
- Create default/test data
- Handle relationships",0,Developer,Act as a Senior Full-Stack Developer. Your goal is to implement 'Seed Data: WhatsappMessage'. 1. Follow Hexagonal Architecture (Domain -> Ports -> Adapters). 2. Use NestJS/React best practices. 3. Ensure all code is strictly typed. 4. NO MOCKS: Use real DB/API connections unless it's a unit test. 5. Update Swagger/Storybook documentation.
Feature: Dashboards Module,Feature,Psitrix Psynq,Epic: Backend Modules Implementation,Normal,New,2026-06-14,2026-06-24,Developer,,,v1.0.0-MVP,,Low,Specs defined,Code implemented & tested,Tests passing; No mocks,Functional requirement met,,Revert commit,Dashboards Implementation,0,Product Owner / Architect,"Act as a Solution Architect. Define the technical specifications and sub-tasks for 'Feature: Dashboards Module'. Ensure alignment with the CCaaS platform goals (reliability, scalability, low latency)."
Define Entity: Dashboard,Task,Psitrix Psynq,Feature: Dashboards Module,High,New,2026-06-14,2026-06-16,Developer,4h,"Backend,Database",v1.0.0-MVP,3,Low,Specs defined,Code implemented & tested,Tests passing; No mocks,Functional requirement met,,Revert commit,"**File:** `packages/backend/src/modules/dashboards/entities/dashboard.entity.ts`
**Class:** `Dashboard`
**Type:** TypeORM Entity
**Requirements:**
- Define columns with exact types (varchar, int, jsonb)
- Define relationships (OneToMany, ManyToOne)
- Add indexes for performance
- NO MOCKS: Use real DB connection",0,Developer,Act as a Senior Full-Stack Developer. Your goal is to implement 'Define Entity: Dashboard'. 1. Follow Hexagonal Architecture (Domain -> Ports -> Adapters). 2. Use NestJS/React best practices. 3. Ensure all code is strictly typed. 4. NO MOCKS: Use real DB/API connections unless it's a unit test. 5. Update Swagger/Storybook documentation.
Create DTOs: Dashboard,Task,Psitrix Psynq,Feature: Dashboards Module,Normal,New,2026-06-14,2026-06-15,Developer,4h,"Backend,API",v1.0.0-MVP,3,Low,Specs defined,Code implemented & tested,Tests passing; No mocks,Functional requirement met,,Revert commit,"**File:** `packages/backend/src/modules/dashboards/dto/create-dashboard.dto.ts`
**File:** `packages/backend/src/modules/dashboards/dto/update-dashboard.dto.ts`
**Requirements:**
- Use class-validator decorators (@IsString, @IsInt)
- Use class-transformer
- Strict typing",0,Developer,Act as a Senior Full-Stack Developer. Your goal is to implement 'Create DTOs: Dashboard'. 1. Follow Hexagonal Architecture (Domain -> Ports -> Adapters). 2. Use NestJS/React best practices. 3. Ensure all code is strictly typed. 4. NO MOCKS: Use real DB/API connections unless it's a unit test. 5. Update Swagger/Storybook documentation.
Implement Service: DashboardService,Task,Psitrix Psynq,Feature: Dashboards Module,High,New,2026-06-15,2026-06-18,Developer,4h,Backend,v1.0.0-MVP,3,Low,Specs defined,Code implemented & tested,Tests passing; No mocks,Functional requirement met,,Revert commit,"**File:** `packages/backend/src/modules/dashboards/dashboard.service.ts`
**Class:** `DashboardService`
**Methods:**
- `create(dto)`
- `findAll(query)`
- `findOne(id)`
- `update(id, dto)`
- `remove(id)`
**Logic:** Business logic implementation. NO STUBS.",0,Developer,Act as a Senior Full-Stack Developer. Your goal is to implement 'Implement Service: DashboardService'. 1. Follow Hexagonal Architecture (Domain -> Ports -> Adapters). 2. Use NestJS/React best practices. 3. Ensure all code is strictly typed. 4. NO MOCKS: Use real DB/API connections unless it's a unit test. 5. Update Swagger/Storybook documentation.
Implement Controller: DashboardController,Task,Psitrix Psynq,Feature: Dashboards Module,High,New,2026-06-16,2026-06-18,Developer,4h,"Backend,API",v1.0.0-MVP,3,Low,Specs defined,Code implemented & tested,Tests passing; No mocks,Functional requirement met,,Revert commit,"**File:** `packages/backend/src/modules/dashboards/dashboard.controller.ts`
**Class:** `DashboardController`
**Endpoints:**
- `POST /api/v1/dashboards`
- `GET /api/v1/dashboards`
- `GET /api/v1/dashboards/:id`
- `PATCH /api/v1/dashboards/:id`
- `DELETE /api/v1/dashboards/:id`
**Requirements:** Swagger docs (@ApiTags), Auth guards",0,Developer,Act as a Senior Full-Stack Developer. Your goal is to implement 'Implement Controller: DashboardController'. 1. Follow Hexagonal Architecture (Domain -> Ports -> Adapters). 2. Use NestJS/React best practices. 3. Ensure all code is strictly typed. 4. NO MOCKS: Use real DB/API connections unless it's a unit test. 5. Update Swagger/Storybook documentation.
Unit Tests: DashboardService,Task,Psitrix Psynq,Feature: Dashboards Module,Normal,New,2026-06-17,2026-06-19,Developer,4h,"Backend,Testing",v1.0.0-MVP,3,Low,Specs defined,Code implemented & tested,Tests passing; No mocks,Functional requirement met,,Revert commit,"**File:** `packages/backend/src/modules/dashboards/dashboard.service.spec.ts`
**Requirements:**
- 100% coverage for service methods
- Test success and error cases
- Mock repository only (unit test)",0,QA Engineer,"Act as a Senior QA Engineer. Your goal is to verify the implementation of 'Unit Tests: DashboardService'. 1. Review the code in the specified file paths. 2. Execute existing tests and write new ones for edge cases (nulls, timeouts, high load). 3. Ensure 100% coverage. 4. Report any regressions or performance bottlenecks."
Integration Tests: Dashboard,Task,Psitrix Psynq,Feature: Dashboards Module,Normal,New,2026-06-18,2026-06-20,Developer,4h,"Backend,Testing",v1.0.0-MVP,3,Low,Specs defined,Code implemented & tested,Tests passing; No mocks,Functional requirement met,,Revert commit,"**File:** `test/dashboard.integration-spec.ts`
**Requirements:**
- Test database interactions
- Test service integration
- Test event emission",0,QA Engineer,"Act as a Senior QA Engineer. Your goal is to verify the implementation of 'Integration Tests: Dashboard'. 1. Review the code in the specified file paths. 2. Execute existing tests and write new ones for edge cases (nulls, timeouts, high load). 3. Ensure 100% coverage. 4. Report any regressions or performance bottlenecks."
Swagger Docs: Dashboard,Task,Psitrix Psynq,Feature: Dashboards Module,Low,New,2026-06-15,2026-06-16,Developer,4h,"Backend,Docs",v1.0.0-MVP,3,Low,Specs defined,Code implemented & tested,Tests passing; No mocks,Functional requirement met,,Revert commit,"**File:** `packages/backend/src/modules/dashboards/dashboard.controller.ts`
**Requirements:**
- Add @ApiOperation
- Add @ApiResponse
- Add @ApiProperty to DTOs",0,Developer,Act as a Senior Full-Stack Developer. Your goal is to implement 'Swagger Docs: Dashboard'. 1. Follow Hexagonal Architecture (Domain -> Ports -> Adapters). 2. Use NestJS/React best practices. 3. Ensure all code is strictly typed. 4. NO MOCKS: Use real DB/API connections unless it's a unit test. 5. Update Swagger/Storybook documentation.
DB Migration: Dashboard,Task,Psitrix Psynq,Feature: Dashboards Module,High,New,2026-06-14,2026-06-15,Developer,4h,"Backend,Database",v1.0.0-MVP,3,Low,Specs defined,Code implemented & tested,Tests passing; No mocks,Functional requirement met,,Revert commit,"**File:** `packages/backend/src/migrations/CreateDashboardTable.ts`
**Requirements:**
- Up method (create table)
- Down method (drop table)
- Indexes and constraints",0,Developer,Act as a Senior Full-Stack Developer. Your goal is to implement 'DB Migration: Dashboard'. 1. Follow Hexagonal Architecture (Domain -> Ports -> Adapters). 2. Use NestJS/React best practices. 3. Ensure all code is strictly typed. 4. NO MOCKS: Use real DB/API connections unless it's a unit test. 5. Update Swagger/Storybook documentation.
Seed Data: Dashboard,Task,Psitrix Psynq,Feature: Dashboards Module,Low,New,2026-06-16,2026-06-17,Developer,4h,"Backend,Database",v1.0.0-MVP,3,Low,Specs defined,Code implemented & tested,Tests passing; No mocks,Functional requirement met,,Revert commit,"**File:** `packages/backend/src/seeds/dashboard.seed.ts`
**Requirements:**
- Create default/test data
- Handle relationships",0,Developer,Act as a Senior Full-Stack Developer. Your goal is to implement 'Seed Data: Dashboard'. 1. Follow Hexagonal Architecture (Domain -> Ports -> Adapters). 2. Use NestJS/React best practices. 3. Ensure all code is strictly typed. 4. NO MOCKS: Use real DB/API connections unless it's a unit test. 5. Update Swagger/Storybook documentation.
Feature: Audit Module,Feature,Psitrix Psynq,Epic: Backend Modules Implementation,Normal,New,2026-06-14,2026-06-24,Developer,,,v1.0.0-MVP,,Low,Specs defined,Code implemented & tested,Tests passing; No mocks,Functional requirement met,,Revert commit,Audit Implementation,0,Product Owner / Architect,"Act as a Solution Architect. Define the technical specifications and sub-tasks for 'Feature: Audit Module'. Ensure alignment with the CCaaS platform goals (reliability, scalability, low latency)."
Define Entity: AuditLog,Task,Psitrix Psynq,Feature: Audit Module,High,New,2026-06-14,2026-06-16,Developer,4h,"Backend,Database",v1.0.0-MVP,3,Low,Specs defined,Code implemented & tested,Tests passing; No mocks,Functional requirement met,,Revert commit,"**File:** `packages/backend/src/modules/audit/entities/auditlog.entity.ts`
**Class:** `AuditLog`
**Type:** TypeORM Entity
**Requirements:**
- Define columns with exact types (varchar, int, jsonb)
- Define relationships (OneToMany, ManyToOne)
- Add indexes for performance
- NO MOCKS: Use real DB connection",0,QA Engineer,"Act as a Senior QA Engineer. Your goal is to verify the implementation of 'Define Entity: AuditLog'. 1. Review the code in the specified file paths. 2. Execute existing tests and write new ones for edge cases (nulls, timeouts, high load). 3. Ensure 100% coverage. 4. Report any regressions or performance bottlenecks."
Create DTOs: AuditLog,Task,Psitrix Psynq,Feature: Audit Module,Normal,New,2026-06-14,2026-06-15,Developer,4h,"Backend,API",v1.0.0-MVP,3,Low,Specs defined,Code implemented & tested,Tests passing; No mocks,Functional requirement met,,Revert commit,"**File:** `packages/backend/src/modules/audit/dto/create-auditlog.dto.ts`
**File:** `packages/backend/src/modules/audit/dto/update-auditlog.dto.ts`
**Requirements:**
- Use class-validator decorators (@IsString, @IsInt)
- Use class-transformer
- Strict typing",0,QA Engineer,"Act as a Senior QA Engineer. Your goal is to verify the implementation of 'Create DTOs: AuditLog'. 1. Review the code in the specified file paths. 2. Execute existing tests and write new ones for edge cases (nulls, timeouts, high load). 3. Ensure 100% coverage. 4. Report any regressions or performance bottlenecks."
Implement Service: AuditLogService,Task,Psitrix Psynq,Feature: Audit Module,High,New,2026-06-15,2026-06-18,Developer,4h,Backend,v1.0.0-MVP,3,Low,Specs defined,Code implemented & tested,Tests passing; No mocks,Functional requirement met,,Revert commit,"**File:** `packages/backend/src/modules/audit/auditlog.service.ts`
**Class:** `AuditLogService`
**Methods:**
- `create(dto)`
- `findAll(query)`
- `findOne(id)`
- `update(id, dto)`
- `remove(id)`
**Logic:** Business logic implementation. NO STUBS.",0,QA Engineer,"Act as a Senior QA Engineer. Your goal is to verify the implementation of 'Implement Service: AuditLogService'. 1. Review the code in the specified file paths. 2. Execute existing tests and write new ones for edge cases (nulls, timeouts, high load). 3. Ensure 100% coverage. 4. Report any regressions or performance bottlenecks."
Implement Controller: AuditLogController,Task,Psitrix Psynq,Feature: Audit Module,High,New,2026-06-16,2026-06-18,Developer,4h,"Backend,API",v1.0.0-MVP,3,Low,Specs defined,Code implemented & tested,Tests passing; No mocks,Functional requirement met,,Revert commit,"**File:** `packages/backend/src/modules/audit/auditlog.controller.ts`
**Class:** `AuditLogController`
**Endpoints:**
- `POST /api/v1/auditlogs`
- `GET /api/v1/auditlogs`
- `GET /api/v1/auditlogs/:id`
- `PATCH /api/v1/auditlogs/:id`
- `DELETE /api/v1/auditlogs/:id`
**Requirements:** Swagger docs (@ApiTags), Auth guards",0,QA Engineer,"Act as a Senior QA Engineer. Your goal is to verify the implementation of 'Implement Controller: AuditLogController'. 1. Review the code in the specified file paths. 2. Execute existing tests and write new ones for edge cases (nulls, timeouts, high load). 3. Ensure 100% coverage. 4. Report any regressions or performance bottlenecks."
Unit Tests: AuditLogService,Task,Psitrix Psynq,Feature: Audit Module,Normal,New,2026-06-17,2026-06-19,Developer,4h,"Backend,Testing",v1.0.0-MVP,3,Low,Specs defined,Code implemented & tested,Tests passing; No mocks,Functional requirement met,,Revert commit,"**File:** `packages/backend/src/modules/audit/auditlog.service.spec.ts`
**Requirements:**
- 100% coverage for service methods
- Test success and error cases
- Mock repository only (unit test)",0,QA Engineer,"Act as a Senior QA Engineer. Your goal is to verify the implementation of 'Unit Tests: AuditLogService'. 1. Review the code in the specified file paths. 2. Execute existing tests and write new ones for edge cases (nulls, timeouts, high load). 3. Ensure 100% coverage. 4. Report any regressions or performance bottlenecks."
Integration Tests: AuditLog,Task,Psitrix Psynq,Feature: Audit Module,Normal,New,2026-06-18,2026-06-20,Developer,4h,"Backend,Testing",v1.0.0-MVP,3,Low,Specs defined,Code implemented & tested,Tests passing; No mocks,Functional requirement met,,Revert commit,"**File:** `test/auditlog.integration-spec.ts`
**Requirements:**
- Test database interactions
- Test service integration
- Test event emission",0,QA Engineer,"Act as a Senior QA Engineer. Your goal is to verify the implementation of 'Integration Tests: AuditLog'. 1. Review the code in the specified file paths. 2. Execute existing tests and write new ones for edge cases (nulls, timeouts, high load). 3. Ensure 100% coverage. 4. Report any regressions or performance bottlenecks."
Swagger Docs: AuditLog,Task,Psitrix Psynq,Feature: Audit Module,Low,New,2026-06-15,2026-06-16,Developer,4h,"Backend,Docs",v1.0.0-MVP,3,Low,Specs defined,Code implemented & tested,Tests passing; No mocks,Functional requirement met,,Revert commit,"**File:** `packages/backend/src/modules/audit/auditlog.controller.ts`
**Requirements:**
- Add @ApiOperation
- Add @ApiResponse
- Add @ApiProperty to DTOs",0,QA Engineer,"Act as a Senior QA Engineer. Your goal is to verify the implementation of 'Swagger Docs: AuditLog'. 1. Review the code in the specified file paths. 2. Execute existing tests and write new ones for edge cases (nulls, timeouts, high load). 3. Ensure 100% coverage. 4. Report any regressions or performance bottlenecks."
DB Migration: AuditLog,Task,Psitrix Psynq,Feature: Audit Module,High,New,2026-06-14,2026-06-15,Developer,4h,"Backend,Database",v1.0.0-MVP,3,Low,Specs defined,Code implemented & tested,Tests passing; No mocks,Functional requirement met,,Revert commit,"**File:** `packages/backend/src/migrations/CreateAuditLogTable.ts`
**Requirements:**
- Up method (create table)
- Down method (drop table)
- Indexes and constraints",0,QA Engineer,"Act as a Senior QA Engineer. Your goal is to verify the implementation of 'DB Migration: AuditLog'. 1. Review the code in the specified file paths. 2. Execute existing tests and write new ones for edge cases (nulls, timeouts, high load). 3. Ensure 100% coverage. 4. Report any regressions or performance bottlenecks."
Seed Data: AuditLog,Task,Psitrix Psynq,Feature: Audit Module,Low,New,2026-06-16,2026-06-17,Developer,4h,"Backend,Database",v1.0.0-MVP,3,Low,Specs defined,Code implemented & tested,Tests passing; No mocks,Functional requirement met,,Revert commit,"**File:** `packages/backend/src/seeds/auditlog.seed.ts`
**Requirements:**
- Create default/test data
- Handle relationships",0,QA Engineer,"Act as a Senior QA Engineer. Your goal is to verify the implementation of 'Seed Data: AuditLog'. 1. Review the code in the specified file paths. 2. Execute existing tests and write new ones for edge cases (nulls, timeouts, high load). 3. Ensure 100% coverage. 4. Report any regressions or performance bottlenecks."
Feature: Integrations Module,Feature,Psitrix Psynq,Epic: Backend Modules Implementation,Normal,New,2026-06-14,2026-06-24,Developer,,,v1.0.0-MVP,,Low,Specs defined,Code implemented & tested,Tests passing; No mocks,Functional requirement met,,Revert commit,Integrations Implementation,0,Product Owner / Architect,"Act as a Solution Architect. Define the technical specifications and sub-tasks for 'Feature: Integrations Module'. Ensure alignment with the CCaaS platform goals (reliability, scalability, low latency)."
Define Entity: Integration,Task,Psitrix Psynq,Feature: Integrations Module,High,New,2026-06-14,2026-06-16,Developer,4h,"Backend,Database",v1.0.0-MVP,3,Low,Specs defined,Code implemented & tested,Tests passing; No mocks,Functional requirement met,,Revert commit,"**File:** `packages/backend/src/modules/integrations/entities/integration.entity.ts`
**Class:** `Integration`
**Type:** TypeORM Entity
**Requirements:**
- Define columns with exact types (varchar, int, jsonb)
- Define relationships (OneToMany, ManyToOne)
- Add indexes for performance
- NO MOCKS: Use real DB connection",0,Developer,Act as a Senior Full-Stack Developer. Your goal is to implement 'Define Entity: Integration'. 1. Follow Hexagonal Architecture (Domain -> Ports -> Adapters). 2. Use NestJS/React best practices. 3. Ensure all code is strictly typed. 4. NO MOCKS: Use real DB/API connections unless it's a unit test. 5. Update Swagger/Storybook documentation.
Create DTOs: Integration,Task,Psitrix Psynq,Feature: Integrations Module,Normal,New,2026-06-14,2026-06-15,Developer,4h,"Backend,API",v1.0.0-MVP,3,Low,Specs defined,Code implemented & tested,Tests passing; No mocks,Functional requirement met,,Revert commit,"**File:** `packages/backend/src/modules/integrations/dto/create-integration.dto.ts`
**File:** `packages/backend/src/modules/integrations/dto/update-integration.dto.ts`
**Requirements:**
- Use class-validator decorators (@IsString, @IsInt)
- Use class-transformer
- Strict typing",0,Developer,Act as a Senior Full-Stack Developer. Your goal is to implement 'Create DTOs: Integration'. 1. Follow Hexagonal Architecture (Domain -> Ports -> Adapters). 2. Use NestJS/React best practices. 3. Ensure all code is strictly typed. 4. NO MOCKS: Use real DB/API connections unless it's a unit test. 5. Update Swagger/Storybook documentation.
Implement Service: IntegrationService,Task,Psitrix Psynq,Feature: Integrations Module,High,New,2026-06-15,2026-06-18,Developer,4h,Backend,v1.0.0-MVP,3,Low,Specs defined,Code implemented & tested,Tests passing; No mocks,Functional requirement met,,Revert commit,"**File:** `packages/backend/src/modules/integrations/integration.service.ts`
**Class:** `IntegrationService`
**Methods:**
- `create(dto)`
- `findAll(query)`
- `findOne(id)`
- `update(id, dto)`
- `remove(id)`
**Logic:** Business logic implementation. NO STUBS.",0,Developer,Act as a Senior Full-Stack Developer. Your goal is to implement 'Implement Service: IntegrationService'. 1. Follow Hexagonal Architecture (Domain -> Ports -> Adapters). 2. Use NestJS/React best practices. 3. Ensure all code is strictly typed. 4. NO MOCKS: Use real DB/API connections unless it's a unit test. 5. Update Swagger/Storybook documentation.
Implement Controller: IntegrationController,Task,Psitrix Psynq,Feature: Integrations Module,High,New,2026-06-16,2026-06-18,Developer,4h,"Backend,API",v1.0.0-MVP,3,Low,Specs defined,Code implemented & tested,Tests passing; No mocks,Functional requirement met,,Revert commit,"**File:** `packages/backend/src/modules/integrations/integration.controller.ts`
**Class:** `IntegrationController`
**Endpoints:**
- `POST /api/v1/integrations`
- `GET /api/v1/integrations`
- `GET /api/v1/integrations/:id`
- `PATCH /api/v1/integrations/:id`
- `DELETE /api/v1/integrations/:id`
**Requirements:** Swagger docs (@ApiTags), Auth guards",0,Developer,Act as a Senior Full-Stack Developer. Your goal is to implement 'Implement Controller: IntegrationController'. 1. Follow Hexagonal Architecture (Domain -> Ports -> Adapters). 2. Use NestJS/React best practices. 3. Ensure all code is strictly typed. 4. NO MOCKS: Use real DB/API connections unless it's a unit test. 5. Update Swagger/Storybook documentation.
Unit Tests: IntegrationService,Task,Psitrix Psynq,Feature: Integrations Module,Normal,New,2026-06-17,2026-06-19,Developer,4h,"Backend,Testing",v1.0.0-MVP,3,Low,Specs defined,Code implemented & tested,Tests passing; No mocks,Functional requirement met,,Revert commit,"**File:** `packages/backend/src/modules/integrations/integration.service.spec.ts`
**Requirements:**
- 100% coverage for service methods
- Test success and error cases
- Mock repository only (unit test)",0,QA Engineer,"Act as a Senior QA Engineer. Your goal is to verify the implementation of 'Unit Tests: IntegrationService'. 1. Review the code in the specified file paths. 2. Execute existing tests and write new ones for edge cases (nulls, timeouts, high load). 3. Ensure 100% coverage. 4. Report any regressions or performance bottlenecks."
Integration Tests: Integration,Task,Psitrix Psynq,Feature: Integrations Module,Normal,New,2026-06-18,2026-06-20,Developer,4h,"Backend,Testing",v1.0.0-MVP,3,Low,Specs defined,Code implemented & tested,Tests passing; No mocks,Functional requirement met,,Revert commit,"**File:** `test/integration.integration-spec.ts`
**Requirements:**
- Test database interactions
- Test service integration
- Test event emission",0,QA Engineer,"Act as a Senior QA Engineer. Your goal is to verify the implementation of 'Integration Tests: Integration'. 1. Review the code in the specified file paths. 2. Execute existing tests and write new ones for edge cases (nulls, timeouts, high load). 3. Ensure 100% coverage. 4. Report any regressions or performance bottlenecks."
Swagger Docs: Integration,Task,Psitrix Psynq,Feature: Integrations Module,Low,New,2026-06-15,2026-06-16,Developer,4h,"Backend,Docs",v1.0.0-MVP,3,Low,Specs defined,Code implemented & tested,Tests passing; No mocks,Functional requirement met,,Revert commit,"**File:** `packages/backend/src/modules/integrations/integration.controller.ts`
**Requirements:**
- Add @ApiOperation
- Add @ApiResponse
- Add @ApiProperty to DTOs",0,Developer,Act as a Senior Full-Stack Developer. Your goal is to implement 'Swagger Docs: Integration'. 1. Follow Hexagonal Architecture (Domain -> Ports -> Adapters). 2. Use NestJS/React best practices. 3. Ensure all code is strictly typed. 4. NO MOCKS: Use real DB/API connections unless it's a unit test. 5. Update Swagger/Storybook documentation.
DB Migration: Integration,Task,Psitrix Psynq,Feature: Integrations Module,High,New,2026-06-14,2026-06-15,Developer,4h,"Backend,Database",v1.0.0-MVP,3,Low,Specs defined,Code implemented & tested,Tests passing; No mocks,Functional requirement met,,Revert commit,"**File:** `packages/backend/src/migrations/CreateIntegrationTable.ts`
**Requirements:**
- Up method (create table)
- Down method (drop table)
- Indexes and constraints",0,Developer,Act as a Senior Full-Stack Developer. Your goal is to implement 'DB Migration: Integration'. 1. Follow Hexagonal Architecture (Domain -> Ports -> Adapters). 2. Use NestJS/React best practices. 3. Ensure all code is strictly typed. 4. NO MOCKS: Use real DB/API connections unless it's a unit test. 5. Update Swagger/Storybook documentation.
Seed Data: Integration,Task,Psitrix Psynq,Feature: Integrations Module,Low,New,2026-06-16,2026-06-17,Developer,4h,"Backend,Database",v1.0.0-MVP,3,Low,Specs defined,Code implemented & tested,Tests passing; No mocks,Functional requirement met,,Revert commit,"**File:** `packages/backend/src/seeds/integration.seed.ts`
**Requirements:**
- Create default/test data
- Handle relationships",0,Developer,Act as a Senior Full-Stack Developer. Your goal is to implement 'Seed Data: Integration'. 1. Follow Hexagonal Architecture (Domain -> Ports -> Adapters). 2. Use NestJS/React best practices. 3. Ensure all code is strictly typed. 4. NO MOCKS: Use real DB/API connections unless it's a unit test. 5. Update Swagger/Storybook documentation.
Feature: Webhooks Module,Feature,Psitrix Psynq,Epic: Backend Modules Implementation,Normal,New,2026-06-14,2026-06-24,Developer,,,v1.0.0-MVP,,Low,Specs defined,Code implemented & tested,Tests passing; No mocks,Functional requirement met,,Revert commit,Webhooks Implementation,0,Product Owner / Architect,"Act as a Solution Architect. Define the technical specifications and sub-tasks for 'Feature: Webhooks Module'. Ensure alignment with the CCaaS platform goals (reliability, scalability, low latency)."
Define Entity: Webhook,Task,Psitrix Psynq,Feature: Webhooks Module,High,New,2026-06-14,2026-06-16,Developer,4h,"Backend,Database",v1.0.0-MVP,3,Low,Specs defined,Code implemented & tested,Tests passing; No mocks,Functional requirement met,,Revert commit,"**File:** `packages/backend/src/modules/webhooks/entities/webhook.entity.ts`
**Class:** `Webhook`
**Type:** TypeORM Entity
**Requirements:**
- Define columns with exact types (varchar, int, jsonb)
- Define relationships (OneToMany, ManyToOne)
- Add indexes for performance
- NO MOCKS: Use real DB connection",0,Developer,Act as a Senior Full-Stack Developer. Your goal is to implement 'Define Entity: Webhook'. 1. Follow Hexagonal Architecture (Domain -> Ports -> Adapters). 2. Use NestJS/React best practices. 3. Ensure all code is strictly typed. 4. NO MOCKS: Use real DB/API connections unless it's a unit test. 5. Update Swagger/Storybook documentation.
Create DTOs: Webhook,Task,Psitrix Psynq,Feature: Webhooks Module,Normal,New,2026-06-14,2026-06-15,Developer,4h,"Backend,API",v1.0.0-MVP,3,Low,Specs defined,Code implemented & tested,Tests passing; No mocks,Functional requirement met,,Revert commit,"**File:** `packages/backend/src/modules/webhooks/dto/create-webhook.dto.ts`
**File:** `packages/backend/src/modules/webhooks/dto/update-webhook.dto.ts`
**Requirements:**
- Use class-validator decorators (@IsString, @IsInt)
- Use class-transformer
- Strict typing",0,Developer,Act as a Senior Full-Stack Developer. Your goal is to implement 'Create DTOs: Webhook'. 1. Follow Hexagonal Architecture (Domain -> Ports -> Adapters). 2. Use NestJS/React best practices. 3. Ensure all code is strictly typed. 4. NO MOCKS: Use real DB/API connections unless it's a unit test. 5. Update Swagger/Storybook documentation.
Implement Service: WebhookService,Task,Psitrix Psynq,Feature: Webhooks Module,High,New,2026-06-15,2026-06-18,Developer,4h,Backend,v1.0.0-MVP,3,Low,Specs defined,Code implemented & tested,Tests passing; No mocks,Functional requirement met,,Revert commit,"**File:** `packages/backend/src/modules/webhooks/webhook.service.ts`
**Class:** `WebhookService`
**Methods:**
- `create(dto)`
- `findAll(query)`
- `findOne(id)`
- `update(id, dto)`
- `remove(id)`
**Logic:** Business logic implementation. NO STUBS.",0,Developer,Act as a Senior Full-Stack Developer. Your goal is to implement 'Implement Service: WebhookService'. 1. Follow Hexagonal Architecture (Domain -> Ports -> Adapters). 2. Use NestJS/React best practices. 3. Ensure all code is strictly typed. 4. NO MOCKS: Use real DB/API connections unless it's a unit test. 5. Update Swagger/Storybook documentation.
Implement Controller: WebhookController,Task,Psitrix Psynq,Feature: Webhooks Module,High,New,2026-06-16,2026-06-18,Developer,4h,"Backend,API",v1.0.0-MVP,3,Low,Specs defined,Code implemented & tested,Tests passing; No mocks,Functional requirement met,,Revert commit,"**File:** `packages/backend/src/modules/webhooks/webhook.controller.ts`
**Class:** `WebhookController`
**Endpoints:**
- `POST /api/v1/webhooks`
- `GET /api/v1/webhooks`
- `GET /api/v1/webhooks/:id`
- `PATCH /api/v1/webhooks/:id`
- `DELETE /api/v1/webhooks/:id`
**Requirements:** Swagger docs (@ApiTags), Auth guards",0,Developer,Act as a Senior Full-Stack Developer. Your goal is to implement 'Implement Controller: WebhookController'. 1. Follow Hexagonal Architecture (Domain -> Ports -> Adapters). 2. Use NestJS/React best practices. 3. Ensure all code is strictly typed. 4. NO MOCKS: Use real DB/API connections unless it's a unit test. 5. Update Swagger/Storybook documentation.
Unit Tests: WebhookService,Task,Psitrix Psynq,Feature: Webhooks Module,Normal,New,2026-06-17,2026-06-19,Developer,4h,"Backend,Testing",v1.0.0-MVP,3,Low,Specs defined,Code implemented & tested,Tests passing; No mocks,Functional requirement met,,Revert commit,"**File:** `packages/backend/src/modules/webhooks/webhook.service.spec.ts`
**Requirements:**
- 100% coverage for service methods
- Test success and error cases
- Mock repository only (unit test)",0,QA Engineer,"Act as a Senior QA Engineer. Your goal is to verify the implementation of 'Unit Tests: WebhookService'. 1. Review the code in the specified file paths. 2. Execute existing tests and write new ones for edge cases (nulls, timeouts, high load). 3. Ensure 100% coverage. 4. Report any regressions or performance bottlenecks."
Integration Tests: Webhook,Task,Psitrix Psynq,Feature: Webhooks Module,Normal,New,2026-06-18,2026-06-20,Developer,4h,"Backend,Testing",v1.0.0-MVP,3,Low,Specs defined,Code implemented & tested,Tests passing; No mocks,Functional requirement met,,Revert commit,"**File:** `test/webhook.integration-spec.ts`
**Requirements:**
- Test database interactions
- Test service integration
- Test event emission",0,QA Engineer,"Act as a Senior QA Engineer. Your goal is to verify the implementation of 'Integration Tests: Webhook'. 1. Review the code in the specified file paths. 2. Execute existing tests and write new ones for edge cases (nulls, timeouts, high load). 3. Ensure 100% coverage. 4. Report any regressions or performance bottlenecks."
Swagger Docs: Webhook,Task,Psitrix Psynq,Feature: Webhooks Module,Low,New,2026-06-15,2026-06-16,Developer,4h,"Backend,Docs",v1.0.0-MVP,3,Low,Specs defined,Code implemented & tested,Tests passing; No mocks,Functional requirement met,,Revert commit,"**File:** `packages/backend/src/modules/webhooks/webhook.controller.ts`
**Requirements:**
- Add @ApiOperation
- Add @ApiResponse
- Add @ApiProperty to DTOs",0,Developer,Act as a Senior Full-Stack Developer. Your goal is to implement 'Swagger Docs: Webhook'. 1. Follow Hexagonal Architecture (Domain -> Ports -> Adapters). 2. Use NestJS/React best practices. 3. Ensure all code is strictly typed. 4. NO MOCKS: Use real DB/API connections unless it's a unit test. 5. Update Swagger/Storybook documentation.
DB Migration: Webhook,Task,Psitrix Psynq,Feature: Webhooks Module,High,New,2026-06-14,2026-06-15,Developer,4h,"Backend,Database",v1.0.0-MVP,3,Low,Specs defined,Code implemented & tested,Tests passing; No mocks,Functional requirement met,,Revert commit,"**File:** `packages/backend/src/migrations/CreateWebhookTable.ts`
**Requirements:**
- Up method (create table)
- Down method (drop table)
- Indexes and constraints",0,Developer,Act as a Senior Full-Stack Developer. Your goal is to implement 'DB Migration: Webhook'. 1. Follow Hexagonal Architecture (Domain -> Ports -> Adapters). 2. Use NestJS/React best practices. 3. Ensure all code is strictly typed. 4. NO MOCKS: Use real DB/API connections unless it's a unit test. 5. Update Swagger/Storybook documentation.
Seed Data: Webhook,Task,Psitrix Psynq,Feature: Webhooks Module,Low,New,2026-06-16,2026-06-17,Developer,4h,"Backend,Database",v1.0.0-MVP,3,Low,Specs defined,Code implemented & tested,Tests passing; No mocks,Functional requirement met,,Revert commit,"**File:** `packages/backend/src/seeds/webhook.seed.ts`
**Requirements:**
- Create default/test data
- Handle relationships",0,Developer,Act as a Senior Full-Stack Developer. Your goal is to implement 'Seed Data: Webhook'. 1. Follow Hexagonal Architecture (Domain -> Ports -> Adapters). 2. Use NestJS/React best practices. 3. Ensure all code is strictly typed. 4. NO MOCKS: Use real DB/API connections unless it's a unit test. 5. Update Swagger/Storybook documentation.
Feature: SLA Module,Feature,Psitrix Psynq,Epic: Backend Modules Implementation,Normal,New,2026-06-14,2026-06-24,Developer,,,v1.0.0-MVP,,Low,Specs defined,Code implemented & tested,Tests passing; No mocks,Functional requirement met,,Revert commit,SLA Implementation,0,Product Owner / Architect,"Act as a Solution Architect. Define the technical specifications and sub-tasks for 'Feature: SLA Module'. Ensure alignment with the CCaaS platform goals (reliability, scalability, low latency)."
Define Entity: SlaPolicy,Task,Psitrix Psynq,Feature: SLA Module,High,New,2026-06-14,2026-06-16,Developer,4h,"Backend,Database",v1.0.0-MVP,3,Low,Specs defined,Code implemented & tested,Tests passing; No mocks,Functional requirement met,,Revert commit,"**File:** `packages/backend/src/modules/sla/entities/slapolicy.entity.ts`
**Class:** `SlaPolicy`
**Type:** TypeORM Entity
**Requirements:**
- Define columns with exact types (varchar, int, jsonb)
- Define relationships (OneToMany, ManyToOne)
- Add indexes for performance
- NO MOCKS: Use real DB connection",0,Developer,Act as a Senior Full-Stack Developer. Your goal is to implement 'Define Entity: SlaPolicy'. 1. Follow Hexagonal Architecture (Domain -> Ports -> Adapters). 2. Use NestJS/React best practices. 3. Ensure all code is strictly typed. 4. NO MOCKS: Use real DB/API connections unless it's a unit test. 5. Update Swagger/Storybook documentation.
Create DTOs: SlaPolicy,Task,Psitrix Psynq,Feature: SLA Module,Normal,New,2026-06-14,2026-06-15,Developer,4h,"Backend,API",v1.0.0-MVP,3,Low,Specs defined,Code implemented & tested,Tests passing; No mocks,Functional requirement met,,Revert commit,"**File:** `packages/backend/src/modules/sla/dto/create-slapolicy.dto.ts`
**File:** `packages/backend/src/modules/sla/dto/update-slapolicy.dto.ts`
**Requirements:**
- Use class-validator decorators (@IsString, @IsInt)
- Use class-transformer
- Strict typing",0,Developer,Act as a Senior Full-Stack Developer. Your goal is to implement 'Create DTOs: SlaPolicy'. 1. Follow Hexagonal Architecture (Domain -> Ports -> Adapters). 2. Use NestJS/React best practices. 3. Ensure all code is strictly typed. 4. NO MOCKS: Use real DB/API connections unless it's a unit test. 5. Update Swagger/Storybook documentation.
Implement Service: SlaPolicyService,Task,Psitrix Psynq,Feature: SLA Module,High,New,2026-06-15,2026-06-18,Developer,4h,Backend,v1.0.0-MVP,3,Low,Specs defined,Code implemented & tested,Tests passing; No mocks,Functional requirement met,,Revert commit,"**File:** `packages/backend/src/modules/sla/slapolicy.service.ts`
**Class:** `SlaPolicyService`
**Methods:**
- `create(dto)`
- `findAll(query)`
- `findOne(id)`
- `update(id, dto)`
- `remove(id)`
**Logic:** Business logic implementation. NO STUBS.",0,Developer,Act as a Senior Full-Stack Developer. Your goal is to implement 'Implement Service: SlaPolicyService'. 1. Follow Hexagonal Architecture (Domain -> Ports -> Adapters). 2. Use NestJS/React best practices. 3. Ensure all code is strictly typed. 4. NO MOCKS: Use real DB/API connections unless it's a unit test. 5. Update Swagger/Storybook documentation.
Implement Controller: SlaPolicyController,Task,Psitrix Psynq,Feature: SLA Module,High,New,2026-06-16,2026-06-18,Developer,4h,"Backend,API",v1.0.0-MVP,3,Low,Specs defined,Code implemented & tested,Tests passing; No mocks,Functional requirement met,,Revert commit,"**File:** `packages/backend/src/modules/sla/slapolicy.controller.ts`
**Class:** `SlaPolicyController`
**Endpoints:**
- `POST /api/v1/slapolicys`
- `GET /api/v1/slapolicys`
- `GET /api/v1/slapolicys/:id`
- `PATCH /api/v1/slapolicys/:id`
- `DELETE /api/v1/slapolicys/:id`
**Requirements:** Swagger docs (@ApiTags), Auth guards",0,Developer,Act as a Senior Full-Stack Developer. Your goal is to implement 'Implement Controller: SlaPolicyController'. 1. Follow Hexagonal Architecture (Domain -> Ports -> Adapters). 2. Use NestJS/React best practices. 3. Ensure all code is strictly typed. 4. NO MOCKS: Use real DB/API connections unless it's a unit test. 5. Update Swagger/Storybook documentation.
Unit Tests: SlaPolicyService,Task,Psitrix Psynq,Feature: SLA Module,Normal,New,2026-06-17,2026-06-19,Developer,4h,"Backend,Testing",v1.0.0-MVP,3,Low,Specs defined,Code implemented & tested,Tests passing; No mocks,Functional requirement met,,Revert commit,"**File:** `packages/backend/src/modules/sla/slapolicy.service.spec.ts`
**Requirements:**
- 100% coverage for service methods
- Test success and error cases
- Mock repository only (unit test)",0,QA Engineer,"Act as a Senior QA Engineer. Your goal is to verify the implementation of 'Unit Tests: SlaPolicyService'. 1. Review the code in the specified file paths. 2. Execute existing tests and write new ones for edge cases (nulls, timeouts, high load). 3. Ensure 100% coverage. 4. Report any regressions or performance bottlenecks."
Integration Tests: SlaPolicy,Task,Psitrix Psynq,Feature: SLA Module,Normal,New,2026-06-18,2026-06-20,Developer,4h,"Backend,Testing",v1.0.0-MVP,3,Low,Specs defined,Code implemented & tested,Tests passing; No mocks,Functional requirement met,,Revert commit,"**File:** `test/slapolicy.integration-spec.ts`
**Requirements:**
- Test database interactions
- Test service integration
- Test event emission",0,QA Engineer,"Act as a Senior QA Engineer. Your goal is to verify the implementation of 'Integration Tests: SlaPolicy'. 1. Review the code in the specified file paths. 2. Execute existing tests and write new ones for edge cases (nulls, timeouts, high load). 3. Ensure 100% coverage. 4. Report any regressions or performance bottlenecks."
Swagger Docs: SlaPolicy,Task,Psitrix Psynq,Feature: SLA Module,Low,New,2026-06-15,2026-06-16,Developer,4h,"Backend,Docs",v1.0.0-MVP,3,Low,Specs defined,Code implemented & tested,Tests passing; No mocks,Functional requirement met,,Revert commit,"**File:** `packages/backend/src/modules/sla/slapolicy.controller.ts`
**Requirements:**
- Add @ApiOperation
- Add @ApiResponse
- Add @ApiProperty to DTOs",0,Developer,Act as a Senior Full-Stack Developer. Your goal is to implement 'Swagger Docs: SlaPolicy'. 1. Follow Hexagonal Architecture (Domain -> Ports -> Adapters). 2. Use NestJS/React best practices. 3. Ensure all code is strictly typed. 4. NO MOCKS: Use real DB/API connections unless it's a unit test. 5. Update Swagger/Storybook documentation.
DB Migration: SlaPolicy,Task,Psitrix Psynq,Feature: SLA Module,High,New,2026-06-14,2026-06-15,Developer,4h,"Backend,Database",v1.0.0-MVP,3,Low,Specs defined,Code implemented & tested,Tests passing; No mocks,Functional requirement met,,Revert commit,"**File:** `packages/backend/src/migrations/CreateSlaPolicyTable.ts`
**Requirements:**
- Up method (create table)
- Down method (drop table)
- Indexes and constraints",0,Developer,Act as a Senior Full-Stack Developer. Your goal is to implement 'DB Migration: SlaPolicy'. 1. Follow Hexagonal Architecture (Domain -> Ports -> Adapters). 2. Use NestJS/React best practices. 3. Ensure all code is strictly typed. 4. NO MOCKS: Use real DB/API connections unless it's a unit test. 5. Update Swagger/Storybook documentation.
Seed Data: SlaPolicy,Task,Psitrix Psynq,Feature: SLA Module,Low,New,2026-06-16,2026-06-17,Developer,4h,"Backend,Database",v1.0.0-MVP,3,Low,Specs defined,Code implemented & tested,Tests passing; No mocks,Functional requirement met,,Revert commit,"**File:** `packages/backend/src/seeds/slapolicy.seed.ts`
**Requirements:**
- Create default/test data
- Handle relationships",0,Developer,Act as a Senior Full-Stack Developer. Your goal is to implement 'Seed Data: SlaPolicy'. 1. Follow Hexagonal Architecture (Domain -> Ports -> Adapters). 2. Use NestJS/React best practices. 3. Ensure all code is strictly typed. 4. NO MOCKS: Use real DB/API connections unless it's a unit test. 5. Update Swagger/Storybook documentation.
Feature: Dispositions Module,Feature,Psitrix Psynq,Epic: Backend Modules Implementation,Normal,New,2026-06-14,2026-06-24,Developer,,,v1.0.0-MVP,,Low,Specs defined,Code implemented & tested,Tests passing; No mocks,Functional requirement met,,Revert commit,Dispositions Implementation,0,Product Owner / Architect,"Act as a Solution Architect. Define the technical specifications and sub-tasks for 'Feature: Dispositions Module'. Ensure alignment with the CCaaS platform goals (reliability, scalability, low latency)."
Define Entity: Disposition,Task,Psitrix Psynq,Feature: Dispositions Module,High,New,2026-06-14,2026-06-16,Developer,4h,"Backend,Database",v1.0.0-MVP,3,Low,Specs defined,Code implemented & tested,Tests passing; No mocks,Functional requirement met,,Revert commit,"**File:** `packages/backend/src/modules/dispositions/entities/disposition.entity.ts`
**Class:** `Disposition`
**Type:** TypeORM Entity
**Requirements:**
- Define columns with exact types (varchar, int, jsonb)
- Define relationships (OneToMany, ManyToOne)
- Add indexes for performance
- NO MOCKS: Use real DB connection",0,Developer,Act as a Senior Full-Stack Developer. Your goal is to implement 'Define Entity: Disposition'. 1. Follow Hexagonal Architecture (Domain -> Ports -> Adapters). 2. Use NestJS/React best practices. 3. Ensure all code is strictly typed. 4. NO MOCKS: Use real DB/API connections unless it's a unit test. 5. Update Swagger/Storybook documentation.
Create DTOs: Disposition,Task,Psitrix Psynq,Feature: Dispositions Module,Normal,New,2026-06-14,2026-06-15,Developer,4h,"Backend,API",v1.0.0-MVP,3,Low,Specs defined,Code implemented & tested,Tests passing; No mocks,Functional requirement met,,Revert commit,"**File:** `packages/backend/src/modules/dispositions/dto/create-disposition.dto.ts`
**File:** `packages/backend/src/modules/dispositions/dto/update-disposition.dto.ts`
**Requirements:**
- Use class-validator decorators (@IsString, @IsInt)
- Use class-transformer
- Strict typing",0,Developer,Act as a Senior Full-Stack Developer. Your goal is to implement 'Create DTOs: Disposition'. 1. Follow Hexagonal Architecture (Domain -> Ports -> Adapters). 2. Use NestJS/React best practices. 3. Ensure all code is strictly typed. 4. NO MOCKS: Use real DB/API connections unless it's a unit test. 5. Update Swagger/Storybook documentation.
Implement Service: DispositionService,Task,Psitrix Psynq,Feature: Dispositions Module,High,New,2026-06-15,2026-06-18,Developer,4h,Backend,v1.0.0-MVP,3,Low,Specs defined,Code implemented & tested,Tests passing; No mocks,Functional requirement met,,Revert commit,"**File:** `packages/backend/src/modules/dispositions/disposition.service.ts`
**Class:** `DispositionService`
**Methods:**
- `create(dto)`
- `findAll(query)`
- `findOne(id)`
- `update(id, dto)`
- `remove(id)`
**Logic:** Business logic implementation. NO STUBS.",0,Developer,Act as a Senior Full-Stack Developer. Your goal is to implement 'Implement Service: DispositionService'. 1. Follow Hexagonal Architecture (Domain -> Ports -> Adapters). 2. Use NestJS/React best practices. 3. Ensure all code is strictly typed. 4. NO MOCKS: Use real DB/API connections unless it's a unit test. 5. Update Swagger/Storybook documentation.
Implement Controller: DispositionController,Task,Psitrix Psynq,Feature: Dispositions Module,High,New,2026-06-16,2026-06-18,Developer,4h,"Backend,API",v1.0.0-MVP,3,Low,Specs defined,Code implemented & tested,Tests passing; No mocks,Functional requirement met,,Revert commit,"**File:** `packages/backend/src/modules/dispositions/disposition.controller.ts`
**Class:** `DispositionController`
**Endpoints:**
- `POST /api/v1/dispositions`
- `GET /api/v1/dispositions`
- `GET /api/v1/dispositions/:id`
- `PATCH /api/v1/dispositions/:id`
- `DELETE /api/v1/dispositions/:id`
**Requirements:** Swagger docs (@ApiTags), Auth guards",0,Developer,Act as a Senior Full-Stack Developer. Your goal is to implement 'Implement Controller: DispositionController'. 1. Follow Hexagonal Architecture (Domain -> Ports -> Adapters). 2. Use NestJS/React best practices. 3. Ensure all code is strictly typed. 4. NO MOCKS: Use real DB/API connections unless it's a unit test. 5. Update Swagger/Storybook documentation.
Unit Tests: DispositionService,Task,Psitrix Psynq,Feature: Dispositions Module,Normal,New,2026-06-17,2026-06-19,Developer,4h,"Backend,Testing",v1.0.0-MVP,3,Low,Specs defined,Code implemented & tested,Tests passing; No mocks,Functional requirement met,,Revert commit,"**File:** `packages/backend/src/modules/dispositions/disposition.service.spec.ts`
**Requirements:**
- 100% coverage for service methods
- Test success and error cases
- Mock repository only (unit test)",0,QA Engineer,"Act as a Senior QA Engineer. Your goal is to verify the implementation of 'Unit Tests: DispositionService'. 1. Review the code in the specified file paths. 2. Execute existing tests and write new ones for edge cases (nulls, timeouts, high load). 3. Ensure 100% coverage. 4. Report any regressions or performance bottlenecks."
Integration Tests: Disposition,Task,Psitrix Psynq,Feature: Dispositions Module,Normal,New,2026-06-18,2026-06-20,Developer,4h,"Backend,Testing",v1.0.0-MVP,3,Low,Specs defined,Code implemented & tested,Tests passing; No mocks,Functional requirement met,,Revert commit,"**File:** `test/disposition.integration-spec.ts`
**Requirements:**
- Test database interactions
- Test service integration
- Test event emission",0,QA Engineer,"Act as a Senior QA Engineer. Your goal is to verify the implementation of 'Integration Tests: Disposition'. 1. Review the code in the specified file paths. 2. Execute existing tests and write new ones for edge cases (nulls, timeouts, high load). 3. Ensure 100% coverage. 4. Report any regressions or performance bottlenecks."
Swagger Docs: Disposition,Task,Psitrix Psynq,Feature: Dispositions Module,Low,New,2026-06-15,2026-06-16,Developer,4h,"Backend,Docs",v1.0.0-MVP,3,Low,Specs defined,Code implemented & tested,Tests passing; No mocks,Functional requirement met,,Revert commit,"**File:** `packages/backend/src/modules/dispositions/disposition.controller.ts`
**Requirements:**
- Add @ApiOperation
- Add @ApiResponse
- Add @ApiProperty to DTOs",0,Developer,Act as a Senior Full-Stack Developer. Your goal is to implement 'Swagger Docs: Disposition'. 1. Follow Hexagonal Architecture (Domain -> Ports -> Adapters). 2. Use NestJS/React best practices. 3. Ensure all code is strictly typed. 4. NO MOCKS: Use real DB/API connections unless it's a unit test. 5. Update Swagger/Storybook documentation.
DB Migration: Disposition,Task,Psitrix Psynq,Feature: Dispositions Module,High,New,2026-06-14,2026-06-15,Developer,4h,"Backend,Database",v1.0.0-MVP,3,Low,Specs defined,Code implemented & tested,Tests passing; No mocks,Functional requirement met,,Revert commit,"**File:** `packages/backend/src/migrations/CreateDispositionTable.ts`
**Requirements:**
- Up method (create table)
- Down method (drop table)
- Indexes and constraints",0,Developer,Act as a Senior Full-Stack Developer. Your goal is to implement 'DB Migration: Disposition'. 1. Follow Hexagonal Architecture (Domain -> Ports -> Adapters). 2. Use NestJS/React best practices. 3. Ensure all code is strictly typed. 4. NO MOCKS: Use real DB/API connections unless it's a unit test. 5. Update Swagger/Storybook documentation.
Seed Data: Disposition,Task,Psitrix Psynq,Feature: Dispositions Module,Low,New,2026-06-16,2026-06-17,Developer,4h,"Backend,Database",v1.0.0-MVP,3,Low,Specs defined,Code implemented & tested,Tests passing; No mocks,Functional requirement met,,Revert commit,"**File:** `packages/backend/src/seeds/disposition.seed.ts`
**Requirements:**
- Create default/test data
- Handle relationships",0,Developer,Act as a Senior Full-Stack Developer. Your goal is to implement 'Seed Data: Disposition'. 1. Follow Hexagonal Architecture (Domain -> Ports -> Adapters). 2. Use NestJS/React best practices. 3. Ensure all code is strictly typed. 4. NO MOCKS: Use real DB/API connections unless it's a unit test. 5. Update Swagger/Storybook documentation.
Feature: Scripts Module,Feature,Psitrix Psynq,Epic: Backend Modules Implementation,Normal,New,2026-06-14,2026-06-24,Developer,,,v1.0.0-MVP,,Low,Specs defined,Code implemented & tested,Tests passing; No mocks,Functional requirement met,,Revert commit,Scripts Implementation,0,Product Owner / Architect,"Act as a Solution Architect. Define the technical specifications and sub-tasks for 'Feature: Scripts Module'. Ensure alignment with the CCaaS platform goals (reliability, scalability, low latency)."
Define Entity: AgentScript,Task,Psitrix Psynq,Feature: Scripts Module,High,New,2026-06-14,2026-06-16,Developer,4h,"Backend,Database",v1.0.0-MVP,3,Low,Specs defined,Code implemented & tested,Tests passing; No mocks,Functional requirement met,,Revert commit,"**File:** `packages/backend/src/modules/scripts/entities/agentscript.entity.ts`
**Class:** `AgentScript`
**Type:** TypeORM Entity
**Requirements:**
- Define columns with exact types (varchar, int, jsonb)
- Define relationships (OneToMany, ManyToOne)
- Add indexes for performance
- NO MOCKS: Use real DB connection",0,Developer,Act as a Senior Full-Stack Developer. Your goal is to implement 'Define Entity: AgentScript'. 1. Follow Hexagonal Architecture (Domain -> Ports -> Adapters). 2. Use NestJS/React best practices. 3. Ensure all code is strictly typed. 4. NO MOCKS: Use real DB/API connections unless it's a unit test. 5. Update Swagger/Storybook documentation.
Create DTOs: AgentScript,Task,Psitrix Psynq,Feature: Scripts Module,Normal,New,2026-06-14,2026-06-15,Developer,4h,"Backend,API",v1.0.0-MVP,3,Low,Specs defined,Code implemented & tested,Tests passing; No mocks,Functional requirement met,,Revert commit,"**File:** `packages/backend/src/modules/scripts/dto/create-agentscript.dto.ts`
**File:** `packages/backend/src/modules/scripts/dto/update-agentscript.dto.ts`
**Requirements:**
- Use class-validator decorators (@IsString, @IsInt)
- Use class-transformer
- Strict typing",0,Developer,Act as a Senior Full-Stack Developer. Your goal is to implement 'Create DTOs: AgentScript'. 1. Follow Hexagonal Architecture (Domain -> Ports -> Adapters). 2. Use NestJS/React best practices. 3. Ensure all code is strictly typed. 4. NO MOCKS: Use real DB/API connections unless it's a unit test. 5. Update Swagger/Storybook documentation.
Implement Service: AgentScriptService,Task,Psitrix Psynq,Feature: Scripts Module,High,New,2026-06-15,2026-06-18,Developer,4h,Backend,v1.0.0-MVP,3,Low,Specs defined,Code implemented & tested,Tests passing; No mocks,Functional requirement met,,Revert commit,"**File:** `packages/backend/src/modules/scripts/agentscript.service.ts`
**Class:** `AgentScriptService`
**Methods:**
- `create(dto)`
- `findAll(query)`
- `findOne(id)`
- `update(id, dto)`
- `remove(id)`
**Logic:** Business logic implementation. NO STUBS.",0,Developer,Act as a Senior Full-Stack Developer. Your goal is to implement 'Implement Service: AgentScriptService'. 1. Follow Hexagonal Architecture (Domain -> Ports -> Adapters). 2. Use NestJS/React best practices. 3. Ensure all code is strictly typed. 4. NO MOCKS: Use real DB/API connections unless it's a unit test. 5. Update Swagger/Storybook documentation.
Implement Controller: AgentScriptController,Task,Psitrix Psynq,Feature: Scripts Module,High,New,2026-06-16,2026-06-18,Developer,4h,"Backend,API",v1.0.0-MVP,3,Low,Specs defined,Code implemented & tested,Tests passing; No mocks,Functional requirement met,,Revert commit,"**File:** `packages/backend/src/modules/scripts/agentscript.controller.ts`
**Class:** `AgentScriptController`
**Endpoints:**
- `POST /api/v1/agentscripts`
- `GET /api/v1/agentscripts`
- `GET /api/v1/agentscripts/:id`
- `PATCH /api/v1/agentscripts/:id`
- `DELETE /api/v1/agentscripts/:id`
**Requirements:** Swagger docs (@ApiTags), Auth guards",0,Developer,Act as a Senior Full-Stack Developer. Your goal is to implement 'Implement Controller: AgentScriptController'. 1. Follow Hexagonal Architecture (Domain -> Ports -> Adapters). 2. Use NestJS/React best practices. 3. Ensure all code is strictly typed. 4. NO MOCKS: Use real DB/API connections unless it's a unit test. 5. Update Swagger/Storybook documentation.
Unit Tests: AgentScriptService,Task,Psitrix Psynq,Feature: Scripts Module,Normal,New,2026-06-17,2026-06-19,Developer,4h,"Backend,Testing",v1.0.0-MVP,3,Low,Specs defined,Code implemented & tested,Tests passing; No mocks,Functional requirement met,,Revert commit,"**File:** `packages/backend/src/modules/scripts/agentscript.service.spec.ts`
**Requirements:**
- 100% coverage for service methods
- Test success and error cases
- Mock repository only (unit test)",0,QA Engineer,"Act as a Senior QA Engineer. Your goal is to verify the implementation of 'Unit Tests: AgentScriptService'. 1. Review the code in the specified file paths. 2. Execute existing tests and write new ones for edge cases (nulls, timeouts, high load). 3. Ensure 100% coverage. 4. Report any regressions or performance bottlenecks."
Integration Tests: AgentScript,Task,Psitrix Psynq,Feature: Scripts Module,Normal,New,2026-06-18,2026-06-20,Developer,4h,"Backend,Testing",v1.0.0-MVP,3,Low,Specs defined,Code implemented & tested,Tests passing; No mocks,Functional requirement met,,Revert commit,"**File:** `test/agentscript.integration-spec.ts`
**Requirements:**
- Test database interactions
- Test service integration
- Test event emission",0,QA Engineer,"Act as a Senior QA Engineer. Your goal is to verify the implementation of 'Integration Tests: AgentScript'. 1. Review the code in the specified file paths. 2. Execute existing tests and write new ones for edge cases (nulls, timeouts, high load). 3. Ensure 100% coverage. 4. Report any regressions or performance bottlenecks."
Swagger Docs: AgentScript,Task,Psitrix Psynq,Feature: Scripts Module,Low,New,2026-06-15,2026-06-16,Developer,4h,"Backend,Docs",v1.0.0-MVP,3,Low,Specs defined,Code implemented & tested,Tests passing; No mocks,Functional requirement met,,Revert commit,"**File:** `packages/backend/src/modules/scripts/agentscript.controller.ts`
**Requirements:**
- Add @ApiOperation
- Add @ApiResponse
- Add @ApiProperty to DTOs",0,Developer,Act as a Senior Full-Stack Developer. Your goal is to implement 'Swagger Docs: AgentScript'. 1. Follow Hexagonal Architecture (Domain -> Ports -> Adapters). 2. Use NestJS/React best practices. 3. Ensure all code is strictly typed. 4. NO MOCKS: Use real DB/API connections unless it's a unit test. 5. Update Swagger/Storybook documentation.
DB Migration: AgentScript,Task,Psitrix Psynq,Feature: Scripts Module,High,New,2026-06-14,2026-06-15,Developer,4h,"Backend,Database",v1.0.0-MVP,3,Low,Specs defined,Code implemented & tested,Tests passing; No mocks,Functional requirement met,,Revert commit,"**File:** `packages/backend/src/migrations/CreateAgentScriptTable.ts`
**Requirements:**
- Up method (create table)
- Down method (drop table)
- Indexes and constraints",0,Developer,Act as a Senior Full-Stack Developer. Your goal is to implement 'DB Migration: AgentScript'. 1. Follow Hexagonal Architecture (Domain -> Ports -> Adapters). 2. Use NestJS/React best practices. 3. Ensure all code is strictly typed. 4. NO MOCKS: Use real DB/API connections unless it's a unit test. 5. Update Swagger/Storybook documentation.
Seed Data: AgentScript,Task,Psitrix Psynq,Feature: Scripts Module,Low,New,2026-06-16,2026-06-17,Developer,4h,"Backend,Database",v1.0.0-MVP,3,Low,Specs defined,Code implemented & tested,Tests passing; No mocks,Functional requirement met,,Revert commit,"**File:** `packages/backend/src/seeds/agentscript.seed.ts`
**Requirements:**
- Create default/test data
- Handle relationships",0,Developer,Act as a Senior Full-Stack Developer. Your goal is to implement 'Seed Data: AgentScript'. 1. Follow Hexagonal Architecture (Domain -> Ports -> Adapters). 2. Use NestJS/React best practices. 3. Ensure all code is strictly typed. 4. NO MOCKS: Use real DB/API connections unless it's a unit test. 5. Update Swagger/Storybook documentation.
Feature: Forecasts Module,Feature,Psitrix Psynq,Epic: Backend Modules Implementation,Normal,New,2026-06-14,2026-06-24,Developer,,,v1.0.0-MVP,,Low,Specs defined,Code implemented & tested,Tests passing; No mocks,Functional requirement met,,Revert commit,Forecasts Implementation,0,Product Owner / Architect,"Act as a Solution Architect. Define the technical specifications and sub-tasks for 'Feature: Forecasts Module'. Ensure alignment with the CCaaS platform goals (reliability, scalability, low latency)."
Define Entity: Forecast,Task,Psitrix Psynq,Feature: Forecasts Module,High,New,2026-06-14,2026-06-16,Developer,4h,"Backend,Database",v1.0.0-MVP,3,Low,Specs defined,Code implemented & tested,Tests passing; No mocks,Functional requirement met,,Revert commit,"**File:** `packages/backend/src/modules/wfm/entities/forecast.entity.ts`
**Class:** `Forecast`
**Type:** TypeORM Entity
**Requirements:**
- Define columns with exact types (varchar, int, jsonb)
- Define relationships (OneToMany, ManyToOne)
- Add indexes for performance
- NO MOCKS: Use real DB connection",0,Developer,Act as a Senior Full-Stack Developer. Your goal is to implement 'Define Entity: Forecast'. 1. Follow Hexagonal Architecture (Domain -> Ports -> Adapters). 2. Use NestJS/React best practices. 3. Ensure all code is strictly typed. 4. NO MOCKS: Use real DB/API connections unless it's a unit test. 5. Update Swagger/Storybook documentation.
Create DTOs: Forecast,Task,Psitrix Psynq,Feature: Forecasts Module,Normal,New,2026-06-14,2026-06-15,Developer,4h,"Backend,API",v1.0.0-MVP,3,Low,Specs defined,Code implemented & tested,Tests passing; No mocks,Functional requirement met,,Revert commit,"**File:** `packages/backend/src/modules/wfm/dto/create-forecast.dto.ts`
**File:** `packages/backend/src/modules/wfm/dto/update-forecast.dto.ts`
**Requirements:**
- Use class-validator decorators (@IsString, @IsInt)
- Use class-transformer
- Strict typing",0,Developer,Act as a Senior Full-Stack Developer. Your goal is to implement 'Create DTOs: Forecast'. 1. Follow Hexagonal Architecture (Domain -> Ports -> Adapters). 2. Use NestJS/React best practices. 3. Ensure all code is strictly typed. 4. NO MOCKS: Use real DB/API connections unless it's a unit test. 5. Update Swagger/Storybook documentation.
Implement Service: ForecastService,Task,Psitrix Psynq,Feature: Forecasts Module,High,New,2026-06-15,2026-06-18,Developer,4h,Backend,v1.0.0-MVP,3,Low,Specs defined,Code implemented & tested,Tests passing; No mocks,Functional requirement met,,Revert commit,"**File:** `packages/backend/src/modules/wfm/forecast.service.ts`
**Class:** `ForecastService`
**Methods:**
- `create(dto)`
- `findAll(query)`
- `findOne(id)`
- `update(id, dto)`
- `remove(id)`
**Logic:** Business logic implementation. NO STUBS.",0,Developer,Act as a Senior Full-Stack Developer. Your goal is to implement 'Implement Service: ForecastService'. 1. Follow Hexagonal Architecture (Domain -> Ports -> Adapters). 2. Use NestJS/React best practices. 3. Ensure all code is strictly typed. 4. NO MOCKS: Use real DB/API connections unless it's a unit test. 5. Update Swagger/Storybook documentation.
Implement Controller: ForecastController,Task,Psitrix Psynq,Feature: Forecasts Module,High,New,2026-06-16,2026-06-18,Developer,4h,"Backend,API",v1.0.0-MVP,3,Low,Specs defined,Code implemented & tested,Tests passing; No mocks,Functional requirement met,,Revert commit,"**File:** `packages/backend/src/modules/wfm/forecast.controller.ts`
**Class:** `ForecastController`
**Endpoints:**
- `POST /api/v1/forecasts`
- `GET /api/v1/forecasts`
- `GET /api/v1/forecasts/:id`
- `PATCH /api/v1/forecasts/:id`
- `DELETE /api/v1/forecasts/:id`
**Requirements:** Swagger docs (@ApiTags), Auth guards",0,Developer,Act as a Senior Full-Stack Developer. Your goal is to implement 'Implement Controller: ForecastController'. 1. Follow Hexagonal Architecture (Domain -> Ports -> Adapters). 2. Use NestJS/React best practices. 3. Ensure all code is strictly typed. 4. NO MOCKS: Use real DB/API connections unless it's a unit test. 5. Update Swagger/Storybook documentation.
Unit Tests: ForecastService,Task,Psitrix Psynq,Feature: Forecasts Module,Normal,New,2026-06-17,2026-06-19,Developer,4h,"Backend,Testing",v1.0.0-MVP,3,Low,Specs defined,Code implemented & tested,Tests passing; No mocks,Functional requirement met,,Revert commit,"**File:** `packages/backend/src/modules/wfm/forecast.service.spec.ts`
**Requirements:**
- 100% coverage for service methods
- Test success and error cases
- Mock repository only (unit test)",0,QA Engineer,"Act as a Senior QA Engineer. Your goal is to verify the implementation of 'Unit Tests: ForecastService'. 1. Review the code in the specified file paths. 2. Execute existing tests and write new ones for edge cases (nulls, timeouts, high load). 3. Ensure 100% coverage. 4. Report any regressions or performance bottlenecks."
Integration Tests: Forecast,Task,Psitrix Psynq,Feature: Forecasts Module,Normal,New,2026-06-18,2026-06-20,Developer,4h,"Backend,Testing",v1.0.0-MVP,3,Low,Specs defined,Code implemented & tested,Tests passing; No mocks,Functional requirement met,,Revert commit,"**File:** `test/forecast.integration-spec.ts`
**Requirements:**
- Test database interactions
- Test service integration
- Test event emission",0,QA Engineer,"Act as a Senior QA Engineer. Your goal is to verify the implementation of 'Integration Tests: Forecast'. 1. Review the code in the specified file paths. 2. Execute existing tests and write new ones for edge cases (nulls, timeouts, high load). 3. Ensure 100% coverage. 4. Report any regressions or performance bottlenecks."
Swagger Docs: Forecast,Task,Psitrix Psynq,Feature: Forecasts Module,Low,New,2026-06-15,2026-06-16,Developer,4h,"Backend,Docs",v1.0.0-MVP,3,Low,Specs defined,Code implemented & tested,Tests passing; No mocks,Functional requirement met,,Revert commit,"**File:** `packages/backend/src/modules/wfm/forecast.controller.ts`
**Requirements:**
- Add @ApiOperation
- Add @ApiResponse
- Add @ApiProperty to DTOs",0,Developer,Act as a Senior Full-Stack Developer. Your goal is to implement 'Swagger Docs: Forecast'. 1. Follow Hexagonal Architecture (Domain -> Ports -> Adapters). 2. Use NestJS/React best practices. 3. Ensure all code is strictly typed. 4. NO MOCKS: Use real DB/API connections unless it's a unit test. 5. Update Swagger/Storybook documentation.
DB Migration: Forecast,Task,Psitrix Psynq,Feature: Forecasts Module,High,New,2026-06-14,2026-06-15,Developer,4h,"Backend,Database",v1.0.0-MVP,3,Low,Specs defined,Code implemented & tested,Tests passing; No mocks,Functional requirement met,,Revert commit,"**File:** `packages/backend/src/migrations/CreateForecastTable.ts`
**Requirements:**
- Up method (create table)
- Down method (drop table)
- Indexes and constraints",0,Developer,Act as a Senior Full-Stack Developer. Your goal is to implement 'DB Migration: Forecast'. 1. Follow Hexagonal Architecture (Domain -> Ports -> Adapters). 2. Use NestJS/React best practices. 3. Ensure all code is strictly typed. 4. NO MOCKS: Use real DB/API connections unless it's a unit test. 5. Update Swagger/Storybook documentation.
Seed Data: Forecast,Task,Psitrix Psynq,Feature: Forecasts Module,Low,New,2026-06-16,2026-06-17,Developer,4h,"Backend,Database",v1.0.0-MVP,3,Low,Specs defined,Code implemented & tested,Tests passing; No mocks,Functional requirement met,,Revert commit,"**File:** `packages/backend/src/seeds/forecast.seed.ts`
**Requirements:**
- Create default/test data
- Handle relationships",0,Developer,Act as a Senior Full-Stack Developer. Your goal is to implement 'Seed Data: Forecast'. 1. Follow Hexagonal Architecture (Domain -> Ports -> Adapters). 2. Use NestJS/React best practices. 3. Ensure all code is strictly typed. 4. NO MOCKS: Use real DB/API connections unless it's a unit test. 5. Update Swagger/Storybook documentation.
Feature: Adherence Module,Feature,Psitrix Psynq,Epic: Backend Modules Implementation,Normal,New,2026-06-14,2026-06-24,Developer,,,v1.0.0-MVP,,Low,Specs defined,Code implemented & tested,Tests passing; No mocks,Functional requirement met,,Revert commit,Adherence Implementation,0,Product Owner / Architect,"Act as a Solution Architect. Define the technical specifications and sub-tasks for 'Feature: Adherence Module'. Ensure alignment with the CCaaS platform goals (reliability, scalability, low latency)."
Define Entity: AdherenceRecord,Task,Psitrix Psynq,Feature: Adherence Module,High,New,2026-06-14,2026-06-16,Developer,4h,"Backend,Database",v1.0.0-MVP,3,Low,Specs defined,Code implemented & tested,Tests passing; No mocks,Functional requirement met,,Revert commit,"**File:** `packages/backend/src/modules/wfm/entities/adherencerecord.entity.ts`
**Class:** `AdherenceRecord`
**Type:** TypeORM Entity
**Requirements:**
- Define columns with exact types (varchar, int, jsonb)
- Define relationships (OneToMany, ManyToOne)
- Add indexes for performance
- NO MOCKS: Use real DB connection",0,Developer,Act as a Senior Full-Stack Developer. Your goal is to implement 'Define Entity: AdherenceRecord'. 1. Follow Hexagonal Architecture (Domain -> Ports -> Adapters). 2. Use NestJS/React best practices. 3. Ensure all code is strictly typed. 4. NO MOCKS: Use real DB/API connections unless it's a unit test. 5. Update Swagger/Storybook documentation.
Create DTOs: AdherenceRecord,Task,Psitrix Psynq,Feature: Adherence Module,Normal,New,2026-06-14,2026-06-15,Developer,4h,"Backend,API",v1.0.0-MVP,3,Low,Specs defined,Code implemented & tested,Tests passing; No mocks,Functional requirement met,,Revert commit,"**File:** `packages/backend/src/modules/wfm/dto/create-adherencerecord.dto.ts`
**File:** `packages/backend/src/modules/wfm/dto/update-adherencerecord.dto.ts`
**Requirements:**
- Use class-validator decorators (@IsString, @IsInt)
- Use class-transformer
- Strict typing",0,Developer,Act as a Senior Full-Stack Developer. Your goal is to implement 'Create DTOs: AdherenceRecord'. 1. Follow Hexagonal Architecture (Domain -> Ports -> Adapters). 2. Use NestJS/React best practices. 3. Ensure all code is strictly typed. 4. NO MOCKS: Use real DB/API connections unless it's a unit test. 5. Update Swagger/Storybook documentation.
Implement Service: AdherenceRecordService,Task,Psitrix Psynq,Feature: Adherence Module,High,New,2026-06-15,2026-06-18,Developer,4h,Backend,v1.0.0-MVP,3,Low,Specs defined,Code implemented & tested,Tests passing; No mocks,Functional requirement met,,Revert commit,"**File:** `packages/backend/src/modules/wfm/adherencerecord.service.ts`
**Class:** `AdherenceRecordService`
**Methods:**
- `create(dto)`
- `findAll(query)`
- `findOne(id)`
- `update(id, dto)`
- `remove(id)`
**Logic:** Business logic implementation. NO STUBS.",0,Developer,Act as a Senior Full-Stack Developer. Your goal is to implement 'Implement Service: AdherenceRecordService'. 1. Follow Hexagonal Architecture (Domain -> Ports -> Adapters). 2. Use NestJS/React best practices. 3. Ensure all code is strictly typed. 4. NO MOCKS: Use real DB/API connections unless it's a unit test. 5. Update Swagger/Storybook documentation.
Implement Controller: AdherenceRecordController,Task,Psitrix Psynq,Feature: Adherence Module,High,New,2026-06-16,2026-06-18,Developer,4h,"Backend,API",v1.0.0-MVP,3,Low,Specs defined,Code implemented & tested,Tests passing; No mocks,Functional requirement met,,Revert commit,"**File:** `packages/backend/src/modules/wfm/adherencerecord.controller.ts`
**Class:** `AdherenceRecordController`
**Endpoints:**
- `POST /api/v1/adherencerecords`
- `GET /api/v1/adherencerecords`
- `GET /api/v1/adherencerecords/:id`
- `PATCH /api/v1/adherencerecords/:id`
- `DELETE /api/v1/adherencerecords/:id`
**Requirements:** Swagger docs (@ApiTags), Auth guards",0,Developer,Act as a Senior Full-Stack Developer. Your goal is to implement 'Implement Controller: AdherenceRecordController'. 1. Follow Hexagonal Architecture (Domain -> Ports -> Adapters). 2. Use NestJS/React best practices. 3. Ensure all code is strictly typed. 4. NO MOCKS: Use real DB/API connections unless it's a unit test. 5. Update Swagger/Storybook documentation.
Unit Tests: AdherenceRecordService,Task,Psitrix Psynq,Feature: Adherence Module,Normal,New,2026-06-17,2026-06-19,Developer,4h,"Backend,Testing",v1.0.0-MVP,3,Low,Specs defined,Code implemented & tested,Tests passing; No mocks,Functional requirement met,,Revert commit,"**File:** `packages/backend/src/modules/wfm/adherencerecord.service.spec.ts`
**Requirements:**
- 100% coverage for service methods
- Test success and error cases
- Mock repository only (unit test)",0,QA Engineer,"Act as a Senior QA Engineer. Your goal is to verify the implementation of 'Unit Tests: AdherenceRecordService'. 1. Review the code in the specified file paths. 2. Execute existing tests and write new ones for edge cases (nulls, timeouts, high load). 3. Ensure 100% coverage. 4. Report any regressions or performance bottlenecks."
Integration Tests: AdherenceRecord,Task,Psitrix Psynq,Feature: Adherence Module,Normal,New,2026-06-18,2026-06-20,Developer,4h,"Backend,Testing",v1.0.0-MVP,3,Low,Specs defined,Code implemented & tested,Tests passing; No mocks,Functional requirement met,,Revert commit,"**File:** `test/adherencerecord.integration-spec.ts`
**Requirements:**
- Test database interactions
- Test service integration
- Test event emission",0,QA Engineer,"Act as a Senior QA Engineer. Your goal is to verify the implementation of 'Integration Tests: AdherenceRecord'. 1. Review the code in the specified file paths. 2. Execute existing tests and write new ones for edge cases (nulls, timeouts, high load). 3. Ensure 100% coverage. 4. Report any regressions or performance bottlenecks."
Swagger Docs: AdherenceRecord,Task,Psitrix Psynq,Feature: Adherence Module,Low,New,2026-06-15,2026-06-16,Developer,4h,"Backend,Docs",v1.0.0-MVP,3,Low,Specs defined,Code implemented & tested,Tests passing; No mocks,Functional requirement met,,Revert commit,"**File:** `packages/backend/src/modules/wfm/adherencerecord.controller.ts`
**Requirements:**
- Add @ApiOperation
- Add @ApiResponse
- Add @ApiProperty to DTOs",0,Developer,Act as a Senior Full-Stack Developer. Your goal is to implement 'Swagger Docs: AdherenceRecord'. 1. Follow Hexagonal Architecture (Domain -> Ports -> Adapters). 2. Use NestJS/React best practices. 3. Ensure all code is strictly typed. 4. NO MOCKS: Use real DB/API connections unless it's a unit test. 5. Update Swagger/Storybook documentation.
DB Migration: AdherenceRecord,Task,Psitrix Psynq,Feature: Adherence Module,High,New,2026-06-14,2026-06-15,Developer,4h,"Backend,Database",v1.0.0-MVP,3,Low,Specs defined,Code implemented & tested,Tests passing; No mocks,Functional requirement met,,Revert commit,"**File:** `packages/backend/src/migrations/CreateAdherenceRecordTable.ts`
**Requirements:**
- Up method (create table)
- Down method (drop table)
- Indexes and constraints",0,Developer,Act as a Senior Full-Stack Developer. Your goal is to implement 'DB Migration: AdherenceRecord'. 1. Follow Hexagonal Architecture (Domain -> Ports -> Adapters). 2. Use NestJS/React best practices. 3. Ensure all code is strictly typed. 4. NO MOCKS: Use real DB/API connections unless it's a unit test. 5. Update Swagger/Storybook documentation.
Seed Data: AdherenceRecord,Task,Psitrix Psynq,Feature: Adherence Module,Low,New,2026-06-16,2026-06-17,Developer,4h,"Backend,Database",v1.0.0-MVP,3,Low,Specs defined,Code implemented & tested,Tests passing; No mocks,Functional requirement met,,Revert commit,"**File:** `packages/backend/src/seeds/adherencerecord.seed.ts`
**Requirements:**
- Create default/test data
- Handle relationships",0,Developer,Act as a Senior Full-Stack Developer. Your goal is to implement 'Seed Data: AdherenceRecord'. 1. Follow Hexagonal Architecture (Domain -> Ports -> Adapters). 2. Use NestJS/React best practices. 3. Ensure all code is strictly typed. 4. NO MOCKS: Use real DB/API connections unless it's a unit test. 5. Update Swagger/Storybook documentation.
Feature: Gamification Module,Feature,Psitrix Psynq,Epic: Backend Modules Implementation,Normal,New,2026-06-14,2026-06-24,Developer,,,v1.0.0-MVP,,Low,Specs defined,Code implemented & tested,Tests passing; No mocks,Functional requirement met,,Revert commit,Gamification Implementation,0,Product Owner / Architect,"Act as a Solution Architect. Define the technical specifications and sub-tasks for 'Feature: Gamification Module'. Ensure alignment with the CCaaS platform goals (reliability, scalability, low latency)."
Define Entity: Achievement,Task,Psitrix Psynq,Feature: Gamification Module,High,New,2026-06-14,2026-06-16,Developer,4h,"Backend,Database",v1.0.0-MVP,3,Low,Specs defined,Code implemented & tested,Tests passing; No mocks,Functional requirement met,,Revert commit,"**File:** `packages/backend/src/modules/gamification/entities/achievement.entity.ts`
**Class:** `Achievement`
**Type:** TypeORM Entity
**Requirements:**
- Define columns with exact types (varchar, int, jsonb)
- Define relationships (OneToMany, ManyToOne)
- Add indexes for performance
- NO MOCKS: Use real DB connection",0,Developer,Act as a Senior Full-Stack Developer. Your goal is to implement 'Define Entity: Achievement'. 1. Follow Hexagonal Architecture (Domain -> Ports -> Adapters). 2. Use NestJS/React best practices. 3. Ensure all code is strictly typed. 4. NO MOCKS: Use real DB/API connections unless it's a unit test. 5. Update Swagger/Storybook documentation.
Create DTOs: Achievement,Task,Psitrix Psynq,Feature: Gamification Module,Normal,New,2026-06-14,2026-06-15,Developer,4h,"Backend,API",v1.0.0-MVP,3,Low,Specs defined,Code implemented & tested,Tests passing; No mocks,Functional requirement met,,Revert commit,"**File:** `packages/backend/src/modules/gamification/dto/create-achievement.dto.ts`
**File:** `packages/backend/src/modules/gamification/dto/update-achievement.dto.ts`
**Requirements:**
- Use class-validator decorators (@IsString, @IsInt)
- Use class-transformer
- Strict typing",0,Developer,Act as a Senior Full-Stack Developer. Your goal is to implement 'Create DTOs: Achievement'. 1. Follow Hexagonal Architecture (Domain -> Ports -> Adapters). 2. Use NestJS/React best practices. 3. Ensure all code is strictly typed. 4. NO MOCKS: Use real DB/API connections unless it's a unit test. 5. Update Swagger/Storybook documentation.
Implement Service: AchievementService,Task,Psitrix Psynq,Feature: Gamification Module,High,New,2026-06-15,2026-06-18,Developer,4h,Backend,v1.0.0-MVP,3,Low,Specs defined,Code implemented & tested,Tests passing; No mocks,Functional requirement met,,Revert commit,"**File:** `packages/backend/src/modules/gamification/achievement.service.ts`
**Class:** `AchievementService`
**Methods:**
- `create(dto)`
- `findAll(query)`
- `findOne(id)`
- `update(id, dto)`
- `remove(id)`
**Logic:** Business logic implementation. NO STUBS.",0,Developer,Act as a Senior Full-Stack Developer. Your goal is to implement 'Implement Service: AchievementService'. 1. Follow Hexagonal Architecture (Domain -> Ports -> Adapters). 2. Use NestJS/React best practices. 3. Ensure all code is strictly typed. 4. NO MOCKS: Use real DB/API connections unless it's a unit test. 5. Update Swagger/Storybook documentation.
Implement Controller: AchievementController,Task,Psitrix Psynq,Feature: Gamification Module,High,New,2026-06-16,2026-06-18,Developer,4h,"Backend,API",v1.0.0-MVP,3,Low,Specs defined,Code implemented & tested,Tests passing; No mocks,Functional requirement met,,Revert commit,"**File:** `packages/backend/src/modules/gamification/achievement.controller.ts`
**Class:** `AchievementController`
**Endpoints:**
- `POST /api/v1/achievements`
- `GET /api/v1/achievements`
- `GET /api/v1/achievements/:id`
- `PATCH /api/v1/achievements/:id`
- `DELETE /api/v1/achievements/:id`
**Requirements:** Swagger docs (@ApiTags), Auth guards",0,Developer,Act as a Senior Full-Stack Developer. Your goal is to implement 'Implement Controller: AchievementController'. 1. Follow Hexagonal Architecture (Domain -> Ports -> Adapters). 2. Use NestJS/React best practices. 3. Ensure all code is strictly typed. 4. NO MOCKS: Use real DB/API connections unless it's a unit test. 5. Update Swagger/Storybook documentation.
Unit Tests: AchievementService,Task,Psitrix Psynq,Feature: Gamification Module,Normal,New,2026-06-17,2026-06-19,Developer,4h,"Backend,Testing",v1.0.0-MVP,3,Low,Specs defined,Code implemented & tested,Tests passing; No mocks,Functional requirement met,,Revert commit,"**File:** `packages/backend/src/modules/gamification/achievement.service.spec.ts`
**Requirements:**
- 100% coverage for service methods
- Test success and error cases
- Mock repository only (unit test)",0,QA Engineer,"Act as a Senior QA Engineer. Your goal is to verify the implementation of 'Unit Tests: AchievementService'. 1. Review the code in the specified file paths. 2. Execute existing tests and write new ones for edge cases (nulls, timeouts, high load). 3. Ensure 100% coverage. 4. Report any regressions or performance bottlenecks."
Integration Tests: Achievement,Task,Psitrix Psynq,Feature: Gamification Module,Normal,New,2026-06-18,2026-06-20,Developer,4h,"Backend,Testing",v1.0.0-MVP,3,Low,Specs defined,Code implemented & tested,Tests passing; No mocks,Functional requirement met,,Revert commit,"**File:** `test/achievement.integration-spec.ts`
**Requirements:**
- Test database interactions
- Test service integration
- Test event emission",0,QA Engineer,"Act as a Senior QA Engineer. Your goal is to verify the implementation of 'Integration Tests: Achievement'. 1. Review the code in the specified file paths. 2. Execute existing tests and write new ones for edge cases (nulls, timeouts, high load). 3. Ensure 100% coverage. 4. Report any regressions or performance bottlenecks."
Swagger Docs: Achievement,Task,Psitrix Psynq,Feature: Gamification Module,Low,New,2026-06-15,2026-06-16,Developer,4h,"Backend,Docs",v1.0.0-MVP,3,Low,Specs defined,Code implemented & tested,Tests passing; No mocks,Functional requirement met,,Revert commit,"**File:** `packages/backend/src/modules/gamification/achievement.controller.ts`
**Requirements:**
- Add @ApiOperation
- Add @ApiResponse
- Add @ApiProperty to DTOs",0,Developer,Act as a Senior Full-Stack Developer. Your goal is to implement 'Swagger Docs: Achievement'. 1. Follow Hexagonal Architecture (Domain -> Ports -> Adapters). 2. Use NestJS/React best practices. 3. Ensure all code is strictly typed. 4. NO MOCKS: Use real DB/API connections unless it's a unit test. 5. Update Swagger/Storybook documentation.
DB Migration: Achievement,Task,Psitrix Psynq,Feature: Gamification Module,High,New,2026-06-14,2026-06-15,Developer,4h,"Backend,Database",v1.0.0-MVP,3,Low,Specs defined,Code implemented & tested,Tests passing; No mocks,Functional requirement met,,Revert commit,"**File:** `packages/backend/src/migrations/CreateAchievementTable.ts`
**Requirements:**
- Up method (create table)
- Down method (drop table)
- Indexes and constraints",0,Developer,Act as a Senior Full-Stack Developer. Your goal is to implement 'DB Migration: Achievement'. 1. Follow Hexagonal Architecture (Domain -> Ports -> Adapters). 2. Use NestJS/React best practices. 3. Ensure all code is strictly typed. 4. NO MOCKS: Use real DB/API connections unless it's a unit test. 5. Update Swagger/Storybook documentation.
Seed Data: Achievement,Task,Psitrix Psynq,Feature: Gamification Module,Low,New,2026-06-16,2026-06-17,Developer,4h,"Backend,Database",v1.0.0-MVP,3,Low,Specs defined,Code implemented & tested,Tests passing; No mocks,Functional requirement met,,Revert commit,"**File:** `packages/backend/src/seeds/achievement.seed.ts`
**Requirements:**
- Create default/test data
- Handle relationships",0,Developer,Act as a Senior Full-Stack Developer. Your goal is to implement 'Seed Data: Achievement'. 1. Follow Hexagonal Architecture (Domain -> Ports -> Adapters). 2. Use NestJS/React best practices. 3. Ensure all code is strictly typed. 4. NO MOCKS: Use real DB/API connections unless it's a unit test. 5. Update Swagger/Storybook documentation.
Feature: Leads Module,Feature,Psitrix Psynq,Epic: Backend Modules Implementation,Normal,New,2026-06-14,2026-06-24,Developer,,,v1.0.0-MVP,,Low,Specs defined,Code implemented & tested,Tests passing; No mocks,Functional requirement met,,Revert commit,Leads Implementation,0,Product Owner / Architect,"Act as a Solution Architect. Define the technical specifications and sub-tasks for 'Feature: Leads Module'. Ensure alignment with the CCaaS platform goals (reliability, scalability, low latency)."
Define Entity: Lead,Task,Psitrix Psynq,Feature: Leads Module,High,New,2026-06-14,2026-06-16,Developer,4h,"Backend,Database",v1.0.0-MVP,3,Low,Specs defined,Code implemented & tested,Tests passing; No mocks,Functional requirement met,,Revert commit,"**File:** `packages/backend/src/modules/leads/entities/lead.entity.ts`
**Class:** `Lead`
**Type:** TypeORM Entity
**Requirements:**
- Define columns with exact types (varchar, int, jsonb)
- Define relationships (OneToMany, ManyToOne)
- Add indexes for performance
- NO MOCKS: Use real DB connection",0,Developer,Act as a Senior Full-Stack Developer. Your goal is to implement 'Define Entity: Lead'. 1. Follow Hexagonal Architecture (Domain -> Ports -> Adapters). 2. Use NestJS/React best practices. 3. Ensure all code is strictly typed. 4. NO MOCKS: Use real DB/API connections unless it's a unit test. 5. Update Swagger/Storybook documentation.
Create DTOs: Lead,Task,Psitrix Psynq,Feature: Leads Module,Normal,New,2026-06-14,2026-06-15,Developer,4h,"Backend,API",v1.0.0-MVP,3,Low,Specs defined,Code implemented & tested,Tests passing; No mocks,Functional requirement met,,Revert commit,"**File:** `packages/backend/src/modules/leads/dto/create-lead.dto.ts`
**File:** `packages/backend/src/modules/leads/dto/update-lead.dto.ts`
**Requirements:**
- Use class-validator decorators (@IsString, @IsInt)
- Use class-transformer
- Strict typing",0,Developer,Act as a Senior Full-Stack Developer. Your goal is to implement 'Create DTOs: Lead'. 1. Follow Hexagonal Architecture (Domain -> Ports -> Adapters). 2. Use NestJS/React best practices. 3. Ensure all code is strictly typed. 4. NO MOCKS: Use real DB/API connections unless it's a unit test. 5. Update Swagger/Storybook documentation.
Implement Service: LeadService,Task,Psitrix Psynq,Feature: Leads Module,High,New,2026-06-15,2026-06-18,Developer,4h,Backend,v1.0.0-MVP,3,Low,Specs defined,Code implemented & tested,Tests passing; No mocks,Functional requirement met,,Revert commit,"**File:** `packages/backend/src/modules/leads/lead.service.ts`
**Class:** `LeadService`
**Methods:**
- `create(dto)`
- `findAll(query)`
- `findOne(id)`
- `update(id, dto)`
- `remove(id)`
**Logic:** Business logic implementation. NO STUBS.",0,Developer,Act as a Senior Full-Stack Developer. Your goal is to implement 'Implement Service: LeadService'. 1. Follow Hexagonal Architecture (Domain -> Ports -> Adapters). 2. Use NestJS/React best practices. 3. Ensure all code is strictly typed. 4. NO MOCKS: Use real DB/API connections unless it's a unit test. 5. Update Swagger/Storybook documentation.
Implement Controller: LeadController,Task,Psitrix Psynq,Feature: Leads Module,High,New,2026-06-16,2026-06-18,Developer,4h,"Backend,API",v1.0.0-MVP,3,Low,Specs defined,Code implemented & tested,Tests passing; No mocks,Functional requirement met,,Revert commit,"**File:** `packages/backend/src/modules/leads/lead.controller.ts`
**Class:** `LeadController`
**Endpoints:**
- `POST /api/v1/leads`
- `GET /api/v1/leads`
- `GET /api/v1/leads/:id`
- `PATCH /api/v1/leads/:id`
- `DELETE /api/v1/leads/:id`
**Requirements:** Swagger docs (@ApiTags), Auth guards",0,Developer,Act as a Senior Full-Stack Developer. Your goal is to implement 'Implement Controller: LeadController'. 1. Follow Hexagonal Architecture (Domain -> Ports -> Adapters). 2. Use NestJS/React best practices. 3. Ensure all code is strictly typed. 4. NO MOCKS: Use real DB/API connections unless it's a unit test. 5. Update Swagger/Storybook documentation.
Unit Tests: LeadService,Task,Psitrix Psynq,Feature: Leads Module,Normal,New,2026-06-17,2026-06-19,Developer,4h,"Backend,Testing",v1.0.0-MVP,3,Low,Specs defined,Code implemented & tested,Tests passing; No mocks,Functional requirement met,,Revert commit,"**File:** `packages/backend/src/modules/leads/lead.service.spec.ts`
**Requirements:**
- 100% coverage for service methods
- Test success and error cases
- Mock repository only (unit test)",0,QA Engineer,"Act as a Senior QA Engineer. Your goal is to verify the implementation of 'Unit Tests: LeadService'. 1. Review the code in the specified file paths. 2. Execute existing tests and write new ones for edge cases (nulls, timeouts, high load). 3. Ensure 100% coverage. 4. Report any regressions or performance bottlenecks."
Integration Tests: Lead,Task,Psitrix Psynq,Feature: Leads Module,Normal,New,2026-06-18,2026-06-20,Developer,4h,"Backend,Testing",v1.0.0-MVP,3,Low,Specs defined,Code implemented & tested,Tests passing; No mocks,Functional requirement met,,Revert commit,"**File:** `test/lead.integration-spec.ts`
**Requirements:**
- Test database interactions
- Test service integration
- Test event emission",0,QA Engineer,"Act as a Senior QA Engineer. Your goal is to verify the implementation of 'Integration Tests: Lead'. 1. Review the code in the specified file paths. 2. Execute existing tests and write new ones for edge cases (nulls, timeouts, high load). 3. Ensure 100% coverage. 4. Report any regressions or performance bottlenecks."
Swagger Docs: Lead,Task,Psitrix Psynq,Feature: Leads Module,Low,New,2026-06-15,2026-06-16,Developer,4h,"Backend,Docs",v1.0.0-MVP,3,Low,Specs defined,Code implemented & tested,Tests passing; No mocks,Functional requirement met,,Revert commit,"**File:** `packages/backend/src/modules/leads/lead.controller.ts`
**Requirements:**
- Add @ApiOperation
- Add @ApiResponse
- Add @ApiProperty to DTOs",0,Developer,Act as a Senior Full-Stack Developer. Your goal is to implement 'Swagger Docs: Lead'. 1. Follow Hexagonal Architecture (Domain -> Ports -> Adapters). 2. Use NestJS/React best practices. 3. Ensure all code is strictly typed. 4. NO MOCKS: Use real DB/API connections unless it's a unit test. 5. Update Swagger/Storybook documentation.
DB Migration: Lead,Task,Psitrix Psynq,Feature: Leads Module,High,New,2026-06-14,2026-06-15,Developer,4h,"Backend,Database",v1.0.0-MVP,3,Low,Specs defined,Code implemented & tested,Tests passing; No mocks,Functional requirement met,,Revert commit,"**File:** `packages/backend/src/migrations/CreateLeadTable.ts`
**Requirements:**
- Up method (create table)
- Down method (drop table)
- Indexes and constraints",0,Developer,Act as a Senior Full-Stack Developer. Your goal is to implement 'DB Migration: Lead'. 1. Follow Hexagonal Architecture (Domain -> Ports -> Adapters). 2. Use NestJS/React best practices. 3. Ensure all code is strictly typed. 4. NO MOCKS: Use real DB/API connections unless it's a unit test. 5. Update Swagger/Storybook documentation.
Seed Data: Lead,Task,Psitrix Psynq,Feature: Leads Module,Low,New,2026-06-16,2026-06-17,Developer,4h,"Backend,Database",v1.0.0-MVP,3,Low,Specs defined,Code implemented & tested,Tests passing; No mocks,Functional requirement met,,Revert commit,"**File:** `packages/backend/src/seeds/lead.seed.ts`
**Requirements:**
- Create default/test data
- Handle relationships",0,Developer,Act as a Senior Full-Stack Developer. Your goal is to implement 'Seed Data: Lead'. 1. Follow Hexagonal Architecture (Domain -> Ports -> Adapters). 2. Use NestJS/React best practices. 3. Ensure all code is strictly typed. 4. NO MOCKS: Use real DB/API connections unless it's a unit test. 5. Update Swagger/Storybook documentation.
Feature: Dnc Module,Feature,Psitrix Psynq,Epic: Backend Modules Implementation,Normal,New,2026-06-14,2026-06-24,Developer,,,v1.0.0-MVP,,Low,Specs defined,Code implemented & tested,Tests passing; No mocks,Functional requirement met,,Revert commit,Dnc Implementation,0,Product Owner / Architect,"Act as a Solution Architect. Define the technical specifications and sub-tasks for 'Feature: Dnc Module'. Ensure alignment with the CCaaS platform goals (reliability, scalability, low latency)."
Define Entity: DncNumber,Task,Psitrix Psynq,Feature: Dnc Module,High,New,2026-06-14,2026-06-16,Developer,4h,"Backend,Database",v1.0.0-MVP,3,Low,Specs defined,Code implemented & tested,Tests passing; No mocks,Functional requirement met,,Revert commit,"**File:** `packages/backend/src/modules/compliance/entities/dncnumber.entity.ts`
**Class:** `DncNumber`
**Type:** TypeORM Entity
**Requirements:**
- Define columns with exact types (varchar, int, jsonb)
- Define relationships (OneToMany, ManyToOne)
- Add indexes for performance
- NO MOCKS: Use real DB connection",0,Developer,Act as a Senior Full-Stack Developer. Your goal is to implement 'Define Entity: DncNumber'. 1. Follow Hexagonal Architecture (Domain -> Ports -> Adapters). 2. Use NestJS/React best practices. 3. Ensure all code is strictly typed. 4. NO MOCKS: Use real DB/API connections unless it's a unit test. 5. Update Swagger/Storybook documentation.
Create DTOs: DncNumber,Task,Psitrix Psynq,Feature: Dnc Module,Normal,New,2026-06-14,2026-06-15,Developer,4h,"Backend,API",v1.0.0-MVP,3,Low,Specs defined,Code implemented & tested,Tests passing; No mocks,Functional requirement met,,Revert commit,"**File:** `packages/backend/src/modules/compliance/dto/create-dncnumber.dto.ts`
**File:** `packages/backend/src/modules/compliance/dto/update-dncnumber.dto.ts`
**Requirements:**
- Use class-validator decorators (@IsString, @IsInt)
- Use class-transformer
- Strict typing",0,Developer,Act as a Senior Full-Stack Developer. Your goal is to implement 'Create DTOs: DncNumber'. 1. Follow Hexagonal Architecture (Domain -> Ports -> Adapters). 2. Use NestJS/React best practices. 3. Ensure all code is strictly typed. 4. NO MOCKS: Use real DB/API connections unless it's a unit test. 5. Update Swagger/Storybook documentation.
Implement Service: DncNumberService,Task,Psitrix Psynq,Feature: Dnc Module,High,New,2026-06-15,2026-06-18,Developer,4h,Backend,v1.0.0-MVP,3,Low,Specs defined,Code implemented & tested,Tests passing; No mocks,Functional requirement met,,Revert commit,"**File:** `packages/backend/src/modules/compliance/dncnumber.service.ts`
**Class:** `DncNumberService`
**Methods:**
- `create(dto)`
- `findAll(query)`
- `findOne(id)`
- `update(id, dto)`
- `remove(id)`
**Logic:** Business logic implementation. NO STUBS.",0,Developer,Act as a Senior Full-Stack Developer. Your goal is to implement 'Implement Service: DncNumberService'. 1. Follow Hexagonal Architecture (Domain -> Ports -> Adapters). 2. Use NestJS/React best practices. 3. Ensure all code is strictly typed. 4. NO MOCKS: Use real DB/API connections unless it's a unit test. 5. Update Swagger/Storybook documentation.
Implement Controller: DncNumberController,Task,Psitrix Psynq,Feature: Dnc Module,High,New,2026-06-16,2026-06-18,Developer,4h,"Backend,API",v1.0.0-MVP,3,Low,Specs defined,Code implemented & tested,Tests passing; No mocks,Functional requirement met,,Revert commit,"**File:** `packages/backend/src/modules/compliance/dncnumber.controller.ts`
**Class:** `DncNumberController`
**Endpoints:**
- `POST /api/v1/dncnumbers`
- `GET /api/v1/dncnumbers`
- `GET /api/v1/dncnumbers/:id`
- `PATCH /api/v1/dncnumbers/:id`
- `DELETE /api/v1/dncnumbers/:id`
**Requirements:** Swagger docs (@ApiTags), Auth guards",0,Developer,Act as a Senior Full-Stack Developer. Your goal is to implement 'Implement Controller: DncNumberController'. 1. Follow Hexagonal Architecture (Domain -> Ports -> Adapters). 2. Use NestJS/React best practices. 3. Ensure all code is strictly typed. 4. NO MOCKS: Use real DB/API connections unless it's a unit test. 5. Update Swagger/Storybook documentation.
Unit Tests: DncNumberService,Task,Psitrix Psynq,Feature: Dnc Module,Normal,New,2026-06-17,2026-06-19,Developer,4h,"Backend,Testing",v1.0.0-MVP,3,Low,Specs defined,Code implemented & tested,Tests passing; No mocks,Functional requirement met,,Revert commit,"**File:** `packages/backend/src/modules/compliance/dncnumber.service.spec.ts`
**Requirements:**
- 100% coverage for service methods
- Test success and error cases
- Mock repository only (unit test)",0,QA Engineer,"Act as a Senior QA Engineer. Your goal is to verify the implementation of 'Unit Tests: DncNumberService'. 1. Review the code in the specified file paths. 2. Execute existing tests and write new ones for edge cases (nulls, timeouts, high load). 3. Ensure 100% coverage. 4. Report any regressions or performance bottlenecks."
Integration Tests: DncNumber,Task,Psitrix Psynq,Feature: Dnc Module,Normal,New,2026-06-18,2026-06-20,Developer,4h,"Backend,Testing",v1.0.0-MVP,3,Low,Specs defined,Code implemented & tested,Tests passing; No mocks,Functional requirement met,,Revert commit,"**File:** `test/dncnumber.integration-spec.ts`
**Requirements:**
- Test database interactions
- Test service integration
- Test event emission",0,QA Engineer,"Act as a Senior QA Engineer. Your goal is to verify the implementation of 'Integration Tests: DncNumber'. 1. Review the code in the specified file paths. 2. Execute existing tests and write new ones for edge cases (nulls, timeouts, high load). 3. Ensure 100% coverage. 4. Report any regressions or performance bottlenecks."
Swagger Docs: DncNumber,Task,Psitrix Psynq,Feature: Dnc Module,Low,New,2026-06-15,2026-06-16,Developer,4h,"Backend,Docs",v1.0.0-MVP,3,Low,Specs defined,Code implemented & tested,Tests passing; No mocks,Functional requirement met,,Revert commit,"**File:** `packages/backend/src/modules/compliance/dncnumber.controller.ts`
**Requirements:**
- Add @ApiOperation
- Add @ApiResponse
- Add @ApiProperty to DTOs",0,Developer,Act as a Senior Full-Stack Developer. Your goal is to implement 'Swagger Docs: DncNumber'. 1. Follow Hexagonal Architecture (Domain -> Ports -> Adapters). 2. Use NestJS/React best practices. 3. Ensure all code is strictly typed. 4. NO MOCKS: Use real DB/API connections unless it's a unit test. 5. Update Swagger/Storybook documentation.
DB Migration: DncNumber,Task,Psitrix Psynq,Feature: Dnc Module,High,New,2026-06-14,2026-06-15,Developer,4h,"Backend,Database",v1.0.0-MVP,3,Low,Specs defined,Code implemented & tested,Tests passing; No mocks,Functional requirement met,,Revert commit,"**File:** `packages/backend/src/migrations/CreateDncNumberTable.ts`
**Requirements:**
- Up method (create table)
- Down method (drop table)
- Indexes and constraints",0,Developer,Act as a Senior Full-Stack Developer. Your goal is to implement 'DB Migration: DncNumber'. 1. Follow Hexagonal Architecture (Domain -> Ports -> Adapters). 2. Use NestJS/React best practices. 3. Ensure all code is strictly typed. 4. NO MOCKS: Use real DB/API connections unless it's a unit test. 5. Update Swagger/Storybook documentation.
Seed Data: DncNumber,Task,Psitrix Psynq,Feature: Dnc Module,Low,New,2026-06-16,2026-06-17,Developer,4h,"Backend,Database",v1.0.0-MVP,3,Low,Specs defined,Code implemented & tested,Tests passing; No mocks,Functional requirement met,,Revert commit,"**File:** `packages/backend/src/seeds/dncnumber.seed.ts`
**Requirements:**
- Create default/test data
- Handle relationships",0,Developer,Act as a Senior Full-Stack Developer. Your goal is to implement 'Seed Data: DncNumber'. 1. Follow Hexagonal Architecture (Domain -> Ports -> Adapters). 2. Use NestJS/React best practices. 3. Ensure all code is strictly typed. 4. NO MOCKS: Use real DB/API connections unless it's a unit test. 5. Update Swagger/Storybook documentation.
Feature: Billing Module,Feature,Psitrix Psynq,Epic: Backend Modules Implementation,Normal,New,2026-06-14,2026-06-24,Developer,,,v1.0.0-MVP,,Low,Specs defined,Code implemented & tested,Tests passing; No mocks,Functional requirement met,,Revert commit,Billing Implementation,0,Product Owner / Architect,"Act as a Solution Architect. Define the technical specifications and sub-tasks for 'Feature: Billing Module'. Ensure alignment with the CCaaS platform goals (reliability, scalability, low latency)."
Define Entity: BillingRecord,Task,Psitrix Psynq,Feature: Billing Module,High,New,2026-06-14,2026-06-16,Developer,4h,"Backend,Database",v1.0.0-MVP,3,Low,Specs defined,Code implemented & tested,Tests passing; No mocks,Functional requirement met,,Revert commit,"**File:** `packages/backend/src/modules/billing/entities/billingrecord.entity.ts`
**Class:** `BillingRecord`
**Type:** TypeORM Entity
**Requirements:**
- Define columns with exact types (varchar, int, jsonb)
- Define relationships (OneToMany, ManyToOne)
- Add indexes for performance
- NO MOCKS: Use real DB connection",0,Developer,Act as a Senior Full-Stack Developer. Your goal is to implement 'Define Entity: BillingRecord'. 1. Follow Hexagonal Architecture (Domain -> Ports -> Adapters). 2. Use NestJS/React best practices. 3. Ensure all code is strictly typed. 4. NO MOCKS: Use real DB/API connections unless it's a unit test. 5. Update Swagger/Storybook documentation.
Create DTOs: BillingRecord,Task,Psitrix Psynq,Feature: Billing Module,Normal,New,2026-06-14,2026-06-15,Developer,4h,"Backend,API",v1.0.0-MVP,3,Low,Specs defined,Code implemented & tested,Tests passing; No mocks,Functional requirement met,,Revert commit,"**File:** `packages/backend/src/modules/billing/dto/create-billingrecord.dto.ts`
**File:** `packages/backend/src/modules/billing/dto/update-billingrecord.dto.ts`
**Requirements:**
- Use class-validator decorators (@IsString, @IsInt)
- Use class-transformer
- Strict typing",0,Developer,Act as a Senior Full-Stack Developer. Your goal is to implement 'Create DTOs: BillingRecord'. 1. Follow Hexagonal Architecture (Domain -> Ports -> Adapters). 2. Use NestJS/React best practices. 3. Ensure all code is strictly typed. 4. NO MOCKS: Use real DB/API connections unless it's a unit test. 5. Update Swagger/Storybook documentation.
Implement Service: BillingRecordService,Task,Psitrix Psynq,Feature: Billing Module,High,New,2026-06-15,2026-06-18,Developer,4h,Backend,v1.0.0-MVP,3,Low,Specs defined,Code implemented & tested,Tests passing; No mocks,Functional requirement met,,Revert commit,"**File:** `packages/backend/src/modules/billing/billingrecord.service.ts`
**Class:** `BillingRecordService`
**Methods:**
- `create(dto)`
- `findAll(query)`
- `findOne(id)`
- `update(id, dto)`
- `remove(id)`
**Logic:** Business logic implementation. NO STUBS.",0,Developer,Act as a Senior Full-Stack Developer. Your goal is to implement 'Implement Service: BillingRecordService'. 1. Follow Hexagonal Architecture (Domain -> Ports -> Adapters). 2. Use NestJS/React best practices. 3. Ensure all code is strictly typed. 4. NO MOCKS: Use real DB/API connections unless it's a unit test. 5. Update Swagger/Storybook documentation.
Implement Controller: BillingRecordController,Task,Psitrix Psynq,Feature: Billing Module,High,New,2026-06-16,2026-06-18,Developer,4h,"Backend,API",v1.0.0-MVP,3,Low,Specs defined,Code implemented & tested,Tests passing; No mocks,Functional requirement met,,Revert commit,"**File:** `packages/backend/src/modules/billing/billingrecord.controller.ts`
**Class:** `BillingRecordController`
**Endpoints:**
- `POST /api/v1/billingrecords`
- `GET /api/v1/billingrecords`
- `GET /api/v1/billingrecords/:id`
- `PATCH /api/v1/billingrecords/:id`
- `DELETE /api/v1/billingrecords/:id`
**Requirements:** Swagger docs (@ApiTags), Auth guards",0,Developer,Act as a Senior Full-Stack Developer. Your goal is to implement 'Implement Controller: BillingRecordController'. 1. Follow Hexagonal Architecture (Domain -> Ports -> Adapters). 2. Use NestJS/React best practices. 3. Ensure all code is strictly typed. 4. NO MOCKS: Use real DB/API connections unless it's a unit test. 5. Update Swagger/Storybook documentation.
Unit Tests: BillingRecordService,Task,Psitrix Psynq,Feature: Billing Module,Normal,New,2026-06-17,2026-06-19,Developer,4h,"Backend,Testing",v1.0.0-MVP,3,Low,Specs defined,Code implemented & tested,Tests passing; No mocks,Functional requirement met,,Revert commit,"**File:** `packages/backend/src/modules/billing/billingrecord.service.spec.ts`
**Requirements:**
- 100% coverage for service methods
- Test success and error cases
- Mock repository only (unit test)",0,QA Engineer,"Act as a Senior QA Engineer. Your goal is to verify the implementation of 'Unit Tests: BillingRecordService'. 1. Review the code in the specified file paths. 2. Execute existing tests and write new ones for edge cases (nulls, timeouts, high load). 3. Ensure 100% coverage. 4. Report any regressions or performance bottlenecks."
Integration Tests: BillingRecord,Task,Psitrix Psynq,Feature: Billing Module,Normal,New,2026-06-18,2026-06-20,Developer,4h,"Backend,Testing",v1.0.0-MVP,3,Low,Specs defined,Code implemented & tested,Tests passing; No mocks,Functional requirement met,,Revert commit,"**File:** `test/billingrecord.integration-spec.ts`
**Requirements:**
- Test database interactions
- Test service integration
- Test event emission",0,QA Engineer,"Act as a Senior QA Engineer. Your goal is to verify the implementation of 'Integration Tests: BillingRecord'. 1. Review the code in the specified file paths. 2. Execute existing tests and write new ones for edge cases (nulls, timeouts, high load). 3. Ensure 100% coverage. 4. Report any regressions or performance bottlenecks."
Swagger Docs: BillingRecord,Task,Psitrix Psynq,Feature: Billing Module,Low,New,2026-06-15,2026-06-16,Developer,4h,"Backend,Docs",v1.0.0-MVP,3,Low,Specs defined,Code implemented & tested,Tests passing; No mocks,Functional requirement met,,Revert commit,"**File:** `packages/backend/src/modules/billing/billingrecord.controller.ts`
**Requirements:**
- Add @ApiOperation
- Add @ApiResponse
- Add @ApiProperty to DTOs",0,Developer,Act as a Senior Full-Stack Developer. Your goal is to implement 'Swagger Docs: BillingRecord'. 1. Follow Hexagonal Architecture (Domain -> Ports -> Adapters). 2. Use NestJS/React best practices. 3. Ensure all code is strictly typed. 4. NO MOCKS: Use real DB/API connections unless it's a unit test. 5. Update Swagger/Storybook documentation.
DB Migration: BillingRecord,Task,Psitrix Psynq,Feature: Billing Module,High,New,2026-06-14,2026-06-15,Developer,4h,"Backend,Database",v1.0.0-MVP,3,Low,Specs defined,Code implemented & tested,Tests passing; No mocks,Functional requirement met,,Revert commit,"**File:** `packages/backend/src/migrations/CreateBillingRecordTable.ts`
**Requirements:**
- Up method (create table)
- Down method (drop table)
- Indexes and constraints",0,Developer,Act as a Senior Full-Stack Developer. Your goal is to implement 'DB Migration: BillingRecord'. 1. Follow Hexagonal Architecture (Domain -> Ports -> Adapters). 2. Use NestJS/React best practices. 3. Ensure all code is strictly typed. 4. NO MOCKS: Use real DB/API connections unless it's a unit test. 5. Update Swagger/Storybook documentation.
Seed Data: BillingRecord,Task,Psitrix Psynq,Feature: Billing Module,Low,New,2026-06-16,2026-06-17,Developer,4h,"Backend,Database",v1.0.0-MVP,3,Low,Specs defined,Code implemented & tested,Tests passing; No mocks,Functional requirement met,,Revert commit,"**File:** `packages/backend/src/seeds/billingrecord.seed.ts`
**Requirements:**
- Create default/test data
- Handle relationships",0,Developer,Act as a Senior Full-Stack Developer. Your goal is to implement 'Seed Data: BillingRecord'. 1. Follow Hexagonal Architecture (Domain -> Ports -> Adapters). 2. Use NestJS/React best practices. 3. Ensure all code is strictly typed. 4. NO MOCKS: Use real DB/API connections unless it's a unit test. 5. Update Swagger/Storybook documentation.
Feature: Invoices Module,Feature,Psitrix Psynq,Epic: Backend Modules Implementation,Normal,New,2026-06-14,2026-06-24,Developer,,,v1.0.0-MVP,,Low,Specs defined,Code implemented & tested,Tests passing; No mocks,Functional requirement met,,Revert commit,Invoices Implementation,0,Product Owner / Architect,"Act as a Solution Architect. Define the technical specifications and sub-tasks for 'Feature: Invoices Module'. Ensure alignment with the CCaaS platform goals (reliability, scalability, low latency)."
Define Entity: Invoice,Task,Psitrix Psynq,Feature: Invoices Module,High,New,2026-06-14,2026-06-16,Developer,4h,"Backend,Database",v1.0.0-MVP,3,Low,Specs defined,Code implemented & tested,Tests passing; No mocks,Functional requirement met,,Revert commit,"**File:** `packages/backend/src/modules/billing/entities/invoice.entity.ts`
**Class:** `Invoice`
**Type:** TypeORM Entity
**Requirements:**
- Define columns with exact types (varchar, int, jsonb)
- Define relationships (OneToMany, ManyToOne)
- Add indexes for performance
- NO MOCKS: Use real DB connection",0,Developer,Act as a Senior Full-Stack Developer. Your goal is to implement 'Define Entity: Invoice'. 1. Follow Hexagonal Architecture (Domain -> Ports -> Adapters). 2. Use NestJS/React best practices. 3. Ensure all code is strictly typed. 4. NO MOCKS: Use real DB/API connections unless it's a unit test. 5. Update Swagger/Storybook documentation.
Create DTOs: Invoice,Task,Psitrix Psynq,Feature: Invoices Module,Normal,New,2026-06-14,2026-06-15,Developer,4h,"Backend,API",v1.0.0-MVP,3,Low,Specs defined,Code implemented & tested,Tests passing; No mocks,Functional requirement met,,Revert commit,"**File:** `packages/backend/src/modules/billing/dto/create-invoice.dto.ts`
**File:** `packages/backend/src/modules/billing/dto/update-invoice.dto.ts`
**Requirements:**
- Use class-validator decorators (@IsString, @IsInt)
- Use class-transformer
- Strict typing",0,Developer,Act as a Senior Full-Stack Developer. Your goal is to implement 'Create DTOs: Invoice'. 1. Follow Hexagonal Architecture (Domain -> Ports -> Adapters). 2. Use NestJS/React best practices. 3. Ensure all code is strictly typed. 4. NO MOCKS: Use real DB/API connections unless it's a unit test. 5. Update Swagger/Storybook documentation.
Implement Service: InvoiceService,Task,Psitrix Psynq,Feature: Invoices Module,High,New,2026-06-15,2026-06-18,Developer,4h,Backend,v1.0.0-MVP,3,Low,Specs defined,Code implemented & tested,Tests passing; No mocks,Functional requirement met,,Revert commit,"**File:** `packages/backend/src/modules/billing/invoice.service.ts`
**Class:** `InvoiceService`
**Methods:**
- `create(dto)`
- `findAll(query)`
- `findOne(id)`
- `update(id, dto)`
- `remove(id)`
**Logic:** Business logic implementation. NO STUBS.",0,Developer,Act as a Senior Full-Stack Developer. Your goal is to implement 'Implement Service: InvoiceService'. 1. Follow Hexagonal Architecture (Domain -> Ports -> Adapters). 2. Use NestJS/React best practices. 3. Ensure all code is strictly typed. 4. NO MOCKS: Use real DB/API connections unless it's a unit test. 5. Update Swagger/Storybook documentation.
Implement Controller: InvoiceController,Task,Psitrix Psynq,Feature: Invoices Module,High,New,2026-06-16,2026-06-18,Developer,4h,"Backend,API",v1.0.0-MVP,3,Low,Specs defined,Code implemented & tested,Tests passing; No mocks,Functional requirement met,,Revert commit,"**File:** `packages/backend/src/modules/billing/invoice.controller.ts`
**Class:** `InvoiceController`
**Endpoints:**
- `POST /api/v1/invoices`
- `GET /api/v1/invoices`
- `GET /api/v1/invoices/:id`
- `PATCH /api/v1/invoices/:id`
- `DELETE /api/v1/invoices/:id`
**Requirements:** Swagger docs (@ApiTags), Auth guards",0,Developer,Act as a Senior Full-Stack Developer. Your goal is to implement 'Implement Controller: InvoiceController'. 1. Follow Hexagonal Architecture (Domain -> Ports -> Adapters). 2. Use NestJS/React best practices. 3. Ensure all code is strictly typed. 4. NO MOCKS: Use real DB/API connections unless it's a unit test. 5. Update Swagger/Storybook documentation.
Unit Tests: InvoiceService,Task,Psitrix Psynq,Feature: Invoices Module,Normal,New,2026-06-17,2026-06-19,Developer,4h,"Backend,Testing",v1.0.0-MVP,3,Low,Specs defined,Code implemented & tested,Tests passing; No mocks,Functional requirement met,,Revert commit,"**File:** `packages/backend/src/modules/billing/invoice.service.spec.ts`
**Requirements:**
- 100% coverage for service methods
- Test success and error cases
- Mock repository only (unit test)",0,QA Engineer,"Act as a Senior QA Engineer. Your goal is to verify the implementation of 'Unit Tests: InvoiceService'. 1. Review the code in the specified file paths. 2. Execute existing tests and write new ones for edge cases (nulls, timeouts, high load). 3. Ensure 100% coverage. 4. Report any regressions or performance bottlenecks."
Integration Tests: Invoice,Task,Psitrix Psynq,Feature: Invoices Module,Normal,New,2026-06-18,2026-06-20,Developer,4h,"Backend,Testing",v1.0.0-MVP,3,Low,Specs defined,Code implemented & tested,Tests passing; No mocks,Functional requirement met,,Revert commit,"**File:** `test/invoice.integration-spec.ts`
**Requirements:**
- Test database interactions
- Test service integration
- Test event emission",0,QA Engineer,"Act as a Senior QA Engineer. Your goal is to verify the implementation of 'Integration Tests: Invoice'. 1. Review the code in the specified file paths. 2. Execute existing tests and write new ones for edge cases (nulls, timeouts, high load). 3. Ensure 100% coverage. 4. Report any regressions or performance bottlenecks."
Swagger Docs: Invoice,Task,Psitrix Psynq,Feature: Invoices Module,Low,New,2026-06-15,2026-06-16,Developer,4h,"Backend,Docs",v1.0.0-MVP,3,Low,Specs defined,Code implemented & tested,Tests passing; No mocks,Functional requirement met,,Revert commit,"**File:** `packages/backend/src/modules/billing/invoice.controller.ts`
**Requirements:**
- Add @ApiOperation
- Add @ApiResponse
- Add @ApiProperty to DTOs",0,Developer,Act as a Senior Full-Stack Developer. Your goal is to implement 'Swagger Docs: Invoice'. 1. Follow Hexagonal Architecture (Domain -> Ports -> Adapters). 2. Use NestJS/React best practices. 3. Ensure all code is strictly typed. 4. NO MOCKS: Use real DB/API connections unless it's a unit test. 5. Update Swagger/Storybook documentation.
DB Migration: Invoice,Task,Psitrix Psynq,Feature: Invoices Module,High,New,2026-06-14,2026-06-15,Developer,4h,"Backend,Database",v1.0.0-MVP,3,Low,Specs defined,Code implemented & tested,Tests passing; No mocks,Functional requirement met,,Revert commit,"**File:** `packages/backend/src/migrations/CreateInvoiceTable.ts`
**Requirements:**
- Up method (create table)
- Down method (drop table)
- Indexes and constraints",0,Developer,Act as a Senior Full-Stack Developer. Your goal is to implement 'DB Migration: Invoice'. 1. Follow Hexagonal Architecture (Domain -> Ports -> Adapters). 2. Use NestJS/React best practices. 3. Ensure all code is strictly typed. 4. NO MOCKS: Use real DB/API connections unless it's a unit test. 5. Update Swagger/Storybook documentation.
Seed Data: Invoice,Task,Psitrix Psynq,Feature: Invoices Module,Low,New,2026-06-16,2026-06-17,Developer,4h,"Backend,Database",v1.0.0-MVP,3,Low,Specs defined,Code implemented & tested,Tests passing; No mocks,Functional requirement met,,Revert commit,"**File:** `packages/backend/src/seeds/invoice.seed.ts`
**Requirements:**
- Create default/test data
- Handle relationships",0,Developer,Act as a Senior Full-Stack Developer. Your goal is to implement 'Seed Data: Invoice'. 1. Follow Hexagonal Architecture (Domain -> Ports -> Adapters). 2. Use NestJS/React best practices. 3. Ensure all code is strictly typed. 4. NO MOCKS: Use real DB/API connections unless it's a unit test. 5. Update Swagger/Storybook documentation.
Feature: ApiKeys Module,Feature,Psitrix Psynq,Epic: Backend Modules Implementation,Normal,New,2026-06-14,2026-06-24,Developer,,,v1.0.0-MVP,,Low,Specs defined,Code implemented & tested,Tests passing; No mocks,Functional requirement met,,Revert commit,ApiKeys Implementation,0,Product Owner / Architect,"Act as a Solution Architect. Define the technical specifications and sub-tasks for 'Feature: ApiKeys Module'. Ensure alignment with the CCaaS platform goals (reliability, scalability, low latency)."
Define Entity: ApiKey,Task,Psitrix Psynq,Feature: ApiKeys Module,High,New,2026-06-14,2026-06-16,Developer,4h,"Backend,Database",v1.0.0-MVP,3,Low,Specs defined,Code implemented & tested,Tests passing; No mocks,Functional requirement met,,Revert commit,"**File:** `packages/backend/src/modules/auth/entities/apikey.entity.ts`
**Class:** `ApiKey`
**Type:** TypeORM Entity
**Requirements:**
- Define columns with exact types (varchar, int, jsonb)
- Define relationships (OneToMany, ManyToOne)
- Add indexes for performance
- NO MOCKS: Use real DB connection",0,Developer,Act as a Senior Full-Stack Developer. Your goal is to implement 'Define Entity: ApiKey'. 1. Follow Hexagonal Architecture (Domain -> Ports -> Adapters). 2. Use NestJS/React best practices. 3. Ensure all code is strictly typed. 4. NO MOCKS: Use real DB/API connections unless it's a unit test. 5. Update Swagger/Storybook documentation.
Create DTOs: ApiKey,Task,Psitrix Psynq,Feature: ApiKeys Module,Normal,New,2026-06-14,2026-06-15,Developer,4h,"Backend,API",v1.0.0-MVP,3,Low,Specs defined,Code implemented & tested,Tests passing; No mocks,Functional requirement met,,Revert commit,"**File:** `packages/backend/src/modules/auth/dto/create-apikey.dto.ts`
**File:** `packages/backend/src/modules/auth/dto/update-apikey.dto.ts`
**Requirements:**
- Use class-validator decorators (@IsString, @IsInt)
- Use class-transformer
- Strict typing",0,Developer,Act as a Senior Full-Stack Developer. Your goal is to implement 'Create DTOs: ApiKey'. 1. Follow Hexagonal Architecture (Domain -> Ports -> Adapters). 2. Use NestJS/React best practices. 3. Ensure all code is strictly typed. 4. NO MOCKS: Use real DB/API connections unless it's a unit test. 5. Update Swagger/Storybook documentation.
Implement Service: ApiKeyService,Task,Psitrix Psynq,Feature: ApiKeys Module,High,New,2026-06-15,2026-06-18,Developer,4h,Backend,v1.0.0-MVP,3,Low,Specs defined,Code implemented & tested,Tests passing; No mocks,Functional requirement met,,Revert commit,"**File:** `packages/backend/src/modules/auth/apikey.service.ts`
**Class:** `ApiKeyService`
**Methods:**
- `create(dto)`
- `findAll(query)`
- `findOne(id)`
- `update(id, dto)`
- `remove(id)`
**Logic:** Business logic implementation. NO STUBS.",0,Developer,Act as a Senior Full-Stack Developer. Your goal is to implement 'Implement Service: ApiKeyService'. 1. Follow Hexagonal Architecture (Domain -> Ports -> Adapters). 2. Use NestJS/React best practices. 3. Ensure all code is strictly typed. 4. NO MOCKS: Use real DB/API connections unless it's a unit test. 5. Update Swagger/Storybook documentation.
Implement Controller: ApiKeyController,Task,Psitrix Psynq,Feature: ApiKeys Module,High,New,2026-06-16,2026-06-18,Developer,4h,"Backend,API",v1.0.0-MVP,3,Low,Specs defined,Code implemented & tested,Tests passing; No mocks,Functional requirement met,,Revert commit,"**File:** `packages/backend/src/modules/auth/apikey.controller.ts`
**Class:** `ApiKeyController`
**Endpoints:**
- `POST /api/v1/apikeys`
- `GET /api/v1/apikeys`
- `GET /api/v1/apikeys/:id`
- `PATCH /api/v1/apikeys/:id`
- `DELETE /api/v1/apikeys/:id`
**Requirements:** Swagger docs (@ApiTags), Auth guards",0,Developer,Act as a Senior Full-Stack Developer. Your goal is to implement 'Implement Controller: ApiKeyController'. 1. Follow Hexagonal Architecture (Domain -> Ports -> Adapters). 2. Use NestJS/React best practices. 3. Ensure all code is strictly typed. 4. NO MOCKS: Use real DB/API connections unless it's a unit test. 5. Update Swagger/Storybook documentation.
Unit Tests: ApiKeyService,Task,Psitrix Psynq,Feature: ApiKeys Module,Normal,New,2026-06-17,2026-06-19,Developer,4h,"Backend,Testing",v1.0.0-MVP,3,Low,Specs defined,Code implemented & tested,Tests passing; No mocks,Functional requirement met,,Revert commit,"**File:** `packages/backend/src/modules/auth/apikey.service.spec.ts`
**Requirements:**
- 100% coverage for service methods
- Test success and error cases
- Mock repository only (unit test)",0,QA Engineer,"Act as a Senior QA Engineer. Your goal is to verify the implementation of 'Unit Tests: ApiKeyService'. 1. Review the code in the specified file paths. 2. Execute existing tests and write new ones for edge cases (nulls, timeouts, high load). 3. Ensure 100% coverage. 4. Report any regressions or performance bottlenecks."
Integration Tests: ApiKey,Task,Psitrix Psynq,Feature: ApiKeys Module,Normal,New,2026-06-18,2026-06-20,Developer,4h,"Backend,Testing",v1.0.0-MVP,3,Low,Specs defined,Code implemented & tested,Tests passing; No mocks,Functional requirement met,,Revert commit,"**File:** `test/apikey.integration-spec.ts`
**Requirements:**
- Test database interactions
- Test service integration
- Test event emission",0,QA Engineer,"Act as a Senior QA Engineer. Your goal is to verify the implementation of 'Integration Tests: ApiKey'. 1. Review the code in the specified file paths. 2. Execute existing tests and write new ones for edge cases (nulls, timeouts, high load). 3. Ensure 100% coverage. 4. Report any regressions or performance bottlenecks."
Swagger Docs: ApiKey,Task,Psitrix Psynq,Feature: ApiKeys Module,Low,New,2026-06-15,2026-06-16,Developer,4h,"Backend,Docs",v1.0.0-MVP,3,Low,Specs defined,Code implemented & tested,Tests passing; No mocks,Functional requirement met,,Revert commit,"**File:** `packages/backend/src/modules/auth/apikey.controller.ts`
**Requirements:**
- Add @ApiOperation
- Add @ApiResponse
- Add @ApiProperty to DTOs",0,Developer,Act as a Senior Full-Stack Developer. Your goal is to implement 'Swagger Docs: ApiKey'. 1. Follow Hexagonal Architecture (Domain -> Ports -> Adapters). 2. Use NestJS/React best practices. 3. Ensure all code is strictly typed. 4. NO MOCKS: Use real DB/API connections unless it's a unit test. 5. Update Swagger/Storybook documentation.
DB Migration: ApiKey,Task,Psitrix Psynq,Feature: ApiKeys Module,High,New,2026-06-14,2026-06-15,Developer,4h,"Backend,Database",v1.0.0-MVP,3,Low,Specs defined,Code implemented & tested,Tests passing; No mocks,Functional requirement met,,Revert commit,"**File:** `packages/backend/src/migrations/CreateApiKeyTable.ts`
**Requirements:**
- Up method (create table)
- Down method (drop table)
- Indexes and constraints",0,Developer,Act as a Senior Full-Stack Developer. Your goal is to implement 'DB Migration: ApiKey'. 1. Follow Hexagonal Architecture (Domain -> Ports -> Adapters). 2. Use NestJS/React best practices. 3. Ensure all code is strictly typed. 4. NO MOCKS: Use real DB/API connections unless it's a unit test. 5. Update Swagger/Storybook documentation.
Seed Data: ApiKey,Task,Psitrix Psynq,Feature: ApiKeys Module,Low,New,2026-06-16,2026-06-17,Developer,4h,"Backend,Database",v1.0.0-MVP,3,Low,Specs defined,Code implemented & tested,Tests passing; No mocks,Functional requirement met,,Revert commit,"**File:** `packages/backend/src/seeds/apikey.seed.ts`
**Requirements:**
- Create default/test data
- Handle relationships",0,Developer,Act as a Senior Full-Stack Developer. Your goal is to implement 'Seed Data: ApiKey'. 1. Follow Hexagonal Architecture (Domain -> Ports -> Adapters). 2. Use NestJS/React best practices. 3. Ensure all code is strictly typed. 4. NO MOCKS: Use real DB/API connections unless it's a unit test. 5. Update Swagger/Storybook documentation.
Feature: Notifications Module,Feature,Psitrix Psynq,Epic: Backend Modules Implementation,Normal,New,2026-06-14,2026-06-24,Developer,,,v1.0.0-MVP,,Low,Specs defined,Code implemented & tested,Tests passing; No mocks,Functional requirement met,,Revert commit,Notifications Implementation,0,Product Owner / Architect,"Act as a Solution Architect. Define the technical specifications and sub-tasks for 'Feature: Notifications Module'. Ensure alignment with the CCaaS platform goals (reliability, scalability, low latency)."
Define Entity: Notification,Task,Psitrix Psynq,Feature: Notifications Module,High,New,2026-06-14,2026-06-16,Developer,4h,"Backend,Database",v1.0.0-MVP,3,Low,Specs defined,Code implemented & tested,Tests passing; No mocks,Functional requirement met,,Revert commit,"**File:** `packages/backend/src/modules/notifications/entities/notification.entity.ts`
**Class:** `Notification`
**Type:** TypeORM Entity
**Requirements:**
- Define columns with exact types (varchar, int, jsonb)
- Define relationships (OneToMany, ManyToOne)
- Add indexes for performance
- NO MOCKS: Use real DB connection",0,Developer,Act as a Senior Full-Stack Developer. Your goal is to implement 'Define Entity: Notification'. 1. Follow Hexagonal Architecture (Domain -> Ports -> Adapters). 2. Use NestJS/React best practices. 3. Ensure all code is strictly typed. 4. NO MOCKS: Use real DB/API connections unless it's a unit test. 5. Update Swagger/Storybook documentation.
Create DTOs: Notification,Task,Psitrix Psynq,Feature: Notifications Module,Normal,New,2026-06-14,2026-06-15,Developer,4h,"Backend,API",v1.0.0-MVP,3,Low,Specs defined,Code implemented & tested,Tests passing; No mocks,Functional requirement met,,Revert commit,"**File:** `packages/backend/src/modules/notifications/dto/create-notification.dto.ts`
**File:** `packages/backend/src/modules/notifications/dto/update-notification.dto.ts`
**Requirements:**
- Use class-validator decorators (@IsString, @IsInt)
- Use class-transformer
- Strict typing",0,Developer,Act as a Senior Full-Stack Developer. Your goal is to implement 'Create DTOs: Notification'. 1. Follow Hexagonal Architecture (Domain -> Ports -> Adapters). 2. Use NestJS/React best practices. 3. Ensure all code is strictly typed. 4. NO MOCKS: Use real DB/API connections unless it's a unit test. 5. Update Swagger/Storybook documentation.
Implement Service: NotificationService,Task,Psitrix Psynq,Feature: Notifications Module,High,New,2026-06-15,2026-06-18,Developer,4h,Backend,v1.0.0-MVP,3,Low,Specs defined,Code implemented & tested,Tests passing; No mocks,Functional requirement met,,Revert commit,"**File:** `packages/backend/src/modules/notifications/notification.service.ts`
**Class:** `NotificationService`
**Methods:**
- `create(dto)`
- `findAll(query)`
- `findOne(id)`
- `update(id, dto)`
- `remove(id)`
**Logic:** Business logic implementation. NO STUBS.",0,Developer,Act as a Senior Full-Stack Developer. Your goal is to implement 'Implement Service: NotificationService'. 1. Follow Hexagonal Architecture (Domain -> Ports -> Adapters). 2. Use NestJS/React best practices. 3. Ensure all code is strictly typed. 4. NO MOCKS: Use real DB/API connections unless it's a unit test. 5. Update Swagger/Storybook documentation.
Implement Controller: NotificationController,Task,Psitrix Psynq,Feature: Notifications Module,High,New,2026-06-16,2026-06-18,Developer,4h,"Backend,API",v1.0.0-MVP,3,Low,Specs defined,Code implemented & tested,Tests passing; No mocks,Functional requirement met,,Revert commit,"**File:** `packages/backend/src/modules/notifications/notification.controller.ts`
**Class:** `NotificationController`
**Endpoints:**
- `POST /api/v1/notifications`
- `GET /api/v1/notifications`
- `GET /api/v1/notifications/:id`
- `PATCH /api/v1/notifications/:id`
- `DELETE /api/v1/notifications/:id`
**Requirements:** Swagger docs (@ApiTags), Auth guards",0,Developer,Act as a Senior Full-Stack Developer. Your goal is to implement 'Implement Controller: NotificationController'. 1. Follow Hexagonal Architecture (Domain -> Ports -> Adapters). 2. Use NestJS/React best practices. 3. Ensure all code is strictly typed. 4. NO MOCKS: Use real DB/API connections unless it's a unit test. 5. Update Swagger/Storybook documentation.
Unit Tests: NotificationService,Task,Psitrix Psynq,Feature: Notifications Module,Normal,New,2026-06-17,2026-06-19,Developer,4h,"Backend,Testing",v1.0.0-MVP,3,Low,Specs defined,Code implemented & tested,Tests passing; No mocks,Functional requirement met,,Revert commit,"**File:** `packages/backend/src/modules/notifications/notification.service.spec.ts`
**Requirements:**
- 100% coverage for service methods
- Test success and error cases
- Mock repository only (unit test)",0,QA Engineer,"Act as a Senior QA Engineer. Your goal is to verify the implementation of 'Unit Tests: NotificationService'. 1. Review the code in the specified file paths. 2. Execute existing tests and write new ones for edge cases (nulls, timeouts, high load). 3. Ensure 100% coverage. 4. Report any regressions or performance bottlenecks."
Integration Tests: Notification,Task,Psitrix Psynq,Feature: Notifications Module,Normal,New,2026-06-18,2026-06-20,Developer,4h,"Backend,Testing",v1.0.0-MVP,3,Low,Specs defined,Code implemented & tested,Tests passing; No mocks,Functional requirement met,,Revert commit,"**File:** `test/notification.integration-spec.ts`
**Requirements:**
- Test database interactions
- Test service integration
- Test event emission",0,QA Engineer,"Act as a Senior QA Engineer. Your goal is to verify the implementation of 'Integration Tests: Notification'. 1. Review the code in the specified file paths. 2. Execute existing tests and write new ones for edge cases (nulls, timeouts, high load). 3. Ensure 100% coverage. 4. Report any regressions or performance bottlenecks."
Swagger Docs: Notification,Task,Psitrix Psynq,Feature: Notifications Module,Low,New,2026-06-15,2026-06-16,Developer,4h,"Backend,Docs",v1.0.0-MVP,3,Low,Specs defined,Code implemented & tested,Tests passing; No mocks,Functional requirement met,,Revert commit,"**File:** `packages/backend/src/modules/notifications/notification.controller.ts`
**Requirements:**
- Add @ApiOperation
- Add @ApiResponse
- Add @ApiProperty to DTOs",0,Developer,Act as a Senior Full-Stack Developer. Your goal is to implement 'Swagger Docs: Notification'. 1. Follow Hexagonal Architecture (Domain -> Ports -> Adapters). 2. Use NestJS/React best practices. 3. Ensure all code is strictly typed. 4. NO MOCKS: Use real DB/API connections unless it's a unit test. 5. Update Swagger/Storybook documentation.
DB Migration: Notification,Task,Psitrix Psynq,Feature: Notifications Module,High,New,2026-06-14,2026-06-15,Developer,4h,"Backend,Database",v1.0.0-MVP,3,Low,Specs defined,Code implemented & tested,Tests passing; No mocks,Functional requirement met,,Revert commit,"**File:** `packages/backend/src/migrations/CreateNotificationTable.ts`
**Requirements:**
- Up method (create table)
- Down method (drop table)
- Indexes and constraints",0,Developer,Act as a Senior Full-Stack Developer. Your goal is to implement 'DB Migration: Notification'. 1. Follow Hexagonal Architecture (Domain -> Ports -> Adapters). 2. Use NestJS/React best practices. 3. Ensure all code is strictly typed. 4. NO MOCKS: Use real DB/API connections unless it's a unit test. 5. Update Swagger/Storybook documentation.
Seed Data: Notification,Task,Psitrix Psynq,Feature: Notifications Module,Low,New,2026-06-16,2026-06-17,Developer,4h,"Backend,Database",v1.0.0-MVP,3,Low,Specs defined,Code implemented & tested,Tests passing; No mocks,Functional requirement met,,Revert commit,"**File:** `packages/backend/src/seeds/notification.seed.ts`
**Requirements:**
- Create default/test data
- Handle relationships",0,Developer,Act as a Senior Full-Stack Developer. Your goal is to implement 'Seed Data: Notification'. 1. Follow Hexagonal Architecture (Domain -> Ports -> Adapters). 2. Use NestJS/React best practices. 3. Ensure all code is strictly typed. 4. NO MOCKS: Use real DB/API connections unless it's a unit test. 5. Update Swagger/Storybook documentation.
Feature: Storage Module,Feature,Psitrix Psynq,Epic: Backend Modules Implementation,Normal,New,2026-06-14,2026-06-24,Developer,,,v1.0.0-MVP,,Low,Specs defined,Code implemented & tested,Tests passing; No mocks,Functional requirement met,,Revert commit,Storage Implementation,0,Product Owner / Architect,"Act as a Solution Architect. Define the technical specifications and sub-tasks for 'Feature: Storage Module'. Ensure alignment with the CCaaS platform goals (reliability, scalability, low latency)."
Define Entity: FileRecord,Task,Psitrix Psynq,Feature: Storage Module,High,New,2026-06-14,2026-06-16,Developer,4h,"Backend,Database",v1.0.0-MVP,3,Low,Specs defined,Code implemented & tested,Tests passing; No mocks,Functional requirement met,,Revert commit,"**File:** `packages/backend/src/modules/storage/entities/filerecord.entity.ts`
**Class:** `FileRecord`
**Type:** TypeORM Entity
**Requirements:**
- Define columns with exact types (varchar, int, jsonb)
- Define relationships (OneToMany, ManyToOne)
- Add indexes for performance
- NO MOCKS: Use real DB connection",0,Developer,Act as a Senior Full-Stack Developer. Your goal is to implement 'Define Entity: FileRecord'. 1. Follow Hexagonal Architecture (Domain -> Ports -> Adapters). 2. Use NestJS/React best practices. 3. Ensure all code is strictly typed. 4. NO MOCKS: Use real DB/API connections unless it's a unit test. 5. Update Swagger/Storybook documentation.
Create DTOs: FileRecord,Task,Psitrix Psynq,Feature: Storage Module,Normal,New,2026-06-14,2026-06-15,Developer,4h,"Backend,API",v1.0.0-MVP,3,Low,Specs defined,Code implemented & tested,Tests passing; No mocks,Functional requirement met,,Revert commit,"**File:** `packages/backend/src/modules/storage/dto/create-filerecord.dto.ts`
**File:** `packages/backend/src/modules/storage/dto/update-filerecord.dto.ts`
**Requirements:**
- Use class-validator decorators (@IsString, @IsInt)
- Use class-transformer
- Strict typing",0,Developer,Act as a Senior Full-Stack Developer. Your goal is to implement 'Create DTOs: FileRecord'. 1. Follow Hexagonal Architecture (Domain -> Ports -> Adapters). 2. Use NestJS/React best practices. 3. Ensure all code is strictly typed. 4. NO MOCKS: Use real DB/API connections unless it's a unit test. 5. Update Swagger/Storybook documentation.
Implement Service: FileRecordService,Task,Psitrix Psynq,Feature: Storage Module,High,New,2026-06-15,2026-06-18,Developer,4h,Backend,v1.0.0-MVP,3,Low,Specs defined,Code implemented & tested,Tests passing; No mocks,Functional requirement met,,Revert commit,"**File:** `packages/backend/src/modules/storage/filerecord.service.ts`
**Class:** `FileRecordService`
**Methods:**
- `create(dto)`
- `findAll(query)`
- `findOne(id)`
- `update(id, dto)`
- `remove(id)`
**Logic:** Business logic implementation. NO STUBS.",0,Developer,Act as a Senior Full-Stack Developer. Your goal is to implement 'Implement Service: FileRecordService'. 1. Follow Hexagonal Architecture (Domain -> Ports -> Adapters). 2. Use NestJS/React best practices. 3. Ensure all code is strictly typed. 4. NO MOCKS: Use real DB/API connections unless it's a unit test. 5. Update Swagger/Storybook documentation.
Implement Controller: FileRecordController,Task,Psitrix Psynq,Feature: Storage Module,High,New,2026-06-16,2026-06-18,Developer,4h,"Backend,API",v1.0.0-MVP,3,Low,Specs defined,Code implemented & tested,Tests passing; No mocks,Functional requirement met,,Revert commit,"**File:** `packages/backend/src/modules/storage/filerecord.controller.ts`
**Class:** `FileRecordController`
**Endpoints:**
- `POST /api/v1/filerecords`
- `GET /api/v1/filerecords`
- `GET /api/v1/filerecords/:id`
- `PATCH /api/v1/filerecords/:id`
- `DELETE /api/v1/filerecords/:id`
**Requirements:** Swagger docs (@ApiTags), Auth guards",0,Developer,Act as a Senior Full-Stack Developer. Your goal is to implement 'Implement Controller: FileRecordController'. 1. Follow Hexagonal Architecture (Domain -> Ports -> Adapters). 2. Use NestJS/React best practices. 3. Ensure all code is strictly typed. 4. NO MOCKS: Use real DB/API connections unless it's a unit test. 5. Update Swagger/Storybook documentation.
Unit Tests: FileRecordService,Task,Psitrix Psynq,Feature: Storage Module,Normal,New,2026-06-17,2026-06-19,Developer,4h,"Backend,Testing",v1.0.0-MVP,3,Low,Specs defined,Code implemented & tested,Tests passing; No mocks,Functional requirement met,,Revert commit,"**File:** `packages/backend/src/modules/storage/filerecord.service.spec.ts`
**Requirements:**
- 100% coverage for service methods
- Test success and error cases
- Mock repository only (unit test)",0,QA Engineer,"Act as a Senior QA Engineer. Your goal is to verify the implementation of 'Unit Tests: FileRecordService'. 1. Review the code in the specified file paths. 2. Execute existing tests and write new ones for edge cases (nulls, timeouts, high load). 3. Ensure 100% coverage. 4. Report any regressions or performance bottlenecks."
Integration Tests: FileRecord,Task,Psitrix Psynq,Feature: Storage Module,Normal,New,2026-06-18,2026-06-20,Developer,4h,"Backend,Testing",v1.0.0-MVP,3,Low,Specs defined,Code implemented & tested,Tests passing; No mocks,Functional requirement met,,Revert commit,"**File:** `test/filerecord.integration-spec.ts`
**Requirements:**
- Test database interactions
- Test service integration
- Test event emission",0,QA Engineer,"Act as a Senior QA Engineer. Your goal is to verify the implementation of 'Integration Tests: FileRecord'. 1. Review the code in the specified file paths. 2. Execute existing tests and write new ones for edge cases (nulls, timeouts, high load). 3. Ensure 100% coverage. 4. Report any regressions or performance bottlenecks."
Swagger Docs: FileRecord,Task,Psitrix Psynq,Feature: Storage Module,Low,New,2026-06-15,2026-06-16,Developer,4h,"Backend,Docs",v1.0.0-MVP,3,Low,Specs defined,Code implemented & tested,Tests passing; No mocks,Functional requirement met,,Revert commit,"**File:** `packages/backend/src/modules/storage/filerecord.controller.ts`
**Requirements:**
- Add @ApiOperation
- Add @ApiResponse
- Add @ApiProperty to DTOs",0,Developer,Act as a Senior Full-Stack Developer. Your goal is to implement 'Swagger Docs: FileRecord'. 1. Follow Hexagonal Architecture (Domain -> Ports -> Adapters). 2. Use NestJS/React best practices. 3. Ensure all code is strictly typed. 4. NO MOCKS: Use real DB/API connections unless it's a unit test. 5. Update Swagger/Storybook documentation.
DB Migration: FileRecord,Task,Psitrix Psynq,Feature: Storage Module,High,New,2026-06-14,2026-06-15,Developer,4h,"Backend,Database",v1.0.0-MVP,3,Low,Specs defined,Code implemented & tested,Tests passing; No mocks,Functional requirement met,,Revert commit,"**File:** `packages/backend/src/migrations/CreateFileRecordTable.ts`
**Requirements:**
- Up method (create table)
- Down method (drop table)
- Indexes and constraints",0,Developer,Act as a Senior Full-Stack Developer. Your goal is to implement 'DB Migration: FileRecord'. 1. Follow Hexagonal Architecture (Domain -> Ports -> Adapters). 2. Use NestJS/React best practices. 3. Ensure all code is strictly typed. 4. NO MOCKS: Use real DB/API connections unless it's a unit test. 5. Update Swagger/Storybook documentation.
Seed Data: FileRecord,Task,Psitrix Psynq,Feature: Storage Module,Low,New,2026-06-16,2026-06-17,Developer,4h,"Backend,Database",v1.0.0-MVP,3,Low,Specs defined,Code implemented & tested,Tests passing; No mocks,Functional requirement met,,Revert commit,"**File:** `packages/backend/src/seeds/filerecord.seed.ts`
**Requirements:**
- Create default/test data
- Handle relationships",0,Developer,Act as a Senior Full-Stack Developer. Your goal is to implement 'Seed Data: FileRecord'. 1. Follow Hexagonal Architecture (Domain -> Ports -> Adapters). 2. Use NestJS/React best practices. 3. Ensure all code is strictly typed. 4. NO MOCKS: Use real DB/API connections unless it's a unit test. 5. Update Swagger/Storybook documentation.
Feature: Cdr Module,Feature,Psitrix Psynq,Epic: Backend Modules Implementation,Normal,New,2026-06-14,2026-06-24,Developer,,,v1.0.0-MVP,,Low,Specs defined,Code implemented & tested,Tests passing; No mocks,Functional requirement met,,Revert commit,Cdr Implementation,0,Product Owner / Architect,"Act as a Solution Architect. Define the technical specifications and sub-tasks for 'Feature: Cdr Module'. Ensure alignment with the CCaaS platform goals (reliability, scalability, low latency)."
Define Entity: Cdr,Task,Psitrix Psynq,Feature: Cdr Module,High,New,2026-06-14,2026-06-16,Developer,4h,"Backend,Database",v1.0.0-MVP,3,Low,Specs defined,Code implemented & tested,Tests passing; No mocks,Functional requirement met,,Revert commit,"**File:** `packages/backend/src/modules/cdr/entities/cdr.entity.ts`
**Class:** `Cdr`
**Type:** TypeORM Entity
**Requirements:**
- Define columns with exact types (varchar, int, jsonb)
- Define relationships (OneToMany, ManyToOne)
- Add indexes for performance
- NO MOCKS: Use real DB connection",0,Developer,Act as a Senior Full-Stack Developer. Your goal is to implement 'Define Entity: Cdr'. 1. Follow Hexagonal Architecture (Domain -> Ports -> Adapters). 2. Use NestJS/React best practices. 3. Ensure all code is strictly typed. 4. NO MOCKS: Use real DB/API connections unless it's a unit test. 5. Update Swagger/Storybook documentation.
Create DTOs: Cdr,Task,Psitrix Psynq,Feature: Cdr Module,Normal,New,2026-06-14,2026-06-15,Developer,4h,"Backend,API",v1.0.0-MVP,3,Low,Specs defined,Code implemented & tested,Tests passing; No mocks,Functional requirement met,,Revert commit,"**File:** `packages/backend/src/modules/cdr/dto/create-cdr.dto.ts`
**File:** `packages/backend/src/modules/cdr/dto/update-cdr.dto.ts`
**Requirements:**
- Use class-validator decorators (@IsString, @IsInt)
- Use class-transformer
- Strict typing",0,Developer,Act as a Senior Full-Stack Developer. Your goal is to implement 'Create DTOs: Cdr'. 1. Follow Hexagonal Architecture (Domain -> Ports -> Adapters). 2. Use NestJS/React best practices. 3. Ensure all code is strictly typed. 4. NO MOCKS: Use real DB/API connections unless it's a unit test. 5. Update Swagger/Storybook documentation.
Implement Service: CdrService,Task,Psitrix Psynq,Feature: Cdr Module,High,New,2026-06-15,2026-06-18,Developer,4h,Backend,v1.0.0-MVP,3,Low,Specs defined,Code implemented & tested,Tests passing; No mocks,Functional requirement met,,Revert commit,"**File:** `packages/backend/src/modules/cdr/cdr.service.ts`
**Class:** `CdrService`
**Methods:**
- `create(dto)`
- `findAll(query)`
- `findOne(id)`
- `update(id, dto)`
- `remove(id)`
**Logic:** Business logic implementation. NO STUBS.",0,Developer,Act as a Senior Full-Stack Developer. Your goal is to implement 'Implement Service: CdrService'. 1. Follow Hexagonal Architecture (Domain -> Ports -> Adapters). 2. Use NestJS/React best practices. 3. Ensure all code is strictly typed. 4. NO MOCKS: Use real DB/API connections unless it's a unit test. 5. Update Swagger/Storybook documentation.
Implement Controller: CdrController,Task,Psitrix Psynq,Feature: Cdr Module,High,New,2026-06-16,2026-06-18,Developer,4h,"Backend,API",v1.0.0-MVP,3,Low,Specs defined,Code implemented & tested,Tests passing; No mocks,Functional requirement met,,Revert commit,"**File:** `packages/backend/src/modules/cdr/cdr.controller.ts`
**Class:** `CdrController`
**Endpoints:**
- `POST /api/v1/cdrs`
- `GET /api/v1/cdrs`
- `GET /api/v1/cdrs/:id`
- `PATCH /api/v1/cdrs/:id`
- `DELETE /api/v1/cdrs/:id`
**Requirements:** Swagger docs (@ApiTags), Auth guards",0,Developer,Act as a Senior Full-Stack Developer. Your goal is to implement 'Implement Controller: CdrController'. 1. Follow Hexagonal Architecture (Domain -> Ports -> Adapters). 2. Use NestJS/React best practices. 3. Ensure all code is strictly typed. 4. NO MOCKS: Use real DB/API connections unless it's a unit test. 5. Update Swagger/Storybook documentation.
Unit Tests: CdrService,Task,Psitrix Psynq,Feature: Cdr Module,Normal,New,2026-06-17,2026-06-19,Developer,4h,"Backend,Testing",v1.0.0-MVP,3,Low,Specs defined,Code implemented & tested,Tests passing; No mocks,Functional requirement met,,Revert commit,"**File:** `packages/backend/src/modules/cdr/cdr.service.spec.ts`
**Requirements:**
- 100% coverage for service methods
- Test success and error cases
- Mock repository only (unit test)",0,QA Engineer,"Act as a Senior QA Engineer. Your goal is to verify the implementation of 'Unit Tests: CdrService'. 1. Review the code in the specified file paths. 2. Execute existing tests and write new ones for edge cases (nulls, timeouts, high load). 3. Ensure 100% coverage. 4. Report any regressions or performance bottlenecks."
Integration Tests: Cdr,Task,Psitrix Psynq,Feature: Cdr Module,Normal,New,2026-06-18,2026-06-20,Developer,4h,"Backend,Testing",v1.0.0-MVP,3,Low,Specs defined,Code implemented & tested,Tests passing; No mocks,Functional requirement met,,Revert commit,"**File:** `test/cdr.integration-spec.ts`
**Requirements:**
- Test database interactions
- Test service integration
- Test event emission",0,QA Engineer,"Act as a Senior QA Engineer. Your goal is to verify the implementation of 'Integration Tests: Cdr'. 1. Review the code in the specified file paths. 2. Execute existing tests and write new ones for edge cases (nulls, timeouts, high load). 3. Ensure 100% coverage. 4. Report any regressions or performance bottlenecks."
Swagger Docs: Cdr,Task,Psitrix Psynq,Feature: Cdr Module,Low,New,2026-06-15,2026-06-16,Developer,4h,"Backend,Docs",v1.0.0-MVP,3,Low,Specs defined,Code implemented & tested,Tests passing; No mocks,Functional requirement met,,Revert commit,"**File:** `packages/backend/src/modules/cdr/cdr.controller.ts`
**Requirements:**
- Add @ApiOperation
- Add @ApiResponse
- Add @ApiProperty to DTOs",0,Developer,Act as a Senior Full-Stack Developer. Your goal is to implement 'Swagger Docs: Cdr'. 1. Follow Hexagonal Architecture (Domain -> Ports -> Adapters). 2. Use NestJS/React best practices. 3. Ensure all code is strictly typed. 4. NO MOCKS: Use real DB/API connections unless it's a unit test. 5. Update Swagger/Storybook documentation.
DB Migration: Cdr,Task,Psitrix Psynq,Feature: Cdr Module,High,New,2026-06-14,2026-06-15,Developer,4h,"Backend,Database",v1.0.0-MVP,3,Low,Specs defined,Code implemented & tested,Tests passing; No mocks,Functional requirement met,,Revert commit,"**File:** `packages/backend/src/migrations/CreateCdrTable.ts`
**Requirements:**
- Up method (create table)
- Down method (drop table)
- Indexes and constraints",0,Developer,Act as a Senior Full-Stack Developer. Your goal is to implement 'DB Migration: Cdr'. 1. Follow Hexagonal Architecture (Domain -> Ports -> Adapters). 2. Use NestJS/React best practices. 3. Ensure all code is strictly typed. 4. NO MOCKS: Use real DB/API connections unless it's a unit test. 5. Update Swagger/Storybook documentation.
Seed Data: Cdr,Task,Psitrix Psynq,Feature: Cdr Module,Low,New,2026-06-16,2026-06-17,Developer,4h,"Backend,Database",v1.0.0-MVP,3,Low,Specs defined,Code implemented & tested,Tests passing; No mocks,Functional requirement met,,Revert commit,"**File:** `packages/backend/src/seeds/cdr.seed.ts`
**Requirements:**
- Create default/test data
- Handle relationships",0,Developer,Act as a Senior Full-Stack Developer. Your goal is to implement 'Seed Data: Cdr'. 1. Follow Hexagonal Architecture (Domain -> Ports -> Adapters). 2. Use NestJS/React best practices. 3. Ensure all code is strictly typed. 4. NO MOCKS: Use real DB/API connections unless it's a unit test. 5. Update Swagger/Storybook documentation.
Feature: Qos Module,Feature,Psitrix Psynq,Epic: Backend Modules Implementation,Normal,New,2026-06-14,2026-06-24,Developer,,,v1.0.0-MVP,,Low,Specs defined,Code implemented & tested,Tests passing; No mocks,Functional requirement met,,Revert commit,Qos Implementation,0,Product Owner / Architect,"Act as a Solution Architect. Define the technical specifications and sub-tasks for 'Feature: Qos Module'. Ensure alignment with the CCaaS platform goals (reliability, scalability, low latency)."
Define Entity: QosStats,Task,Psitrix Psynq,Feature: Qos Module,High,New,2026-06-14,2026-06-16,Developer,4h,"Backend,Database",v1.0.0-MVP,3,Low,Specs defined,Code implemented & tested,Tests passing; No mocks,Functional requirement met,,Revert commit,"**File:** `packages/backend/src/modules/cdr/entities/qosstats.entity.ts`
**Class:** `QosStats`
**Type:** TypeORM Entity
**Requirements:**
- Define columns with exact types (varchar, int, jsonb)
- Define relationships (OneToMany, ManyToOne)
- Add indexes for performance
- NO MOCKS: Use real DB connection",0,Developer,Act as a Senior Full-Stack Developer. Your goal is to implement 'Define Entity: QosStats'. 1. Follow Hexagonal Architecture (Domain -> Ports -> Adapters). 2. Use NestJS/React best practices. 3. Ensure all code is strictly typed. 4. NO MOCKS: Use real DB/API connections unless it's a unit test. 5. Update Swagger/Storybook documentation.
Create DTOs: QosStats,Task,Psitrix Psynq,Feature: Qos Module,Normal,New,2026-06-14,2026-06-15,Developer,4h,"Backend,API",v1.0.0-MVP,3,Low,Specs defined,Code implemented & tested,Tests passing; No mocks,Functional requirement met,,Revert commit,"**File:** `packages/backend/src/modules/cdr/dto/create-qosstats.dto.ts`
**File:** `packages/backend/src/modules/cdr/dto/update-qosstats.dto.ts`
**Requirements:**
- Use class-validator decorators (@IsString, @IsInt)
- Use class-transformer
- Strict typing",0,Developer,Act as a Senior Full-Stack Developer. Your goal is to implement 'Create DTOs: QosStats'. 1. Follow Hexagonal Architecture (Domain -> Ports -> Adapters). 2. Use NestJS/React best practices. 3. Ensure all code is strictly typed. 4. NO MOCKS: Use real DB/API connections unless it's a unit test. 5. Update Swagger/Storybook documentation.
Implement Service: QosStatsService,Task,Psitrix Psynq,Feature: Qos Module,High,New,2026-06-15,2026-06-18,Developer,4h,Backend,v1.0.0-MVP,3,Low,Specs defined,Code implemented & tested,Tests passing; No mocks,Functional requirement met,,Revert commit,"**File:** `packages/backend/src/modules/cdr/qosstats.service.ts`
**Class:** `QosStatsService`
**Methods:**
- `create(dto)`
- `findAll(query)`
- `findOne(id)`
- `update(id, dto)`
- `remove(id)`
**Logic:** Business logic implementation. NO STUBS.",0,Developer,Act as a Senior Full-Stack Developer. Your goal is to implement 'Implement Service: QosStatsService'. 1. Follow Hexagonal Architecture (Domain -> Ports -> Adapters). 2. Use NestJS/React best practices. 3. Ensure all code is strictly typed. 4. NO MOCKS: Use real DB/API connections unless it's a unit test. 5. Update Swagger/Storybook documentation.
Implement Controller: QosStatsController,Task,Psitrix Psynq,Feature: Qos Module,High,New,2026-06-16,2026-06-18,Developer,4h,"Backend,API",v1.0.0-MVP,3,Low,Specs defined,Code implemented & tested,Tests passing; No mocks,Functional requirement met,,Revert commit,"**File:** `packages/backend/src/modules/cdr/qosstats.controller.ts`
**Class:** `QosStatsController`
**Endpoints:**
- `POST /api/v1/qosstatss`
- `GET /api/v1/qosstatss`
- `GET /api/v1/qosstatss/:id`
- `PATCH /api/v1/qosstatss/:id`
- `DELETE /api/v1/qosstatss/:id`
**Requirements:** Swagger docs (@ApiTags), Auth guards",0,Developer,Act as a Senior Full-Stack Developer. Your goal is to implement 'Implement Controller: QosStatsController'. 1. Follow Hexagonal Architecture (Domain -> Ports -> Adapters). 2. Use NestJS/React best practices. 3. Ensure all code is strictly typed. 4. NO MOCKS: Use real DB/API connections unless it's a unit test. 5. Update Swagger/Storybook documentation.
Unit Tests: QosStatsService,Task,Psitrix Psynq,Feature: Qos Module,Normal,New,2026-06-17,2026-06-19,Developer,4h,"Backend,Testing",v1.0.0-MVP,3,Low,Specs defined,Code implemented & tested,Tests passing; No mocks,Functional requirement met,,Revert commit,"**File:** `packages/backend/src/modules/cdr/qosstats.service.spec.ts`
**Requirements:**
- 100% coverage for service methods
- Test success and error cases
- Mock repository only (unit test)",0,QA Engineer,"Act as a Senior QA Engineer. Your goal is to verify the implementation of 'Unit Tests: QosStatsService'. 1. Review the code in the specified file paths. 2. Execute existing tests and write new ones for edge cases (nulls, timeouts, high load). 3. Ensure 100% coverage. 4. Report any regressions or performance bottlenecks."
Integration Tests: QosStats,Task,Psitrix Psynq,Feature: Qos Module,Normal,New,2026-06-18,2026-06-20,Developer,4h,"Backend,Testing",v1.0.0-MVP,3,Low,Specs defined,Code implemented & tested,Tests passing; No mocks,Functional requirement met,,Revert commit,"**File:** `test/qosstats.integration-spec.ts`
**Requirements:**
- Test database interactions
- Test service integration
- Test event emission",0,QA Engineer,"Act as a Senior QA Engineer. Your goal is to verify the implementation of 'Integration Tests: QosStats'. 1. Review the code in the specified file paths. 2. Execute existing tests and write new ones for edge cases (nulls, timeouts, high load). 3. Ensure 100% coverage. 4. Report any regressions or performance bottlenecks."
Swagger Docs: QosStats,Task,Psitrix Psynq,Feature: Qos Module,Low,New,2026-06-15,2026-06-16,Developer,4h,"Backend,Docs",v1.0.0-MVP,3,Low,Specs defined,Code implemented & tested,Tests passing; No mocks,Functional requirement met,,Revert commit,"**File:** `packages/backend/src/modules/cdr/qosstats.controller.ts`
**Requirements:**
- Add @ApiOperation
- Add @ApiResponse
- Add @ApiProperty to DTOs",0,Developer,Act as a Senior Full-Stack Developer. Your goal is to implement 'Swagger Docs: QosStats'. 1. Follow Hexagonal Architecture (Domain -> Ports -> Adapters). 2. Use NestJS/React best practices. 3. Ensure all code is strictly typed. 4. NO MOCKS: Use real DB/API connections unless it's a unit test. 5. Update Swagger/Storybook documentation.
DB Migration: QosStats,Task,Psitrix Psynq,Feature: Qos Module,High,New,2026-06-14,2026-06-15,Developer,4h,"Backend,Database",v1.0.0-MVP,3,Low,Specs defined,Code implemented & tested,Tests passing; No mocks,Functional requirement met,,Revert commit,"**File:** `packages/backend/src/migrations/CreateQosStatsTable.ts`
**Requirements:**
- Up method (create table)
- Down method (drop table)
- Indexes and constraints",0,Developer,Act as a Senior Full-Stack Developer. Your goal is to implement 'DB Migration: QosStats'. 1. Follow Hexagonal Architecture (Domain -> Ports -> Adapters). 2. Use NestJS/React best practices. 3. Ensure all code is strictly typed. 4. NO MOCKS: Use real DB/API connections unless it's a unit test. 5. Update Swagger/Storybook documentation.
Seed Data: QosStats,Task,Psitrix Psynq,Feature: Qos Module,Low,New,2026-06-16,2026-06-17,Developer,4h,"Backend,Database",v1.0.0-MVP,3,Low,Specs defined,Code implemented & tested,Tests passing; No mocks,Functional requirement met,,Revert commit,"**File:** `packages/backend/src/seeds/qosstats.seed.ts`
**Requirements:**
- Create default/test data
- Handle relationships",0,Developer,Act as a Senior Full-Stack Developer. Your goal is to implement 'Seed Data: QosStats'. 1. Follow Hexagonal Architecture (Domain -> Ports -> Adapters). 2. Use NestJS/React best practices. 3. Ensure all code is strictly typed. 4. NO MOCKS: Use real DB/API connections unless it's a unit test. 5. Update Swagger/Storybook documentation.
Feature: StickyAgents Module,Feature,Psitrix Psynq,Epic: Backend Modules Implementation,Normal,New,2026-06-14,2026-06-24,Developer,,,v1.0.0-MVP,,Low,Specs defined,Code implemented & tested,Tests passing; No mocks,Functional requirement met,,Revert commit,StickyAgents Implementation,0,Product Owner / Architect,"Act as a Solution Architect. Define the technical specifications and sub-tasks for 'Feature: StickyAgents Module'. Ensure alignment with the CCaaS platform goals (reliability, scalability, low latency)."
Define Entity: StickyAgent,Task,Psitrix Psynq,Feature: StickyAgents Module,High,New,2026-06-14,2026-06-16,Developer,4h,"Backend,Database",v1.0.0-MVP,3,Low,Specs defined,Code implemented & tested,Tests passing; No mocks,Functional requirement met,,Revert commit,"**File:** `packages/backend/src/modules/routing/entities/stickyagent.entity.ts`
**Class:** `StickyAgent`
**Type:** TypeORM Entity
**Requirements:**
- Define columns with exact types (varchar, int, jsonb)
- Define relationships (OneToMany, ManyToOne)
- Add indexes for performance
- NO MOCKS: Use real DB connection",0,Developer,Act as a Senior Full-Stack Developer. Your goal is to implement 'Define Entity: StickyAgent'. 1. Follow Hexagonal Architecture (Domain -> Ports -> Adapters). 2. Use NestJS/React best practices. 3. Ensure all code is strictly typed. 4. NO MOCKS: Use real DB/API connections unless it's a unit test. 5. Update Swagger/Storybook documentation.
Create DTOs: StickyAgent,Task,Psitrix Psynq,Feature: StickyAgents Module,Normal,New,2026-06-14,2026-06-15,Developer,4h,"Backend,API",v1.0.0-MVP,3,Low,Specs defined,Code implemented & tested,Tests passing; No mocks,Functional requirement met,,Revert commit,"**File:** `packages/backend/src/modules/routing/dto/create-stickyagent.dto.ts`
**File:** `packages/backend/src/modules/routing/dto/update-stickyagent.dto.ts`
**Requirements:**
- Use class-validator decorators (@IsString, @IsInt)
- Use class-transformer
- Strict typing",0,Developer,Act as a Senior Full-Stack Developer. Your goal is to implement 'Create DTOs: StickyAgent'. 1. Follow Hexagonal Architecture (Domain -> Ports -> Adapters). 2. Use NestJS/React best practices. 3. Ensure all code is strictly typed. 4. NO MOCKS: Use real DB/API connections unless it's a unit test. 5. Update Swagger/Storybook documentation.
Implement Service: StickyAgentService,Task,Psitrix Psynq,Feature: StickyAgents Module,High,New,2026-06-15,2026-06-18,Developer,4h,Backend,v1.0.0-MVP,3,Low,Specs defined,Code implemented & tested,Tests passing; No mocks,Functional requirement met,,Revert commit,"**File:** `packages/backend/src/modules/routing/stickyagent.service.ts`
**Class:** `StickyAgentService`
**Methods:**
- `create(dto)`
- `findAll(query)`
- `findOne(id)`
- `update(id, dto)`
- `remove(id)`
**Logic:** Business logic implementation. NO STUBS.",0,Developer,Act as a Senior Full-Stack Developer. Your goal is to implement 'Implement Service: StickyAgentService'. 1. Follow Hexagonal Architecture (Domain -> Ports -> Adapters). 2. Use NestJS/React best practices. 3. Ensure all code is strictly typed. 4. NO MOCKS: Use real DB/API connections unless it's a unit test. 5. Update Swagger/Storybook documentation.
Implement Controller: StickyAgentController,Task,Psitrix Psynq,Feature: StickyAgents Module,High,New,2026-06-16,2026-06-18,Developer,4h,"Backend,API",v1.0.0-MVP,3,Low,Specs defined,Code implemented & tested,Tests passing; No mocks,Functional requirement met,,Revert commit,"**File:** `packages/backend/src/modules/routing/stickyagent.controller.ts`
**Class:** `StickyAgentController`
**Endpoints:**
- `POST /api/v1/stickyagents`
- `GET /api/v1/stickyagents`
- `GET /api/v1/stickyagents/:id`
- `PATCH /api/v1/stickyagents/:id`
- `DELETE /api/v1/stickyagents/:id`
**Requirements:** Swagger docs (@ApiTags), Auth guards",0,Developer,Act as a Senior Full-Stack Developer. Your goal is to implement 'Implement Controller: StickyAgentController'. 1. Follow Hexagonal Architecture (Domain -> Ports -> Adapters). 2. Use NestJS/React best practices. 3. Ensure all code is strictly typed. 4. NO MOCKS: Use real DB/API connections unless it's a unit test. 5. Update Swagger/Storybook documentation.
Unit Tests: StickyAgentService,Task,Psitrix Psynq,Feature: StickyAgents Module,Normal,New,2026-06-17,2026-06-19,Developer,4h,"Backend,Testing",v1.0.0-MVP,3,Low,Specs defined,Code implemented & tested,Tests passing; No mocks,Functional requirement met,,Revert commit,"**File:** `packages/backend/src/modules/routing/stickyagent.service.spec.ts`
**Requirements:**
- 100% coverage for service methods
- Test success and error cases
- Mock repository only (unit test)",0,QA Engineer,"Act as a Senior QA Engineer. Your goal is to verify the implementation of 'Unit Tests: StickyAgentService'. 1. Review the code in the specified file paths. 2. Execute existing tests and write new ones for edge cases (nulls, timeouts, high load). 3. Ensure 100% coverage. 4. Report any regressions or performance bottlenecks."
Integration Tests: StickyAgent,Task,Psitrix Psynq,Feature: StickyAgents Module,Normal,New,2026-06-18,2026-06-20,Developer,4h,"Backend,Testing",v1.0.0-MVP,3,Low,Specs defined,Code implemented & tested,Tests passing; No mocks,Functional requirement met,,Revert commit,"**File:** `test/stickyagent.integration-spec.ts`
**Requirements:**
- Test database interactions
- Test service integration
- Test event emission",0,QA Engineer,"Act as a Senior QA Engineer. Your goal is to verify the implementation of 'Integration Tests: StickyAgent'. 1. Review the code in the specified file paths. 2. Execute existing tests and write new ones for edge cases (nulls, timeouts, high load). 3. Ensure 100% coverage. 4. Report any regressions or performance bottlenecks."
Swagger Docs: StickyAgent,Task,Psitrix Psynq,Feature: StickyAgents Module,Low,New,2026-06-15,2026-06-16,Developer,4h,"Backend,Docs",v1.0.0-MVP,3,Low,Specs defined,Code implemented & tested,Tests passing; No mocks,Functional requirement met,,Revert commit,"**File:** `packages/backend/src/modules/routing/stickyagent.controller.ts`
**Requirements:**
- Add @ApiOperation
- Add @ApiResponse
- Add @ApiProperty to DTOs",0,Developer,Act as a Senior Full-Stack Developer. Your goal is to implement 'Swagger Docs: StickyAgent'. 1. Follow Hexagonal Architecture (Domain -> Ports -> Adapters). 2. Use NestJS/React best practices. 3. Ensure all code is strictly typed. 4. NO MOCKS: Use real DB/API connections unless it's a unit test. 5. Update Swagger/Storybook documentation.
DB Migration: StickyAgent,Task,Psitrix Psynq,Feature: StickyAgents Module,High,New,2026-06-14,2026-06-15,Developer,4h,"Backend,Database",v1.0.0-MVP,3,Low,Specs defined,Code implemented & tested,Tests passing; No mocks,Functional requirement met,,Revert commit,"**File:** `packages/backend/src/migrations/CreateStickyAgentTable.ts`
**Requirements:**
- Up method (create table)
- Down method (drop table)
- Indexes and constraints",0,Developer,Act as a Senior Full-Stack Developer. Your goal is to implement 'DB Migration: StickyAgent'. 1. Follow Hexagonal Architecture (Domain -> Ports -> Adapters). 2. Use NestJS/React best practices. 3. Ensure all code is strictly typed. 4. NO MOCKS: Use real DB/API connections unless it's a unit test. 5. Update Swagger/Storybook documentation.
Seed Data: StickyAgent,Task,Psitrix Psynq,Feature: StickyAgents Module,Low,New,2026-06-16,2026-06-17,Developer,4h,"Backend,Database",v1.0.0-MVP,3,Low,Specs defined,Code implemented & tested,Tests passing; No mocks,Functional requirement met,,Revert commit,"**File:** `packages/backend/src/seeds/stickyagent.seed.ts`
**Requirements:**
- Create default/test data
- Handle relationships",0,Developer,Act as a Senior Full-Stack Developer. Your goal is to implement 'Seed Data: StickyAgent'. 1. Follow Hexagonal Architecture (Domain -> Ports -> Adapters). 2. Use NestJS/React best practices. 3. Ensure all code is strictly typed. 4. NO MOCKS: Use real DB/API connections unless it's a unit test. 5. Update Swagger/Storybook documentation.
Feature: VisualIvr Module,Feature,Psitrix Psynq,Epic: Backend Modules Implementation,Normal,New,2026-06-14,2026-06-24,Developer,,,v1.0.0-MVP,,Low,Specs defined,Code implemented & tested,Tests passing; No mocks,Functional requirement met,,Revert commit,VisualIvr Implementation,0,Product Owner / Architect,"Act as a Solution Architect. Define the technical specifications and sub-tasks for 'Feature: VisualIvr Module'. Ensure alignment with the CCaaS platform goals (reliability, scalability, low latency)."
Define Entity: VisualIvr,Task,Psitrix Psynq,Feature: VisualIvr Module,High,New,2026-06-14,2026-06-16,Developer,4h,"Backend,Database",v1.0.0-MVP,3,Low,Specs defined,Code implemented & tested,Tests passing; No mocks,Functional requirement met,,Revert commit,"**File:** `packages/backend/src/modules/ivr/entities/visualivr.entity.ts`
**Class:** `VisualIvr`
**Type:** TypeORM Entity
**Requirements:**
- Define columns with exact types (varchar, int, jsonb)
- Define relationships (OneToMany, ManyToOne)
- Add indexes for performance
- NO MOCKS: Use real DB connection",0,Developer,Act as a Senior Full-Stack Developer. Your goal is to implement 'Define Entity: VisualIvr'. 1. Follow Hexagonal Architecture (Domain -> Ports -> Adapters). 2. Use NestJS/React best practices. 3. Ensure all code is strictly typed. 4. NO MOCKS: Use real DB/API connections unless it's a unit test. 5. Update Swagger/Storybook documentation.
Create DTOs: VisualIvr,Task,Psitrix Psynq,Feature: VisualIvr Module,Normal,New,2026-06-14,2026-06-15,Developer,4h,"Backend,API",v1.0.0-MVP,3,Low,Specs defined,Code implemented & tested,Tests passing; No mocks,Functional requirement met,,Revert commit,"**File:** `packages/backend/src/modules/ivr/dto/create-visualivr.dto.ts`
**File:** `packages/backend/src/modules/ivr/dto/update-visualivr.dto.ts`
**Requirements:**
- Use class-validator decorators (@IsString, @IsInt)
- Use class-transformer
- Strict typing",0,Developer,Act as a Senior Full-Stack Developer. Your goal is to implement 'Create DTOs: VisualIvr'. 1. Follow Hexagonal Architecture (Domain -> Ports -> Adapters). 2. Use NestJS/React best practices. 3. Ensure all code is strictly typed. 4. NO MOCKS: Use real DB/API connections unless it's a unit test. 5. Update Swagger/Storybook documentation.
Implement Service: VisualIvrService,Task,Psitrix Psynq,Feature: VisualIvr Module,High,New,2026-06-15,2026-06-18,Developer,4h,Backend,v1.0.0-MVP,3,Low,Specs defined,Code implemented & tested,Tests passing; No mocks,Functional requirement met,,Revert commit,"**File:** `packages/backend/src/modules/ivr/visualivr.service.ts`
**Class:** `VisualIvrService`
**Methods:**
- `create(dto)`
- `findAll(query)`
- `findOne(id)`
- `update(id, dto)`
- `remove(id)`
**Logic:** Business logic implementation. NO STUBS.",0,Developer,Act as a Senior Full-Stack Developer. Your goal is to implement 'Implement Service: VisualIvrService'. 1. Follow Hexagonal Architecture (Domain -> Ports -> Adapters). 2. Use NestJS/React best practices. 3. Ensure all code is strictly typed. 4. NO MOCKS: Use real DB/API connections unless it's a unit test. 5. Update Swagger/Storybook documentation.
Implement Controller: VisualIvrController,Task,Psitrix Psynq,Feature: VisualIvr Module,High,New,2026-06-16,2026-06-18,Developer,4h,"Backend,API",v1.0.0-MVP,3,Low,Specs defined,Code implemented & tested,Tests passing; No mocks,Functional requirement met,,Revert commit,"**File:** `packages/backend/src/modules/ivr/visualivr.controller.ts`
**Class:** `VisualIvrController`
**Endpoints:**
- `POST /api/v1/visualivrs`
- `GET /api/v1/visualivrs`
- `GET /api/v1/visualivrs/:id`
- `PATCH /api/v1/visualivrs/:id`
- `DELETE /api/v1/visualivrs/:id`
**Requirements:** Swagger docs (@ApiTags), Auth guards",0,Developer,Act as a Senior Full-Stack Developer. Your goal is to implement 'Implement Controller: VisualIvrController'. 1. Follow Hexagonal Architecture (Domain -> Ports -> Adapters). 2. Use NestJS/React best practices. 3. Ensure all code is strictly typed. 4. NO MOCKS: Use real DB/API connections unless it's a unit test. 5. Update Swagger/Storybook documentation.
Unit Tests: VisualIvrService,Task,Psitrix Psynq,Feature: VisualIvr Module,Normal,New,2026-06-17,2026-06-19,Developer,4h,"Backend,Testing",v1.0.0-MVP,3,Low,Specs defined,Code implemented & tested,Tests passing; No mocks,Functional requirement met,,Revert commit,"**File:** `packages/backend/src/modules/ivr/visualivr.service.spec.ts`
**Requirements:**
- 100% coverage for service methods
- Test success and error cases
- Mock repository only (unit test)",0,QA Engineer,"Act as a Senior QA Engineer. Your goal is to verify the implementation of 'Unit Tests: VisualIvrService'. 1. Review the code in the specified file paths. 2. Execute existing tests and write new ones for edge cases (nulls, timeouts, high load). 3. Ensure 100% coverage. 4. Report any regressions or performance bottlenecks."
Integration Tests: VisualIvr,Task,Psitrix Psynq,Feature: VisualIvr Module,Normal,New,2026-06-18,2026-06-20,Developer,4h,"Backend,Testing",v1.0.0-MVP,3,Low,Specs defined,Code implemented & tested,Tests passing; No mocks,Functional requirement met,,Revert commit,"**File:** `test/visualivr.integration-spec.ts`
**Requirements:**
- Test database interactions
- Test service integration
- Test event emission",0,QA Engineer,"Act as a Senior QA Engineer. Your goal is to verify the implementation of 'Integration Tests: VisualIvr'. 1. Review the code in the specified file paths. 2. Execute existing tests and write new ones for edge cases (nulls, timeouts, high load). 3. Ensure 100% coverage. 4. Report any regressions or performance bottlenecks."
Swagger Docs: VisualIvr,Task,Psitrix Psynq,Feature: VisualIvr Module,Low,New,2026-06-15,2026-06-16,Developer,4h,"Backend,Docs",v1.0.0-MVP,3,Low,Specs defined,Code implemented & tested,Tests passing; No mocks,Functional requirement met,,Revert commit,"**File:** `packages/backend/src/modules/ivr/visualivr.controller.ts`
**Requirements:**
- Add @ApiOperation
- Add @ApiResponse
- Add @ApiProperty to DTOs",0,Developer,Act as a Senior Full-Stack Developer. Your goal is to implement 'Swagger Docs: VisualIvr'. 1. Follow Hexagonal Architecture (Domain -> Ports -> Adapters). 2. Use NestJS/React best practices. 3. Ensure all code is strictly typed. 4. NO MOCKS: Use real DB/API connections unless it's a unit test. 5. Update Swagger/Storybook documentation.
DB Migration: VisualIvr,Task,Psitrix Psynq,Feature: VisualIvr Module,High,New,2026-06-14,2026-06-15,Developer,4h,"Backend,Database",v1.0.0-MVP,3,Low,Specs defined,Code implemented & tested,Tests passing; No mocks,Functional requirement met,,Revert commit,"**File:** `packages/backend/src/migrations/CreateVisualIvrTable.ts`
**Requirements:**
- Up method (create table)
- Down method (drop table)
- Indexes and constraints",0,Developer,Act as a Senior Full-Stack Developer. Your goal is to implement 'DB Migration: VisualIvr'. 1. Follow Hexagonal Architecture (Domain -> Ports -> Adapters). 2. Use NestJS/React best practices. 3. Ensure all code is strictly typed. 4. NO MOCKS: Use real DB/API connections unless it's a unit test. 5. Update Swagger/Storybook documentation.
Seed Data: VisualIvr,Task,Psitrix Psynq,Feature: VisualIvr Module,Low,New,2026-06-16,2026-06-17,Developer,4h,"Backend,Database",v1.0.0-MVP,3,Low,Specs defined,Code implemented & tested,Tests passing; No mocks,Functional requirement met,,Revert commit,"**File:** `packages/backend/src/seeds/visualivr.seed.ts`
**Requirements:**
- Create default/test data
- Handle relationships",0,Developer,Act as a Senior Full-Stack Developer. Your goal is to implement 'Seed Data: VisualIvr'. 1. Follow Hexagonal Architecture (Domain -> Ports -> Adapters). 2. Use NestJS/React best practices. 3. Ensure all code is strictly typed. 4. NO MOCKS: Use real DB/API connections unless it's a unit test. 5. Update Swagger/Storybook documentation.
Feature: AgentAssist Module,Feature,Psitrix Psynq,Epic: Backend Modules Implementation,Normal,New,2026-06-14,2026-06-24,Developer,,,v1.0.0-MVP,,Low,Specs defined,Code implemented & tested,Tests passing; No mocks,Functional requirement met,,Revert commit,AgentAssist Implementation,0,Product Owner / Architect,"Act as a Solution Architect. Define the technical specifications and sub-tasks for 'Feature: AgentAssist Module'. Ensure alignment with the CCaaS platform goals (reliability, scalability, low latency)."
Define Entity: AgentAssist,Task,Psitrix Psynq,Feature: AgentAssist Module,High,New,2026-06-14,2026-06-16,Developer,4h,"Backend,Database",v1.0.0-MVP,3,Low,Specs defined,Code implemented & tested,Tests passing; No mocks,Functional requirement met,,Revert commit,"**File:** `packages/backend/src/modules/ai/entities/agentassist.entity.ts`
**Class:** `AgentAssist`
**Type:** TypeORM Entity
**Requirements:**
- Define columns with exact types (varchar, int, jsonb)
- Define relationships (OneToMany, ManyToOne)
- Add indexes for performance
- NO MOCKS: Use real DB connection",0,Developer,Act as a Senior Full-Stack Developer. Your goal is to implement 'Define Entity: AgentAssist'. 1. Follow Hexagonal Architecture (Domain -> Ports -> Adapters). 2. Use NestJS/React best practices. 3. Ensure all code is strictly typed. 4. NO MOCKS: Use real DB/API connections unless it's a unit test. 5. Update Swagger/Storybook documentation.
Create DTOs: AgentAssist,Task,Psitrix Psynq,Feature: AgentAssist Module,Normal,New,2026-06-14,2026-06-15,Developer,4h,"Backend,API",v1.0.0-MVP,3,Low,Specs defined,Code implemented & tested,Tests passing; No mocks,Functional requirement met,,Revert commit,"**File:** `packages/backend/src/modules/ai/dto/create-agentassist.dto.ts`
**File:** `packages/backend/src/modules/ai/dto/update-agentassist.dto.ts`
**Requirements:**
- Use class-validator decorators (@IsString, @IsInt)
- Use class-transformer
- Strict typing",0,Developer,Act as a Senior Full-Stack Developer. Your goal is to implement 'Create DTOs: AgentAssist'. 1. Follow Hexagonal Architecture (Domain -> Ports -> Adapters). 2. Use NestJS/React best practices. 3. Ensure all code is strictly typed. 4. NO MOCKS: Use real DB/API connections unless it's a unit test. 5. Update Swagger/Storybook documentation.
Implement Service: AgentAssistService,Task,Psitrix Psynq,Feature: AgentAssist Module,High,New,2026-06-15,2026-06-18,Developer,4h,Backend,v1.0.0-MVP,3,Low,Specs defined,Code implemented & tested,Tests passing; No mocks,Functional requirement met,,Revert commit,"**File:** `packages/backend/src/modules/ai/agentassist.service.ts`
**Class:** `AgentAssistService`
**Methods:**
- `create(dto)`
- `findAll(query)`
- `findOne(id)`
- `update(id, dto)`
- `remove(id)`
**Logic:** Business logic implementation. NO STUBS.",0,Developer,Act as a Senior Full-Stack Developer. Your goal is to implement 'Implement Service: AgentAssistService'. 1. Follow Hexagonal Architecture (Domain -> Ports -> Adapters). 2. Use NestJS/React best practices. 3. Ensure all code is strictly typed. 4. NO MOCKS: Use real DB/API connections unless it's a unit test. 5. Update Swagger/Storybook documentation.
Implement Controller: AgentAssistController,Task,Psitrix Psynq,Feature: AgentAssist Module,High,New,2026-06-16,2026-06-18,Developer,4h,"Backend,API",v1.0.0-MVP,3,Low,Specs defined,Code implemented & tested,Tests passing; No mocks,Functional requirement met,,Revert commit,"**File:** `packages/backend/src/modules/ai/agentassist.controller.ts`
**Class:** `AgentAssistController`
**Endpoints:**
- `POST /api/v1/agentassists`
- `GET /api/v1/agentassists`
- `GET /api/v1/agentassists/:id`
- `PATCH /api/v1/agentassists/:id`
- `DELETE /api/v1/agentassists/:id`
**Requirements:** Swagger docs (@ApiTags), Auth guards",0,Developer,Act as a Senior Full-Stack Developer. Your goal is to implement 'Implement Controller: AgentAssistController'. 1. Follow Hexagonal Architecture (Domain -> Ports -> Adapters). 2. Use NestJS/React best practices. 3. Ensure all code is strictly typed. 4. NO MOCKS: Use real DB/API connections unless it's a unit test. 5. Update Swagger/Storybook documentation.
Unit Tests: AgentAssistService,Task,Psitrix Psynq,Feature: AgentAssist Module,Normal,New,2026-06-17,2026-06-19,Developer,4h,"Backend,Testing",v1.0.0-MVP,3,Low,Specs defined,Code implemented & tested,Tests passing; No mocks,Functional requirement met,,Revert commit,"**File:** `packages/backend/src/modules/ai/agentassist.service.spec.ts`
**Requirements:**
- 100% coverage for service methods
- Test success and error cases
- Mock repository only (unit test)",0,QA Engineer,"Act as a Senior QA Engineer. Your goal is to verify the implementation of 'Unit Tests: AgentAssistService'. 1. Review the code in the specified file paths. 2. Execute existing tests and write new ones for edge cases (nulls, timeouts, high load). 3. Ensure 100% coverage. 4. Report any regressions or performance bottlenecks."
Integration Tests: AgentAssist,Task,Psitrix Psynq,Feature: AgentAssist Module,Normal,New,2026-06-18,2026-06-20,Developer,4h,"Backend,Testing",v1.0.0-MVP,3,Low,Specs defined,Code implemented & tested,Tests passing; No mocks,Functional requirement met,,Revert commit,"**File:** `test/agentassist.integration-spec.ts`
**Requirements:**
- Test database interactions
- Test service integration
- Test event emission",0,QA Engineer,"Act as a Senior QA Engineer. Your goal is to verify the implementation of 'Integration Tests: AgentAssist'. 1. Review the code in the specified file paths. 2. Execute existing tests and write new ones for edge cases (nulls, timeouts, high load). 3. Ensure 100% coverage. 4. Report any regressions or performance bottlenecks."
Swagger Docs: AgentAssist,Task,Psitrix Psynq,Feature: AgentAssist Module,Low,New,2026-06-15,2026-06-16,Developer,4h,"Backend,Docs",v1.0.0-MVP,3,Low,Specs defined,Code implemented & tested,Tests passing; No mocks,Functional requirement met,,Revert commit,"**File:** `packages/backend/src/modules/ai/agentassist.controller.ts`
**Requirements:**
- Add @ApiOperation
- Add @ApiResponse
- Add @ApiProperty to DTOs",0,Developer,Act as a Senior Full-Stack Developer. Your goal is to implement 'Swagger Docs: AgentAssist'. 1. Follow Hexagonal Architecture (Domain -> Ports -> Adapters). 2. Use NestJS/React best practices. 3. Ensure all code is strictly typed. 4. NO MOCKS: Use real DB/API connections unless it's a unit test. 5. Update Swagger/Storybook documentation.
DB Migration: AgentAssist,Task,Psitrix Psynq,Feature: AgentAssist Module,High,New,2026-06-14,2026-06-15,Developer,4h,"Backend,Database",v1.0.0-MVP,3,Low,Specs defined,Code implemented & tested,Tests passing; No mocks,Functional requirement met,,Revert commit,"**File:** `packages/backend/src/migrations/CreateAgentAssistTable.ts`
**Requirements:**
- Up method (create table)
- Down method (drop table)
- Indexes and constraints",0,Developer,Act as a Senior Full-Stack Developer. Your goal is to implement 'DB Migration: AgentAssist'. 1. Follow Hexagonal Architecture (Domain -> Ports -> Adapters). 2. Use NestJS/React best practices. 3. Ensure all code is strictly typed. 4. NO MOCKS: Use real DB/API connections unless it's a unit test. 5. Update Swagger/Storybook documentation.
Seed Data: AgentAssist,Task,Psitrix Psynq,Feature: AgentAssist Module,Low,New,2026-06-16,2026-06-17,Developer,4h,"Backend,Database",v1.0.0-MVP,3,Low,Specs defined,Code implemented & tested,Tests passing; No mocks,Functional requirement met,,Revert commit,"**File:** `packages/backend/src/seeds/agentassist.seed.ts`
**Requirements:**
- Create default/test data
- Handle relationships",0,Developer,Act as a Senior Full-Stack Developer. Your goal is to implement 'Seed Data: AgentAssist'. 1. Follow Hexagonal Architecture (Domain -> Ports -> Adapters). 2. Use NestJS/React best practices. 3. Ensure all code is strictly typed. 4. NO MOCKS: Use real DB/API connections unless it's a unit test. 5. Update Swagger/Storybook documentation.
Feature: Voicebots Module,Feature,Psitrix Psynq,Epic: Backend Modules Implementation,Normal,New,2026-06-14,2026-06-24,Developer,,,v1.0.0-MVP,,Low,Specs defined,Code implemented & tested,Tests passing; No mocks,Functional requirement met,,Revert commit,Voicebots Implementation,0,Product Owner / Architect,"Act as a Solution Architect. Define the technical specifications and sub-tasks for 'Feature: Voicebots Module'. Ensure alignment with the CCaaS platform goals (reliability, scalability, low latency)."
Define Entity: Voicebot,Task,Psitrix Psynq,Feature: Voicebots Module,High,New,2026-06-14,2026-06-16,Developer,4h,"Backend,Database",v1.0.0-MVP,3,Low,Specs defined,Code implemented & tested,Tests passing; No mocks,Functional requirement met,,Revert commit,"**File:** `packages/backend/src/modules/ai/entities/voicebot.entity.ts`
**Class:** `Voicebot`
**Type:** TypeORM Entity
**Requirements:**
- Define columns with exact types (varchar, int, jsonb)
- Define relationships (OneToMany, ManyToOne)
- Add indexes for performance
- NO MOCKS: Use real DB connection",0,Developer,Act as a Senior Full-Stack Developer. Your goal is to implement 'Define Entity: Voicebot'. 1. Follow Hexagonal Architecture (Domain -> Ports -> Adapters). 2. Use NestJS/React best practices. 3. Ensure all code is strictly typed. 4. NO MOCKS: Use real DB/API connections unless it's a unit test. 5. Update Swagger/Storybook documentation.
Create DTOs: Voicebot,Task,Psitrix Psynq,Feature: Voicebots Module,Normal,New,2026-06-14,2026-06-15,Developer,4h,"Backend,API",v1.0.0-MVP,3,Low,Specs defined,Code implemented & tested,Tests passing; No mocks,Functional requirement met,,Revert commit,"**File:** `packages/backend/src/modules/ai/dto/create-voicebot.dto.ts`
**File:** `packages/backend/src/modules/ai/dto/update-voicebot.dto.ts`
**Requirements:**
- Use class-validator decorators (@IsString, @IsInt)
- Use class-transformer
- Strict typing",0,Developer,Act as a Senior Full-Stack Developer. Your goal is to implement 'Create DTOs: Voicebot'. 1. Follow Hexagonal Architecture (Domain -> Ports -> Adapters). 2. Use NestJS/React best practices. 3. Ensure all code is strictly typed. 4. NO MOCKS: Use real DB/API connections unless it's a unit test. 5. Update Swagger/Storybook documentation.
Implement Service: VoicebotService,Task,Psitrix Psynq,Feature: Voicebots Module,High,New,2026-06-15,2026-06-18,Developer,4h,Backend,v1.0.0-MVP,3,Low,Specs defined,Code implemented & tested,Tests passing; No mocks,Functional requirement met,,Revert commit,"**File:** `packages/backend/src/modules/ai/voicebot.service.ts`
**Class:** `VoicebotService`
**Methods:**
- `create(dto)`
- `findAll(query)`
- `findOne(id)`
- `update(id, dto)`
- `remove(id)`
**Logic:** Business logic implementation. NO STUBS.",0,Developer,Act as a Senior Full-Stack Developer. Your goal is to implement 'Implement Service: VoicebotService'. 1. Follow Hexagonal Architecture (Domain -> Ports -> Adapters). 2. Use NestJS/React best practices. 3. Ensure all code is strictly typed. 4. NO MOCKS: Use real DB/API connections unless it's a unit test. 5. Update Swagger/Storybook documentation.
Implement Controller: VoicebotController,Task,Psitrix Psynq,Feature: Voicebots Module,High,New,2026-06-16,2026-06-18,Developer,4h,"Backend,API",v1.0.0-MVP,3,Low,Specs defined,Code implemented & tested,Tests passing; No mocks,Functional requirement met,,Revert commit,"**File:** `packages/backend/src/modules/ai/voicebot.controller.ts`
**Class:** `VoicebotController`
**Endpoints:**
- `POST /api/v1/voicebots`
- `GET /api/v1/voicebots`
- `GET /api/v1/voicebots/:id`
- `PATCH /api/v1/voicebots/:id`
- `DELETE /api/v1/voicebots/:id`
**Requirements:** Swagger docs (@ApiTags), Auth guards",0,Developer,Act as a Senior Full-Stack Developer. Your goal is to implement 'Implement Controller: VoicebotController'. 1. Follow Hexagonal Architecture (Domain -> Ports -> Adapters). 2. Use NestJS/React best practices. 3. Ensure all code is strictly typed. 4. NO MOCKS: Use real DB/API connections unless it's a unit test. 5. Update Swagger/Storybook documentation.
Unit Tests: VoicebotService,Task,Psitrix Psynq,Feature: Voicebots Module,Normal,New,2026-06-17,2026-06-19,Developer,4h,"Backend,Testing",v1.0.0-MVP,3,Low,Specs defined,Code implemented & tested,Tests passing; No mocks,Functional requirement met,,Revert commit,"**File:** `packages/backend/src/modules/ai/voicebot.service.spec.ts`
**Requirements:**
- 100% coverage for service methods
- Test success and error cases
- Mock repository only (unit test)",0,QA Engineer,"Act as a Senior QA Engineer. Your goal is to verify the implementation of 'Unit Tests: VoicebotService'. 1. Review the code in the specified file paths. 2. Execute existing tests and write new ones for edge cases (nulls, timeouts, high load). 3. Ensure 100% coverage. 4. Report any regressions or performance bottlenecks."
Integration Tests: Voicebot,Task,Psitrix Psynq,Feature: Voicebots Module,Normal,New,2026-06-18,2026-06-20,Developer,4h,"Backend,Testing",v1.0.0-MVP,3,Low,Specs defined,Code implemented & tested,Tests passing; No mocks,Functional requirement met,,Revert commit,"**File:** `test/voicebot.integration-spec.ts`
**Requirements:**
- Test database interactions
- Test service integration
- Test event emission",0,QA Engineer,"Act as a Senior QA Engineer. Your goal is to verify the implementation of 'Integration Tests: Voicebot'. 1. Review the code in the specified file paths. 2. Execute existing tests and write new ones for edge cases (nulls, timeouts, high load). 3. Ensure 100% coverage. 4. Report any regressions or performance bottlenecks."
Swagger Docs: Voicebot,Task,Psitrix Psynq,Feature: Voicebots Module,Low,New,2026-06-15,2026-06-16,Developer,4h,"Backend,Docs",v1.0.0-MVP,3,Low,Specs defined,Code implemented & tested,Tests passing; No mocks,Functional requirement met,,Revert commit,"**File:** `packages/backend/src/modules/ai/voicebot.controller.ts`
**Requirements:**
- Add @ApiOperation
- Add @ApiResponse
- Add @ApiProperty to DTOs",0,Developer,Act as a Senior Full-Stack Developer. Your goal is to implement 'Swagger Docs: Voicebot'. 1. Follow Hexagonal Architecture (Domain -> Ports -> Adapters). 2. Use NestJS/React best practices. 3. Ensure all code is strictly typed. 4. NO MOCKS: Use real DB/API connections unless it's a unit test. 5. Update Swagger/Storybook documentation.
DB Migration: Voicebot,Task,Psitrix Psynq,Feature: Voicebots Module,High,New,2026-06-14,2026-06-15,Developer,4h,"Backend,Database",v1.0.0-MVP,3,Low,Specs defined,Code implemented & tested,Tests passing; No mocks,Functional requirement met,,Revert commit,"**File:** `packages/backend/src/migrations/CreateVoicebotTable.ts`
**Requirements:**
- Up method (create table)
- Down method (drop table)
- Indexes and constraints",0,Developer,Act as a Senior Full-Stack Developer. Your goal is to implement 'DB Migration: Voicebot'. 1. Follow Hexagonal Architecture (Domain -> Ports -> Adapters). 2. Use NestJS/React best practices. 3. Ensure all code is strictly typed. 4. NO MOCKS: Use real DB/API connections unless it's a unit test. 5. Update Swagger/Storybook documentation.
Seed Data: Voicebot,Task,Psitrix Psynq,Feature: Voicebots Module,Low,New,2026-06-16,2026-06-17,Developer,4h,"Backend,Database",v1.0.0-MVP,3,Low,Specs defined,Code implemented & tested,Tests passing; No mocks,Functional requirement met,,Revert commit,"**File:** `packages/backend/src/seeds/voicebot.seed.ts`
**Requirements:**
- Create default/test data
- Handle relationships",0,Developer,Act as a Senior Full-Stack Developer. Your goal is to implement 'Seed Data: Voicebot'. 1. Follow Hexagonal Architecture (Domain -> Ports -> Adapters). 2. Use NestJS/React best practices. 3. Ensure all code is strictly typed. 4. NO MOCKS: Use real DB/API connections unless it's a unit test. 5. Update Swagger/Storybook documentation.
Feature: Chatbots Module,Feature,Psitrix Psynq,Epic: Backend Modules Implementation,Normal,New,2026-06-14,2026-06-24,Developer,,,v1.0.0-MVP,,Low,Specs defined,Code implemented & tested,Tests passing; No mocks,Functional requirement met,,Revert commit,Chatbots Implementation,0,Product Owner / Architect,"Act as a Solution Architect. Define the technical specifications and sub-tasks for 'Feature: Chatbots Module'. Ensure alignment with the CCaaS platform goals (reliability, scalability, low latency)."
Define Entity: Chatbot,Task,Psitrix Psynq,Feature: Chatbots Module,High,New,2026-06-14,2026-06-16,Developer,4h,"Backend,Database",v1.0.0-MVP,3,Low,Specs defined,Code implemented & tested,Tests passing; No mocks,Functional requirement met,,Revert commit,"**File:** `packages/backend/src/modules/ai/entities/chatbot.entity.ts`
**Class:** `Chatbot`
**Type:** TypeORM Entity
**Requirements:**
- Define columns with exact types (varchar, int, jsonb)
- Define relationships (OneToMany, ManyToOne)
- Add indexes for performance
- NO MOCKS: Use real DB connection",0,Developer,Act as a Senior Full-Stack Developer. Your goal is to implement 'Define Entity: Chatbot'. 1. Follow Hexagonal Architecture (Domain -> Ports -> Adapters). 2. Use NestJS/React best practices. 3. Ensure all code is strictly typed. 4. NO MOCKS: Use real DB/API connections unless it's a unit test. 5. Update Swagger/Storybook documentation.
Create DTOs: Chatbot,Task,Psitrix Psynq,Feature: Chatbots Module,Normal,New,2026-06-14,2026-06-15,Developer,4h,"Backend,API",v1.0.0-MVP,3,Low,Specs defined,Code implemented & tested,Tests passing; No mocks,Functional requirement met,,Revert commit,"**File:** `packages/backend/src/modules/ai/dto/create-chatbot.dto.ts`
**File:** `packages/backend/src/modules/ai/dto/update-chatbot.dto.ts`
**Requirements:**
- Use class-validator decorators (@IsString, @IsInt)
- Use class-transformer
- Strict typing",0,Developer,Act as a Senior Full-Stack Developer. Your goal is to implement 'Create DTOs: Chatbot'. 1. Follow Hexagonal Architecture (Domain -> Ports -> Adapters). 2. Use NestJS/React best practices. 3. Ensure all code is strictly typed. 4. NO MOCKS: Use real DB/API connections unless it's a unit test. 5. Update Swagger/Storybook documentation.
Implement Service: ChatbotService,Task,Psitrix Psynq,Feature: Chatbots Module,High,New,2026-06-15,2026-06-18,Developer,4h,Backend,v1.0.0-MVP,3,Low,Specs defined,Code implemented & tested,Tests passing; No mocks,Functional requirement met,,Revert commit,"**File:** `packages/backend/src/modules/ai/chatbot.service.ts`
**Class:** `ChatbotService`
**Methods:**
- `create(dto)`
- `findAll(query)`
- `findOne(id)`
- `update(id, dto)`
- `remove(id)`
**Logic:** Business logic implementation. NO STUBS.",0,Developer,Act as a Senior Full-Stack Developer. Your goal is to implement 'Implement Service: ChatbotService'. 1. Follow Hexagonal Architecture (Domain -> Ports -> Adapters). 2. Use NestJS/React best practices. 3. Ensure all code is strictly typed. 4. NO MOCKS: Use real DB/API connections unless it's a unit test. 5. Update Swagger/Storybook documentation.
Implement Controller: ChatbotController,Task,Psitrix Psynq,Feature: Chatbots Module,High,New,2026-06-16,2026-06-18,Developer,4h,"Backend,API",v1.0.0-MVP,3,Low,Specs defined,Code implemented & tested,Tests passing; No mocks,Functional requirement met,,Revert commit,"**File:** `packages/backend/src/modules/ai/chatbot.controller.ts`
**Class:** `ChatbotController`
**Endpoints:**
- `POST /api/v1/chatbots`
- `GET /api/v1/chatbots`
- `GET /api/v1/chatbots/:id`
- `PATCH /api/v1/chatbots/:id`
- `DELETE /api/v1/chatbots/:id`
**Requirements:** Swagger docs (@ApiTags), Auth guards",0,Developer,Act as a Senior Full-Stack Developer. Your goal is to implement 'Implement Controller: ChatbotController'. 1. Follow Hexagonal Architecture (Domain -> Ports -> Adapters). 2. Use NestJS/React best practices. 3. Ensure all code is strictly typed. 4. NO MOCKS: Use real DB/API connections unless it's a unit test. 5. Update Swagger/Storybook documentation.
Unit Tests: ChatbotService,Task,Psitrix Psynq,Feature: Chatbots Module,Normal,New,2026-06-17,2026-06-19,Developer,4h,"Backend,Testing",v1.0.0-MVP,3,Low,Specs defined,Code implemented & tested,Tests passing; No mocks,Functional requirement met,,Revert commit,"**File:** `packages/backend/src/modules/ai/chatbot.service.spec.ts`
**Requirements:**
- 100% coverage for service methods
- Test success and error cases
- Mock repository only (unit test)",0,QA Engineer,"Act as a Senior QA Engineer. Your goal is to verify the implementation of 'Unit Tests: ChatbotService'. 1. Review the code in the specified file paths. 2. Execute existing tests and write new ones for edge cases (nulls, timeouts, high load). 3. Ensure 100% coverage. 4. Report any regressions or performance bottlenecks."
Integration Tests: Chatbot,Task,Psitrix Psynq,Feature: Chatbots Module,Normal,New,2026-06-18,2026-06-20,Developer,4h,"Backend,Testing",v1.0.0-MVP,3,Low,Specs defined,Code implemented & tested,Tests passing; No mocks,Functional requirement met,,Revert commit,"**File:** `test/chatbot.integration-spec.ts`
**Requirements:**
- Test database interactions
- Test service integration
- Test event emission",0,QA Engineer,"Act as a Senior QA Engineer. Your goal is to verify the implementation of 'Integration Tests: Chatbot'. 1. Review the code in the specified file paths. 2. Execute existing tests and write new ones for edge cases (nulls, timeouts, high load). 3. Ensure 100% coverage. 4. Report any regressions or performance bottlenecks."
Swagger Docs: Chatbot,Task,Psitrix Psynq,Feature: Chatbots Module,Low,New,2026-06-15,2026-06-16,Developer,4h,"Backend,Docs",v1.0.0-MVP,3,Low,Specs defined,Code implemented & tested,Tests passing; No mocks,Functional requirement met,,Revert commit,"**File:** `packages/backend/src/modules/ai/chatbot.controller.ts`
**Requirements:**
- Add @ApiOperation
- Add @ApiResponse
- Add @ApiProperty to DTOs",0,Developer,Act as a Senior Full-Stack Developer. Your goal is to implement 'Swagger Docs: Chatbot'. 1. Follow Hexagonal Architecture (Domain -> Ports -> Adapters). 2. Use NestJS/React best practices. 3. Ensure all code is strictly typed. 4. NO MOCKS: Use real DB/API connections unless it's a unit test. 5. Update Swagger/Storybook documentation.
DB Migration: Chatbot,Task,Psitrix Psynq,Feature: Chatbots Module,High,New,2026-06-14,2026-06-15,Developer,4h,"Backend,Database",v1.0.0-MVP,3,Low,Specs defined,Code implemented & tested,Tests passing; No mocks,Functional requirement met,,Revert commit,"**File:** `packages/backend/src/migrations/CreateChatbotTable.ts`
**Requirements:**
- Up method (create table)
- Down method (drop table)
- Indexes and constraints",0,Developer,Act as a Senior Full-Stack Developer. Your goal is to implement 'DB Migration: Chatbot'. 1. Follow Hexagonal Architecture (Domain -> Ports -> Adapters). 2. Use NestJS/React best practices. 3. Ensure all code is strictly typed. 4. NO MOCKS: Use real DB/API connections unless it's a unit test. 5. Update Swagger/Storybook documentation.
Seed Data: Chatbot,Task,Psitrix Psynq,Feature: Chatbots Module,Low,New,2026-06-16,2026-06-17,Developer,4h,"Backend,Database",v1.0.0-MVP,3,Low,Specs defined,Code implemented & tested,Tests passing; No mocks,Functional requirement met,,Revert commit,"**File:** `packages/backend/src/seeds/chatbot.seed.ts`
**Requirements:**
- Create default/test data
- Handle relationships",0,Developer,Act as a Senior Full-Stack Developer. Your goal is to implement 'Seed Data: Chatbot'. 1. Follow Hexagonal Architecture (Domain -> Ports -> Adapters). 2. Use NestJS/React best practices. 3. Ensure all code is strictly typed. 4. NO MOCKS: Use real DB/API connections unless it's a unit test. 5. Update Swagger/Storybook documentation.
Feature: ScreenRecording Module,Feature,Psitrix Psynq,Epic: Backend Modules Implementation,Normal,New,2026-06-14,2026-06-24,Developer,,,v1.0.0-MVP,,Low,Specs defined,Code implemented & tested,Tests passing; No mocks,Functional requirement met,,Revert commit,ScreenRecording Implementation,0,Product Owner / Architect,"Act as a Solution Architect. Define the technical specifications and sub-tasks for 'Feature: ScreenRecording Module'. Ensure alignment with the CCaaS platform goals (reliability, scalability, low latency)."
Define Entity: ScreenRecording,Task,Psitrix Psynq,Feature: ScreenRecording Module,High,New,2026-06-14,2026-06-16,Developer,4h,"Backend,Database",v1.0.0-MVP,3,Low,Specs defined,Code implemented & tested,Tests passing; No mocks,Functional requirement met,,Revert commit,"**File:** `packages/backend/src/modules/qm/entities/screenrecording.entity.ts`
**Class:** `ScreenRecording`
**Type:** TypeORM Entity
**Requirements:**
- Define columns with exact types (varchar, int, jsonb)
- Define relationships (OneToMany, ManyToOne)
- Add indexes for performance
- NO MOCKS: Use real DB connection",0,Developer,Act as a Senior Full-Stack Developer. Your goal is to implement 'Define Entity: ScreenRecording'. 1. Follow Hexagonal Architecture (Domain -> Ports -> Adapters). 2. Use NestJS/React best practices. 3. Ensure all code is strictly typed. 4. NO MOCKS: Use real DB/API connections unless it's a unit test. 5. Update Swagger/Storybook documentation.
Create DTOs: ScreenRecording,Task,Psitrix Psynq,Feature: ScreenRecording Module,Normal,New,2026-06-14,2026-06-15,Developer,4h,"Backend,API",v1.0.0-MVP,3,Low,Specs defined,Code implemented & tested,Tests passing; No mocks,Functional requirement met,,Revert commit,"**File:** `packages/backend/src/modules/qm/dto/create-screenrecording.dto.ts`
**File:** `packages/backend/src/modules/qm/dto/update-screenrecording.dto.ts`
**Requirements:**
- Use class-validator decorators (@IsString, @IsInt)
- Use class-transformer
- Strict typing",0,Developer,Act as a Senior Full-Stack Developer. Your goal is to implement 'Create DTOs: ScreenRecording'. 1. Follow Hexagonal Architecture (Domain -> Ports -> Adapters). 2. Use NestJS/React best practices. 3. Ensure all code is strictly typed. 4. NO MOCKS: Use real DB/API connections unless it's a unit test. 5. Update Swagger/Storybook documentation.
Implement Service: ScreenRecordingService,Task,Psitrix Psynq,Feature: ScreenRecording Module,High,New,2026-06-15,2026-06-18,Developer,4h,Backend,v1.0.0-MVP,3,Low,Specs defined,Code implemented & tested,Tests passing; No mocks,Functional requirement met,,Revert commit,"**File:** `packages/backend/src/modules/qm/screenrecording.service.ts`
**Class:** `ScreenRecordingService`
**Methods:**
- `create(dto)`
- `findAll(query)`
- `findOne(id)`
- `update(id, dto)`
- `remove(id)`
**Logic:** Business logic implementation. NO STUBS.",0,Developer,Act as a Senior Full-Stack Developer. Your goal is to implement 'Implement Service: ScreenRecordingService'. 1. Follow Hexagonal Architecture (Domain -> Ports -> Adapters). 2. Use NestJS/React best practices. 3. Ensure all code is strictly typed. 4. NO MOCKS: Use real DB/API connections unless it's a unit test. 5. Update Swagger/Storybook documentation.
Implement Controller: ScreenRecordingController,Task,Psitrix Psynq,Feature: ScreenRecording Module,High,New,2026-06-16,2026-06-18,Developer,4h,"Backend,API",v1.0.0-MVP,3,Low,Specs defined,Code implemented & tested,Tests passing; No mocks,Functional requirement met,,Revert commit,"**File:** `packages/backend/src/modules/qm/screenrecording.controller.ts`
**Class:** `ScreenRecordingController`
**Endpoints:**
- `POST /api/v1/screenrecordings`
- `GET /api/v1/screenrecordings`
- `GET /api/v1/screenrecordings/:id`
- `PATCH /api/v1/screenrecordings/:id`
- `DELETE /api/v1/screenrecordings/:id`
**Requirements:** Swagger docs (@ApiTags), Auth guards",0,Developer,Act as a Senior Full-Stack Developer. Your goal is to implement 'Implement Controller: ScreenRecordingController'. 1. Follow Hexagonal Architecture (Domain -> Ports -> Adapters). 2. Use NestJS/React best practices. 3. Ensure all code is strictly typed. 4. NO MOCKS: Use real DB/API connections unless it's a unit test. 5. Update Swagger/Storybook documentation.
Unit Tests: ScreenRecordingService,Task,Psitrix Psynq,Feature: ScreenRecording Module,Normal,New,2026-06-17,2026-06-19,Developer,4h,"Backend,Testing",v1.0.0-MVP,3,Low,Specs defined,Code implemented & tested,Tests passing; No mocks,Functional requirement met,,Revert commit,"**File:** `packages/backend/src/modules/qm/screenrecording.service.spec.ts`
**Requirements:**
- 100% coverage for service methods
- Test success and error cases
- Mock repository only (unit test)",0,QA Engineer,"Act as a Senior QA Engineer. Your goal is to verify the implementation of 'Unit Tests: ScreenRecordingService'. 1. Review the code in the specified file paths. 2. Execute existing tests and write new ones for edge cases (nulls, timeouts, high load). 3. Ensure 100% coverage. 4. Report any regressions or performance bottlenecks."
Integration Tests: ScreenRecording,Task,Psitrix Psynq,Feature: ScreenRecording Module,Normal,New,2026-06-18,2026-06-20,Developer,4h,"Backend,Testing",v1.0.0-MVP,3,Low,Specs defined,Code implemented & tested,Tests passing; No mocks,Functional requirement met,,Revert commit,"**File:** `test/screenrecording.integration-spec.ts`
**Requirements:**
- Test database interactions
- Test service integration
- Test event emission",0,QA Engineer,"Act as a Senior QA Engineer. Your goal is to verify the implementation of 'Integration Tests: ScreenRecording'. 1. Review the code in the specified file paths. 2. Execute existing tests and write new ones for edge cases (nulls, timeouts, high load). 3. Ensure 100% coverage. 4. Report any regressions or performance bottlenecks."
Swagger Docs: ScreenRecording,Task,Psitrix Psynq,Feature: ScreenRecording Module,Low,New,2026-06-15,2026-06-16,Developer,4h,"Backend,Docs",v1.0.0-MVP,3,Low,Specs defined,Code implemented & tested,Tests passing; No mocks,Functional requirement met,,Revert commit,"**File:** `packages/backend/src/modules/qm/screenrecording.controller.ts`
**Requirements:**
- Add @ApiOperation
- Add @ApiResponse
- Add @ApiProperty to DTOs",0,Developer,Act as a Senior Full-Stack Developer. Your goal is to implement 'Swagger Docs: ScreenRecording'. 1. Follow Hexagonal Architecture (Domain -> Ports -> Adapters). 2. Use NestJS/React best practices. 3. Ensure all code is strictly typed. 4. NO MOCKS: Use real DB/API connections unless it's a unit test. 5. Update Swagger/Storybook documentation.
DB Migration: ScreenRecording,Task,Psitrix Psynq,Feature: ScreenRecording Module,High,New,2026-06-14,2026-06-15,Developer,4h,"Backend,Database",v1.0.0-MVP,3,Low,Specs defined,Code implemented & tested,Tests passing; No mocks,Functional requirement met,,Revert commit,"**File:** `packages/backend/src/migrations/CreateScreenRecordingTable.ts`
**Requirements:**
- Up method (create table)
- Down method (drop table)
- Indexes and constraints",0,Developer,Act as a Senior Full-Stack Developer. Your goal is to implement 'DB Migration: ScreenRecording'. 1. Follow Hexagonal Architecture (Domain -> Ports -> Adapters). 2. Use NestJS/React best practices. 3. Ensure all code is strictly typed. 4. NO MOCKS: Use real DB/API connections unless it's a unit test. 5. Update Swagger/Storybook documentation.
Seed Data: ScreenRecording,Task,Psitrix Psynq,Feature: ScreenRecording Module,Low,New,2026-06-16,2026-06-17,Developer,4h,"Backend,Database",v1.0.0-MVP,3,Low,Specs defined,Code implemented & tested,Tests passing; No mocks,Functional requirement met,,Revert commit,"**File:** `packages/backend/src/seeds/screenrecording.seed.ts`
**Requirements:**
- Create default/test data
- Handle relationships",0,Developer,Act as a Senior Full-Stack Developer. Your goal is to implement 'Seed Data: ScreenRecording'. 1. Follow Hexagonal Architecture (Domain -> Ports -> Adapters). 2. Use NestJS/React best practices. 3. Ensure all code is strictly typed. 4. NO MOCKS: Use real DB/API connections unless it's a unit test. 5. Update Swagger/Storybook documentation.
Feature: ShiftBidding Module,Feature,Psitrix Psynq,Epic: Backend Modules Implementation,Normal,New,2026-06-14,2026-06-24,Developer,,,v1.0.0-MVP,,Low,Specs defined,Code implemented & tested,Tests passing; No mocks,Functional requirement met,,Revert commit,ShiftBidding Implementation,0,Product Owner / Architect,"Act as a Solution Architect. Define the technical specifications and sub-tasks for 'Feature: ShiftBidding Module'. Ensure alignment with the CCaaS platform goals (reliability, scalability, low latency)."
Define Entity: ShiftBid,Task,Psitrix Psynq,Feature: ShiftBidding Module,High,New,2026-06-14,2026-06-16,Developer,4h,"Backend,Database",v1.0.0-MVP,3,Low,Specs defined,Code implemented & tested,Tests passing; No mocks,Functional requirement met,,Revert commit,"**File:** `packages/backend/src/modules/wfm/entities/shiftbid.entity.ts`
**Class:** `ShiftBid`
**Type:** TypeORM Entity
**Requirements:**
- Define columns with exact types (varchar, int, jsonb)
- Define relationships (OneToMany, ManyToOne)
- Add indexes for performance
- NO MOCKS: Use real DB connection",0,Developer,Act as a Senior Full-Stack Developer. Your goal is to implement 'Define Entity: ShiftBid'. 1. Follow Hexagonal Architecture (Domain -> Ports -> Adapters). 2. Use NestJS/React best practices. 3. Ensure all code is strictly typed. 4. NO MOCKS: Use real DB/API connections unless it's a unit test. 5. Update Swagger/Storybook documentation.
Create DTOs: ShiftBid,Task,Psitrix Psynq,Feature: ShiftBidding Module,Normal,New,2026-06-14,2026-06-15,Developer,4h,"Backend,API",v1.0.0-MVP,3,Low,Specs defined,Code implemented & tested,Tests passing; No mocks,Functional requirement met,,Revert commit,"**File:** `packages/backend/src/modules/wfm/dto/create-shiftbid.dto.ts`
**File:** `packages/backend/src/modules/wfm/dto/update-shiftbid.dto.ts`
**Requirements:**
- Use class-validator decorators (@IsString, @IsInt)
- Use class-transformer
- Strict typing",0,Developer,Act as a Senior Full-Stack Developer. Your goal is to implement 'Create DTOs: ShiftBid'. 1. Follow Hexagonal Architecture (Domain -> Ports -> Adapters). 2. Use NestJS/React best practices. 3. Ensure all code is strictly typed. 4. NO MOCKS: Use real DB/API connections unless it's a unit test. 5. Update Swagger/Storybook documentation.
Implement Service: ShiftBidService,Task,Psitrix Psynq,Feature: ShiftBidding Module,High,New,2026-06-15,2026-06-18,Developer,4h,Backend,v1.0.0-MVP,3,Low,Specs defined,Code implemented & tested,Tests passing; No mocks,Functional requirement met,,Revert commit,"**File:** `packages/backend/src/modules/wfm/shiftbid.service.ts`
**Class:** `ShiftBidService`
**Methods:**
- `create(dto)`
- `findAll(query)`
- `findOne(id)`
- `update(id, dto)`
- `remove(id)`
**Logic:** Business logic implementation. NO STUBS.",0,Developer,Act as a Senior Full-Stack Developer. Your goal is to implement 'Implement Service: ShiftBidService'. 1. Follow Hexagonal Architecture (Domain -> Ports -> Adapters). 2. Use NestJS/React best practices. 3. Ensure all code is strictly typed. 4. NO MOCKS: Use real DB/API connections unless it's a unit test. 5. Update Swagger/Storybook documentation.
Implement Controller: ShiftBidController,Task,Psitrix Psynq,Feature: ShiftBidding Module,High,New,2026-06-16,2026-06-18,Developer,4h,"Backend,API",v1.0.0-MVP,3,Low,Specs defined,Code implemented & tested,Tests passing; No mocks,Functional requirement met,,Revert commit,"**File:** `packages/backend/src/modules/wfm/shiftbid.controller.ts`
**Class:** `ShiftBidController`
**Endpoints:**
- `POST /api/v1/shiftbids`
- `GET /api/v1/shiftbids`
- `GET /api/v1/shiftbids/:id`
- `PATCH /api/v1/shiftbids/:id`
- `DELETE /api/v1/shiftbids/:id`
**Requirements:** Swagger docs (@ApiTags), Auth guards",0,Developer,Act as a Senior Full-Stack Developer. Your goal is to implement 'Implement Controller: ShiftBidController'. 1. Follow Hexagonal Architecture (Domain -> Ports -> Adapters). 2. Use NestJS/React best practices. 3. Ensure all code is strictly typed. 4. NO MOCKS: Use real DB/API connections unless it's a unit test. 5. Update Swagger/Storybook documentation.
Unit Tests: ShiftBidService,Task,Psitrix Psynq,Feature: ShiftBidding Module,Normal,New,2026-06-17,2026-06-19,Developer,4h,"Backend,Testing",v1.0.0-MVP,3,Low,Specs defined,Code implemented & tested,Tests passing; No mocks,Functional requirement met,,Revert commit,"**File:** `packages/backend/src/modules/wfm/shiftbid.service.spec.ts`
**Requirements:**
- 100% coverage for service methods
- Test success and error cases
- Mock repository only (unit test)",0,QA Engineer,"Act as a Senior QA Engineer. Your goal is to verify the implementation of 'Unit Tests: ShiftBidService'. 1. Review the code in the specified file paths. 2. Execute existing tests and write new ones for edge cases (nulls, timeouts, high load). 3. Ensure 100% coverage. 4. Report any regressions or performance bottlenecks."
Integration Tests: ShiftBid,Task,Psitrix Psynq,Feature: ShiftBidding Module,Normal,New,2026-06-18,2026-06-20,Developer,4h,"Backend,Testing",v1.0.0-MVP,3,Low,Specs defined,Code implemented & tested,Tests passing; No mocks,Functional requirement met,,Revert commit,"**File:** `test/shiftbid.integration-spec.ts`
**Requirements:**
- Test database interactions
- Test service integration
- Test event emission",0,QA Engineer,"Act as a Senior QA Engineer. Your goal is to verify the implementation of 'Integration Tests: ShiftBid'. 1. Review the code in the specified file paths. 2. Execute existing tests and write new ones for edge cases (nulls, timeouts, high load). 3. Ensure 100% coverage. 4. Report any regressions or performance bottlenecks."
Swagger Docs: ShiftBid,Task,Psitrix Psynq,Feature: ShiftBidding Module,Low,New,2026-06-15,2026-06-16,Developer,4h,"Backend,Docs",v1.0.0-MVP,3,Low,Specs defined,Code implemented & tested,Tests passing; No mocks,Functional requirement met,,Revert commit,"**File:** `packages/backend/src/modules/wfm/shiftbid.controller.ts`
**Requirements:**
- Add @ApiOperation
- Add @ApiResponse
- Add @ApiProperty to DTOs",0,Developer,Act as a Senior Full-Stack Developer. Your goal is to implement 'Swagger Docs: ShiftBid'. 1. Follow Hexagonal Architecture (Domain -> Ports -> Adapters). 2. Use NestJS/React best practices. 3. Ensure all code is strictly typed. 4. NO MOCKS: Use real DB/API connections unless it's a unit test. 5. Update Swagger/Storybook documentation.
DB Migration: ShiftBid,Task,Psitrix Psynq,Feature: ShiftBidding Module,High,New,2026-06-14,2026-06-15,Developer,4h,"Backend,Database",v1.0.0-MVP,3,Low,Specs defined,Code implemented & tested,Tests passing; No mocks,Functional requirement met,,Revert commit,"**File:** `packages/backend/src/migrations/CreateShiftBidTable.ts`
**Requirements:**
- Up method (create table)
- Down method (drop table)
- Indexes and constraints",0,Developer,Act as a Senior Full-Stack Developer. Your goal is to implement 'DB Migration: ShiftBid'. 1. Follow Hexagonal Architecture (Domain -> Ports -> Adapters). 2. Use NestJS/React best practices. 3. Ensure all code is strictly typed. 4. NO MOCKS: Use real DB/API connections unless it's a unit test. 5. Update Swagger/Storybook documentation.
Seed Data: ShiftBid,Task,Psitrix Psynq,Feature: ShiftBidding Module,Low,New,2026-06-16,2026-06-17,Developer,4h,"Backend,Database",v1.0.0-MVP,3,Low,Specs defined,Code implemented & tested,Tests passing; No mocks,Functional requirement met,,Revert commit,"**File:** `packages/backend/src/seeds/shiftbid.seed.ts`
**Requirements:**
- Create default/test data
- Handle relationships",0,Developer,Act as a Senior Full-Stack Developer. Your goal is to implement 'Seed Data: ShiftBid'. 1. Follow Hexagonal Architecture (Domain -> Ports -> Adapters). 2. Use NestJS/React best practices. 3. Ensure all code is strictly typed. 4. NO MOCKS: Use real DB/API connections unless it's a unit test. 5. Update Swagger/Storybook documentation.
Feature: HolidayCalendars Module,Feature,Psitrix Psynq,Epic: Backend Modules Implementation,Normal,New,2026-06-14,2026-06-24,Developer,,,v1.0.0-MVP,,Low,Specs defined,Code implemented & tested,Tests passing; No mocks,Functional requirement met,,Revert commit,HolidayCalendars Implementation,0,Product Owner / Architect,"Act as a Solution Architect. Define the technical specifications and sub-tasks for 'Feature: HolidayCalendars Module'. Ensure alignment with the CCaaS platform goals (reliability, scalability, low latency)."
Define Entity: HolidayCalendar,Task,Psitrix Psynq,Feature: HolidayCalendars Module,High,New,2026-06-14,2026-06-16,Developer,4h,"Backend,Database",v1.0.0-MVP,3,Low,Specs defined,Code implemented & tested,Tests passing; No mocks,Functional requirement met,,Revert commit,"**File:** `packages/backend/src/modules/config/entities/holidaycalendar.entity.ts`
**Class:** `HolidayCalendar`
**Type:** TypeORM Entity
**Requirements:**
- Define columns with exact types (varchar, int, jsonb)
- Define relationships (OneToMany, ManyToOne)
- Add indexes for performance
- NO MOCKS: Use real DB connection",0,Developer,Act as a Senior Full-Stack Developer. Your goal is to implement 'Define Entity: HolidayCalendar'. 1. Follow Hexagonal Architecture (Domain -> Ports -> Adapters). 2. Use NestJS/React best practices. 3. Ensure all code is strictly typed. 4. NO MOCKS: Use real DB/API connections unless it's a unit test. 5. Update Swagger/Storybook documentation.
Create DTOs: HolidayCalendar,Task,Psitrix Psynq,Feature: HolidayCalendars Module,Normal,New,2026-06-14,2026-06-15,Developer,4h,"Backend,API",v1.0.0-MVP,3,Low,Specs defined,Code implemented & tested,Tests passing; No mocks,Functional requirement met,,Revert commit,"**File:** `packages/backend/src/modules/config/dto/create-holidaycalendar.dto.ts`
**File:** `packages/backend/src/modules/config/dto/update-holidaycalendar.dto.ts`
**Requirements:**
- Use class-validator decorators (@IsString, @IsInt)
- Use class-transformer
- Strict typing",0,Developer,Act as a Senior Full-Stack Developer. Your goal is to implement 'Create DTOs: HolidayCalendar'. 1. Follow Hexagonal Architecture (Domain -> Ports -> Adapters). 2. Use NestJS/React best practices. 3. Ensure all code is strictly typed. 4. NO MOCKS: Use real DB/API connections unless it's a unit test. 5. Update Swagger/Storybook documentation.
Implement Service: HolidayCalendarService,Task,Psitrix Psynq,Feature: HolidayCalendars Module,High,New,2026-06-15,2026-06-18,Developer,4h,Backend,v1.0.0-MVP,3,Low,Specs defined,Code implemented & tested,Tests passing; No mocks,Functional requirement met,,Revert commit,"**File:** `packages/backend/src/modules/config/holidaycalendar.service.ts`
**Class:** `HolidayCalendarService`
**Methods:**
- `create(dto)`
- `findAll(query)`
- `findOne(id)`
- `update(id, dto)`
- `remove(id)`
**Logic:** Business logic implementation. NO STUBS.",0,Developer,Act as a Senior Full-Stack Developer. Your goal is to implement 'Implement Service: HolidayCalendarService'. 1. Follow Hexagonal Architecture (Domain -> Ports -> Adapters). 2. Use NestJS/React best practices. 3. Ensure all code is strictly typed. 4. NO MOCKS: Use real DB/API connections unless it's a unit test. 5. Update Swagger/Storybook documentation.
Implement Controller: HolidayCalendarController,Task,Psitrix Psynq,Feature: HolidayCalendars Module,High,New,2026-06-16,2026-06-18,Developer,4h,"Backend,API",v1.0.0-MVP,3,Low,Specs defined,Code implemented & tested,Tests passing; No mocks,Functional requirement met,,Revert commit,"**File:** `packages/backend/src/modules/config/holidaycalendar.controller.ts`
**Class:** `HolidayCalendarController`
**Endpoints:**
- `POST /api/v1/holidaycalendars`
- `GET /api/v1/holidaycalendars`
- `GET /api/v1/holidaycalendars/:id`
- `PATCH /api/v1/holidaycalendars/:id`
- `DELETE /api/v1/holidaycalendars/:id`
**Requirements:** Swagger docs (@ApiTags), Auth guards",0,Developer,Act as a Senior Full-Stack Developer. Your goal is to implement 'Implement Controller: HolidayCalendarController'. 1. Follow Hexagonal Architecture (Domain -> Ports -> Adapters). 2. Use NestJS/React best practices. 3. Ensure all code is strictly typed. 4. NO MOCKS: Use real DB/API connections unless it's a unit test. 5. Update Swagger/Storybook documentation.
Unit Tests: HolidayCalendarService,Task,Psitrix Psynq,Feature: HolidayCalendars Module,Normal,New,2026-06-17,2026-06-19,Developer,4h,"Backend,Testing",v1.0.0-MVP,3,Low,Specs defined,Code implemented & tested,Tests passing; No mocks,Functional requirement met,,Revert commit,"**File:** `packages/backend/src/modules/config/holidaycalendar.service.spec.ts`
**Requirements:**
- 100% coverage for service methods
- Test success and error cases
- Mock repository only (unit test)",0,QA Engineer,"Act as a Senior QA Engineer. Your goal is to verify the implementation of 'Unit Tests: HolidayCalendarService'. 1. Review the code in the specified file paths. 2. Execute existing tests and write new ones for edge cases (nulls, timeouts, high load). 3. Ensure 100% coverage. 4. Report any regressions or performance bottlenecks."
Integration Tests: HolidayCalendar,Task,Psitrix Psynq,Feature: HolidayCalendars Module,Normal,New,2026-06-18,2026-06-20,Developer,4h,"Backend,Testing",v1.0.0-MVP,3,Low,Specs defined,Code implemented & tested,Tests passing; No mocks,Functional requirement met,,Revert commit,"**File:** `test/holidaycalendar.integration-spec.ts`
**Requirements:**
- Test database interactions
- Test service integration
- Test event emission",0,QA Engineer,"Act as a Senior QA Engineer. Your goal is to verify the implementation of 'Integration Tests: HolidayCalendar'. 1. Review the code in the specified file paths. 2. Execute existing tests and write new ones for edge cases (nulls, timeouts, high load). 3. Ensure 100% coverage. 4. Report any regressions or performance bottlenecks."
Swagger Docs: HolidayCalendar,Task,Psitrix Psynq,Feature: HolidayCalendars Module,Low,New,2026-06-15,2026-06-16,Developer,4h,"Backend,Docs",v1.0.0-MVP,3,Low,Specs defined,Code implemented & tested,Tests passing; No mocks,Functional requirement met,,Revert commit,"**File:** `packages/backend/src/modules/config/holidaycalendar.controller.ts`
**Requirements:**
- Add @ApiOperation
- Add @ApiResponse
- Add @ApiProperty to DTOs",0,Developer,Act as a Senior Full-Stack Developer. Your goal is to implement 'Swagger Docs: HolidayCalendar'. 1. Follow Hexagonal Architecture (Domain -> Ports -> Adapters). 2. Use NestJS/React best practices. 3. Ensure all code is strictly typed. 4. NO MOCKS: Use real DB/API connections unless it's a unit test. 5. Update Swagger/Storybook documentation.
DB Migration: HolidayCalendar,Task,Psitrix Psynq,Feature: HolidayCalendars Module,High,New,2026-06-14,2026-06-15,Developer,4h,"Backend,Database",v1.0.0-MVP,3,Low,Specs defined,Code implemented & tested,Tests passing; No mocks,Functional requirement met,,Revert commit,"**File:** `packages/backend/src/migrations/CreateHolidayCalendarTable.ts`
**Requirements:**
- Up method (create table)
- Down method (drop table)
- Indexes and constraints",0,Developer,Act as a Senior Full-Stack Developer. Your goal is to implement 'DB Migration: HolidayCalendar'. 1. Follow Hexagonal Architecture (Domain -> Ports -> Adapters). 2. Use NestJS/React best practices. 3. Ensure all code is strictly typed. 4. NO MOCKS: Use real DB/API connections unless it's a unit test. 5. Update Swagger/Storybook documentation.
Seed Data: HolidayCalendar,Task,Psitrix Psynq,Feature: HolidayCalendars Module,Low,New,2026-06-16,2026-06-17,Developer,4h,"Backend,Database",v1.0.0-MVP,3,Low,Specs defined,Code implemented & tested,Tests passing; No mocks,Functional requirement met,,Revert commit,"**File:** `packages/backend/src/seeds/holidaycalendar.seed.ts`
**Requirements:**
- Create default/test data
- Handle relationships",0,Developer,Act as a Senior Full-Stack Developer. Your goal is to implement 'Seed Data: HolidayCalendar'. 1. Follow Hexagonal Architecture (Domain -> Ports -> Adapters). 2. Use NestJS/React best practices. 3. Ensure all code is strictly typed. 4. NO MOCKS: Use real DB/API connections unless it's a unit test. 5. Update Swagger/Storybook documentation.
Feature: NumberPorting Module,Feature,Psitrix Psynq,Epic: Backend Modules Implementation,Normal,New,2026-06-14,2026-06-24,Developer,,,v1.0.0-MVP,,Low,Specs defined,Code implemented & tested,Tests passing; No mocks,Functional requirement met,,Revert commit,NumberPorting Implementation,0,Product Owner / Architect,"Act as a Solution Architect. Define the technical specifications and sub-tasks for 'Feature: NumberPorting Module'. Ensure alignment with the CCaaS platform goals (reliability, scalability, low latency)."
Define Entity: PortingRequest,Task,Psitrix Psynq,Feature: NumberPorting Module,High,New,2026-06-14,2026-06-16,Developer,4h,"Backend,Database",v1.0.0-MVP,3,Low,Specs defined,Code implemented & tested,Tests passing; No mocks,Functional requirement met,,Revert commit,"**File:** `packages/backend/src/modules/telephony/entities/portingrequest.entity.ts`
**Class:** `PortingRequest`
**Type:** TypeORM Entity
**Requirements:**
- Define columns with exact types (varchar, int, jsonb)
- Define relationships (OneToMany, ManyToOne)
- Add indexes for performance
- NO MOCKS: Use real DB connection",0,Developer,Act as a Senior Full-Stack Developer. Your goal is to implement 'Define Entity: PortingRequest'. 1. Follow Hexagonal Architecture (Domain -> Ports -> Adapters). 2. Use NestJS/React best practices. 3. Ensure all code is strictly typed. 4. NO MOCKS: Use real DB/API connections unless it's a unit test. 5. Update Swagger/Storybook documentation.
Create DTOs: PortingRequest,Task,Psitrix Psynq,Feature: NumberPorting Module,Normal,New,2026-06-14,2026-06-15,Developer,4h,"Backend,API",v1.0.0-MVP,3,Low,Specs defined,Code implemented & tested,Tests passing; No mocks,Functional requirement met,,Revert commit,"**File:** `packages/backend/src/modules/telephony/dto/create-portingrequest.dto.ts`
**File:** `packages/backend/src/modules/telephony/dto/update-portingrequest.dto.ts`
**Requirements:**
- Use class-validator decorators (@IsString, @IsInt)
- Use class-transformer
- Strict typing",0,Developer,Act as a Senior Full-Stack Developer. Your goal is to implement 'Create DTOs: PortingRequest'. 1. Follow Hexagonal Architecture (Domain -> Ports -> Adapters). 2. Use NestJS/React best practices. 3. Ensure all code is strictly typed. 4. NO MOCKS: Use real DB/API connections unless it's a unit test. 5. Update Swagger/Storybook documentation.
Implement Service: PortingRequestService,Task,Psitrix Psynq,Feature: NumberPorting Module,High,New,2026-06-15,2026-06-18,Developer,4h,Backend,v1.0.0-MVP,3,Low,Specs defined,Code implemented & tested,Tests passing; No mocks,Functional requirement met,,Revert commit,"**File:** `packages/backend/src/modules/telephony/portingrequest.service.ts`
**Class:** `PortingRequestService`
**Methods:**
- `create(dto)`
- `findAll(query)`
- `findOne(id)`
- `update(id, dto)`
- `remove(id)`
**Logic:** Business logic implementation. NO STUBS.",0,Developer,Act as a Senior Full-Stack Developer. Your goal is to implement 'Implement Service: PortingRequestService'. 1. Follow Hexagonal Architecture (Domain -> Ports -> Adapters). 2. Use NestJS/React best practices. 3. Ensure all code is strictly typed. 4. NO MOCKS: Use real DB/API connections unless it's a unit test. 5. Update Swagger/Storybook documentation.
Implement Controller: PortingRequestController,Task,Psitrix Psynq,Feature: NumberPorting Module,High,New,2026-06-16,2026-06-18,Developer,4h,"Backend,API",v1.0.0-MVP,3,Low,Specs defined,Code implemented & tested,Tests passing; No mocks,Functional requirement met,,Revert commit,"**File:** `packages/backend/src/modules/telephony/portingrequest.controller.ts`
**Class:** `PortingRequestController`
**Endpoints:**
- `POST /api/v1/portingrequests`
- `GET /api/v1/portingrequests`
- `GET /api/v1/portingrequests/:id`
- `PATCH /api/v1/portingrequests/:id`
- `DELETE /api/v1/portingrequests/:id`
**Requirements:** Swagger docs (@ApiTags), Auth guards",0,Developer,Act as a Senior Full-Stack Developer. Your goal is to implement 'Implement Controller: PortingRequestController'. 1. Follow Hexagonal Architecture (Domain -> Ports -> Adapters). 2. Use NestJS/React best practices. 3. Ensure all code is strictly typed. 4. NO MOCKS: Use real DB/API connections unless it's a unit test. 5. Update Swagger/Storybook documentation.
Unit Tests: PortingRequestService,Task,Psitrix Psynq,Feature: NumberPorting Module,Normal,New,2026-06-17,2026-06-19,Developer,4h,"Backend,Testing",v1.0.0-MVP,3,Low,Specs defined,Code implemented & tested,Tests passing; No mocks,Functional requirement met,,Revert commit,"**File:** `packages/backend/src/modules/telephony/portingrequest.service.spec.ts`
**Requirements:**
- 100% coverage for service methods
- Test success and error cases
- Mock repository only (unit test)",0,QA Engineer,"Act as a Senior QA Engineer. Your goal is to verify the implementation of 'Unit Tests: PortingRequestService'. 1. Review the code in the specified file paths. 2. Execute existing tests and write new ones for edge cases (nulls, timeouts, high load). 3. Ensure 100% coverage. 4. Report any regressions or performance bottlenecks."
Integration Tests: PortingRequest,Task,Psitrix Psynq,Feature: NumberPorting Module,Normal,New,2026-06-18,2026-06-20,Developer,4h,"Backend,Testing",v1.0.0-MVP,3,Low,Specs defined,Code implemented & tested,Tests passing; No mocks,Functional requirement met,,Revert commit,"**File:** `test/portingrequest.integration-spec.ts`
**Requirements:**
- Test database interactions
- Test service integration
- Test event emission",0,QA Engineer,"Act as a Senior QA Engineer. Your goal is to verify the implementation of 'Integration Tests: PortingRequest'. 1. Review the code in the specified file paths. 2. Execute existing tests and write new ones for edge cases (nulls, timeouts, high load). 3. Ensure 100% coverage. 4. Report any regressions or performance bottlenecks."
Swagger Docs: PortingRequest,Task,Psitrix Psynq,Feature: NumberPorting Module,Low,New,2026-06-15,2026-06-16,Developer,4h,"Backend,Docs",v1.0.0-MVP,3,Low,Specs defined,Code implemented & tested,Tests passing; No mocks,Functional requirement met,,Revert commit,"**File:** `packages/backend/src/modules/telephony/portingrequest.controller.ts`
**Requirements:**
- Add @ApiOperation
- Add @ApiResponse
- Add @ApiProperty to DTOs",0,Developer,Act as a Senior Full-Stack Developer. Your goal is to implement 'Swagger Docs: PortingRequest'. 1. Follow Hexagonal Architecture (Domain -> Ports -> Adapters). 2. Use NestJS/React best practices. 3. Ensure all code is strictly typed. 4. NO MOCKS: Use real DB/API connections unless it's a unit test. 5. Update Swagger/Storybook documentation.
DB Migration: PortingRequest,Task,Psitrix Psynq,Feature: NumberPorting Module,High,New,2026-06-14,2026-06-15,Developer,4h,"Backend,Database",v1.0.0-MVP,3,Low,Specs defined,Code implemented & tested,Tests passing; No mocks,Functional requirement met,,Revert commit,"**File:** `packages/backend/src/migrations/CreatePortingRequestTable.ts`
**Requirements:**
- Up method (create table)
- Down method (drop table)
- Indexes and constraints",0,Developer,Act as a Senior Full-Stack Developer. Your goal is to implement 'DB Migration: PortingRequest'. 1. Follow Hexagonal Architecture (Domain -> Ports -> Adapters). 2. Use NestJS/React best practices. 3. Ensure all code is strictly typed. 4. NO MOCKS: Use real DB/API connections unless it's a unit test. 5. Update Swagger/Storybook documentation.
Seed Data: PortingRequest,Task,Psitrix Psynq,Feature: NumberPorting Module,Low,New,2026-06-16,2026-06-17,Developer,4h,"Backend,Database",v1.0.0-MVP,3,Low,Specs defined,Code implemented & tested,Tests passing; No mocks,Functional requirement met,,Revert commit,"**File:** `packages/backend/src/seeds/portingrequest.seed.ts`
**Requirements:**
- Create default/test data
- Handle relationships",0,Developer,Act as a Senior Full-Stack Developer. Your goal is to implement 'Seed Data: PortingRequest'. 1. Follow Hexagonal Architecture (Domain -> Ports -> Adapters). 2. Use NestJS/React best practices. 3. Ensure all code is strictly typed. 4. NO MOCKS: Use real DB/API connections unless it's a unit test. 5. Update Swagger/Storybook documentation.
Feature: SipTrunks Module,Feature,Psitrix Psynq,Epic: Backend Modules Implementation,Normal,New,2026-06-14,2026-06-24,Developer,,,v1.0.0-MVP,,Low,Specs defined,Code implemented & tested,Tests passing; No mocks,Functional requirement met,,Revert commit,SipTrunks Implementation,0,Product Owner / Architect,"Act as a Solution Architect. Define the technical specifications and sub-tasks for 'Feature: SipTrunks Module'. Ensure alignment with the CCaaS platform goals (reliability, scalability, low latency)."
Define Entity: SipTrunk,Task,Psitrix Psynq,Feature: SipTrunks Module,High,New,2026-06-14,2026-06-16,Developer,4h,"Backend,Database",v1.0.0-MVP,3,Low,Specs defined,Code implemented & tested,Tests passing; No mocks,Functional requirement met,,Revert commit,"**File:** `packages/backend/src/modules/telephony/entities/siptrunk.entity.ts`
**Class:** `SipTrunk`
**Type:** TypeORM Entity
**Requirements:**
- Define columns with exact types (varchar, int, jsonb)
- Define relationships (OneToMany, ManyToOne)
- Add indexes for performance
- NO MOCKS: Use real DB connection",0,Developer,Act as a Senior Full-Stack Developer. Your goal is to implement 'Define Entity: SipTrunk'. 1. Follow Hexagonal Architecture (Domain -> Ports -> Adapters). 2. Use NestJS/React best practices. 3. Ensure all code is strictly typed. 4. NO MOCKS: Use real DB/API connections unless it's a unit test. 5. Update Swagger/Storybook documentation.
Create DTOs: SipTrunk,Task,Psitrix Psynq,Feature: SipTrunks Module,Normal,New,2026-06-14,2026-06-15,Developer,4h,"Backend,API",v1.0.0-MVP,3,Low,Specs defined,Code implemented & tested,Tests passing; No mocks,Functional requirement met,,Revert commit,"**File:** `packages/backend/src/modules/telephony/dto/create-siptrunk.dto.ts`
**File:** `packages/backend/src/modules/telephony/dto/update-siptrunk.dto.ts`
**Requirements:**
- Use class-validator decorators (@IsString, @IsInt)
- Use class-transformer
- Strict typing",0,Developer,Act as a Senior Full-Stack Developer. Your goal is to implement 'Create DTOs: SipTrunk'. 1. Follow Hexagonal Architecture (Domain -> Ports -> Adapters). 2. Use NestJS/React best practices. 3. Ensure all code is strictly typed. 4. NO MOCKS: Use real DB/API connections unless it's a unit test. 5. Update Swagger/Storybook documentation.
Implement Service: SipTrunkService,Task,Psitrix Psynq,Feature: SipTrunks Module,High,New,2026-06-15,2026-06-18,Developer,4h,Backend,v1.0.0-MVP,3,Low,Specs defined,Code implemented & tested,Tests passing; No mocks,Functional requirement met,,Revert commit,"**File:** `packages/backend/src/modules/telephony/siptrunk.service.ts`
**Class:** `SipTrunkService`
**Methods:**
- `create(dto)`
- `findAll(query)`
- `findOne(id)`
- `update(id, dto)`
- `remove(id)`
**Logic:** Business logic implementation. NO STUBS.",0,Developer,Act as a Senior Full-Stack Developer. Your goal is to implement 'Implement Service: SipTrunkService'. 1. Follow Hexagonal Architecture (Domain -> Ports -> Adapters). 2. Use NestJS/React best practices. 3. Ensure all code is strictly typed. 4. NO MOCKS: Use real DB/API connections unless it's a unit test. 5. Update Swagger/Storybook documentation.
Implement Controller: SipTrunkController,Task,Psitrix Psynq,Feature: SipTrunks Module,High,New,2026-06-16,2026-06-18,Developer,4h,"Backend,API",v1.0.0-MVP,3,Low,Specs defined,Code implemented & tested,Tests passing; No mocks,Functional requirement met,,Revert commit,"**File:** `packages/backend/src/modules/telephony/siptrunk.controller.ts`
**Class:** `SipTrunkController`
**Endpoints:**
- `POST /api/v1/siptrunks`
- `GET /api/v1/siptrunks`
- `GET /api/v1/siptrunks/:id`
- `PATCH /api/v1/siptrunks/:id`
- `DELETE /api/v1/siptrunks/:id`
**Requirements:** Swagger docs (@ApiTags), Auth guards",0,Developer,Act as a Senior Full-Stack Developer. Your goal is to implement 'Implement Controller: SipTrunkController'. 1. Follow Hexagonal Architecture (Domain -> Ports -> Adapters). 2. Use NestJS/React best practices. 3. Ensure all code is strictly typed. 4. NO MOCKS: Use real DB/API connections unless it's a unit test. 5. Update Swagger/Storybook documentation.
Unit Tests: SipTrunkService,Task,Psitrix Psynq,Feature: SipTrunks Module,Normal,New,2026-06-17,2026-06-19,Developer,4h,"Backend,Testing",v1.0.0-MVP,3,Low,Specs defined,Code implemented & tested,Tests passing; No mocks,Functional requirement met,,Revert commit,"**File:** `packages/backend/src/modules/telephony/siptrunk.service.spec.ts`
**Requirements:**
- 100% coverage for service methods
- Test success and error cases
- Mock repository only (unit test)",0,QA Engineer,"Act as a Senior QA Engineer. Your goal is to verify the implementation of 'Unit Tests: SipTrunkService'. 1. Review the code in the specified file paths. 2. Execute existing tests and write new ones for edge cases (nulls, timeouts, high load). 3. Ensure 100% coverage. 4. Report any regressions or performance bottlenecks."
Integration Tests: SipTrunk,Task,Psitrix Psynq,Feature: SipTrunks Module,Normal,New,2026-06-18,2026-06-20,Developer,4h,"Backend,Testing",v1.0.0-MVP,3,Low,Specs defined,Code implemented & tested,Tests passing; No mocks,Functional requirement met,,Revert commit,"**File:** `test/siptrunk.integration-spec.ts`
**Requirements:**
- Test database interactions
- Test service integration
- Test event emission",0,QA Engineer,"Act as a Senior QA Engineer. Your goal is to verify the implementation of 'Integration Tests: SipTrunk'. 1. Review the code in the specified file paths. 2. Execute existing tests and write new ones for edge cases (nulls, timeouts, high load). 3. Ensure 100% coverage. 4. Report any regressions or performance bottlenecks."
Swagger Docs: SipTrunk,Task,Psitrix Psynq,Feature: SipTrunks Module,Low,New,2026-06-15,2026-06-16,Developer,4h,"Backend,Docs",v1.0.0-MVP,3,Low,Specs defined,Code implemented & tested,Tests passing; No mocks,Functional requirement met,,Revert commit,"**File:** `packages/backend/src/modules/telephony/siptrunk.controller.ts`
**Requirements:**
- Add @ApiOperation
- Add @ApiResponse
- Add @ApiProperty to DTOs",0,Developer,Act as a Senior Full-Stack Developer. Your goal is to implement 'Swagger Docs: SipTrunk'. 1. Follow Hexagonal Architecture (Domain -> Ports -> Adapters). 2. Use NestJS/React best practices. 3. Ensure all code is strictly typed. 4. NO MOCKS: Use real DB/API connections unless it's a unit test. 5. Update Swagger/Storybook documentation.
DB Migration: SipTrunk,Task,Psitrix Psynq,Feature: SipTrunks Module,High,New,2026-06-14,2026-06-15,Developer,4h,"Backend,Database",v1.0.0-MVP,3,Low,Specs defined,Code implemented & tested,Tests passing; No mocks,Functional requirement met,,Revert commit,"**File:** `packages/backend/src/migrations/CreateSipTrunkTable.ts`
**Requirements:**
- Up method (create table)
- Down method (drop table)
- Indexes and constraints",0,Developer,Act as a Senior Full-Stack Developer. Your goal is to implement 'DB Migration: SipTrunk'. 1. Follow Hexagonal Architecture (Domain -> Ports -> Adapters). 2. Use NestJS/React best practices. 3. Ensure all code is strictly typed. 4. NO MOCKS: Use real DB/API connections unless it's a unit test. 5. Update Swagger/Storybook documentation.
Seed Data: SipTrunk,Task,Psitrix Psynq,Feature: SipTrunks Module,Low,New,2026-06-16,2026-06-17,Developer,4h,"Backend,Database",v1.0.0-MVP,3,Low,Specs defined,Code implemented & tested,Tests passing; No mocks,Functional requirement met,,Revert commit,"**File:** `packages/backend/src/seeds/siptrunk.seed.ts`
**Requirements:**
- Create default/test data
- Handle relationships",0,Developer,Act as a Senior Full-Stack Developer. Your goal is to implement 'Seed Data: SipTrunk'. 1. Follow Hexagonal Architecture (Domain -> Ports -> Adapters). 2. Use NestJS/React best practices. 3. Ensure all code is strictly typed. 4. NO MOCKS: Use real DB/API connections unless it's a unit test. 5. Update Swagger/Storybook documentation.
Feature: WebRTCGateways Module,Feature,Psitrix Psynq,Epic: Backend Modules Implementation,Normal,New,2026-06-14,2026-06-24,Developer,,,v1.0.0-MVP,,Low,Specs defined,Code implemented & tested,Tests passing; No mocks,Functional requirement met,,Revert commit,WebRTCGateways Implementation,0,Product Owner / Architect,"Act as a Solution Architect. Define the technical specifications and sub-tasks for 'Feature: WebRTCGateways Module'. Ensure alignment with the CCaaS platform goals (reliability, scalability, low latency)."
Define Entity: WebRtcGateway,Task,Psitrix Psynq,Feature: WebRTCGateways Module,High,New,2026-06-14,2026-06-16,Developer,4h,"Backend,Database",v1.0.0-MVP,3,Low,Specs defined,Code implemented & tested,Tests passing; No mocks,Functional requirement met,,Revert commit,"**File:** `packages/backend/src/modules/telephony/entities/webrtcgateway.entity.ts`
**Class:** `WebRtcGateway`
**Type:** TypeORM Entity
**Requirements:**
- Define columns with exact types (varchar, int, jsonb)
- Define relationships (OneToMany, ManyToOne)
- Add indexes for performance
- NO MOCKS: Use real DB connection",0,Developer,Act as a Senior Full-Stack Developer. Your goal is to implement 'Define Entity: WebRtcGateway'. 1. Follow Hexagonal Architecture (Domain -> Ports -> Adapters). 2. Use NestJS/React best practices. 3. Ensure all code is strictly typed. 4. NO MOCKS: Use real DB/API connections unless it's a unit test. 5. Update Swagger/Storybook documentation.
Create DTOs: WebRtcGateway,Task,Psitrix Psynq,Feature: WebRTCGateways Module,Normal,New,2026-06-14,2026-06-15,Developer,4h,"Backend,API",v1.0.0-MVP,3,Low,Specs defined,Code implemented & tested,Tests passing; No mocks,Functional requirement met,,Revert commit,"**File:** `packages/backend/src/modules/telephony/dto/create-webrtcgateway.dto.ts`
**File:** `packages/backend/src/modules/telephony/dto/update-webrtcgateway.dto.ts`
**Requirements:**
- Use class-validator decorators (@IsString, @IsInt)
- Use class-transformer
- Strict typing",0,Developer,Act as a Senior Full-Stack Developer. Your goal is to implement 'Create DTOs: WebRtcGateway'. 1. Follow Hexagonal Architecture (Domain -> Ports -> Adapters). 2. Use NestJS/React best practices. 3. Ensure all code is strictly typed. 4. NO MOCKS: Use real DB/API connections unless it's a unit test. 5. Update Swagger/Storybook documentation.
Implement Service: WebRtcGatewayService,Task,Psitrix Psynq,Feature: WebRTCGateways Module,High,New,2026-06-15,2026-06-18,Developer,4h,Backend,v1.0.0-MVP,3,Low,Specs defined,Code implemented & tested,Tests passing; No mocks,Functional requirement met,,Revert commit,"**File:** `packages/backend/src/modules/telephony/webrtcgateway.service.ts`
**Class:** `WebRtcGatewayService`
**Methods:**
- `create(dto)`
- `findAll(query)`
- `findOne(id)`
- `update(id, dto)`
- `remove(id)`
**Logic:** Business logic implementation. NO STUBS.",0,Developer,Act as a Senior Full-Stack Developer. Your goal is to implement 'Implement Service: WebRtcGatewayService'. 1. Follow Hexagonal Architecture (Domain -> Ports -> Adapters). 2. Use NestJS/React best practices. 3. Ensure all code is strictly typed. 4. NO MOCKS: Use real DB/API connections unless it's a unit test. 5. Update Swagger/Storybook documentation.
Implement Controller: WebRtcGatewayController,Task,Psitrix Psynq,Feature: WebRTCGateways Module,High,New,2026-06-16,2026-06-18,Developer,4h,"Backend,API",v1.0.0-MVP,3,Low,Specs defined,Code implemented & tested,Tests passing; No mocks,Functional requirement met,,Revert commit,"**File:** `packages/backend/src/modules/telephony/webrtcgateway.controller.ts`
**Class:** `WebRtcGatewayController`
**Endpoints:**
- `POST /api/v1/webrtcgateways`
- `GET /api/v1/webrtcgateways`
- `GET /api/v1/webrtcgateways/:id`
- `PATCH /api/v1/webrtcgateways/:id`
- `DELETE /api/v1/webrtcgateways/:id`
**Requirements:** Swagger docs (@ApiTags), Auth guards",0,Developer,Act as a Senior Full-Stack Developer. Your goal is to implement 'Implement Controller: WebRtcGatewayController'. 1. Follow Hexagonal Architecture (Domain -> Ports -> Adapters). 2. Use NestJS/React best practices. 3. Ensure all code is strictly typed. 4. NO MOCKS: Use real DB/API connections unless it's a unit test. 5. Update Swagger/Storybook documentation.
Unit Tests: WebRtcGatewayService,Task,Psitrix Psynq,Feature: WebRTCGateways Module,Normal,New,2026-06-17,2026-06-19,Developer,4h,"Backend,Testing",v1.0.0-MVP,3,Low,Specs defined,Code implemented & tested,Tests passing; No mocks,Functional requirement met,,Revert commit,"**File:** `packages/backend/src/modules/telephony/webrtcgateway.service.spec.ts`
**Requirements:**
- 100% coverage for service methods
- Test success and error cases
- Mock repository only (unit test)",0,QA Engineer,"Act as a Senior QA Engineer. Your goal is to verify the implementation of 'Unit Tests: WebRtcGatewayService'. 1. Review the code in the specified file paths. 2. Execute existing tests and write new ones for edge cases (nulls, timeouts, high load). 3. Ensure 100% coverage. 4. Report any regressions or performance bottlenecks."
Integration Tests: WebRtcGateway,Task,Psitrix Psynq,Feature: WebRTCGateways Module,Normal,New,2026-06-18,2026-06-20,Developer,4h,"Backend,Testing",v1.0.0-MVP,3,Low,Specs defined,Code implemented & tested,Tests passing; No mocks,Functional requirement met,,Revert commit,"**File:** `test/webrtcgateway.integration-spec.ts`
**Requirements:**
- Test database interactions
- Test service integration
- Test event emission",0,QA Engineer,"Act as a Senior QA Engineer. Your goal is to verify the implementation of 'Integration Tests: WebRtcGateway'. 1. Review the code in the specified file paths. 2. Execute existing tests and write new ones for edge cases (nulls, timeouts, high load). 3. Ensure 100% coverage. 4. Report any regressions or performance bottlenecks."
Swagger Docs: WebRtcGateway,Task,Psitrix Psynq,Feature: WebRTCGateways Module,Low,New,2026-06-15,2026-06-16,Developer,4h,"Backend,Docs",v1.0.0-MVP,3,Low,Specs defined,Code implemented & tested,Tests passing; No mocks,Functional requirement met,,Revert commit,"**File:** `packages/backend/src/modules/telephony/webrtcgateway.controller.ts`
**Requirements:**
- Add @ApiOperation
- Add @ApiResponse
- Add @ApiProperty to DTOs",0,Developer,Act as a Senior Full-Stack Developer. Your goal is to implement 'Swagger Docs: WebRtcGateway'. 1. Follow Hexagonal Architecture (Domain -> Ports -> Adapters). 2. Use NestJS/React best practices. 3. Ensure all code is strictly typed. 4. NO MOCKS: Use real DB/API connections unless it's a unit test. 5. Update Swagger/Storybook documentation.
DB Migration: WebRtcGateway,Task,Psitrix Psynq,Feature: WebRTCGateways Module,High,New,2026-06-14,2026-06-15,Developer,4h,"Backend,Database",v1.0.0-MVP,3,Low,Specs defined,Code implemented & tested,Tests passing; No mocks,Functional requirement met,,Revert commit,"**File:** `packages/backend/src/migrations/CreateWebRtcGatewayTable.ts`
**Requirements:**
- Up method (create table)
- Down method (drop table)
- Indexes and constraints",0,Developer,Act as a Senior Full-Stack Developer. Your goal is to implement 'DB Migration: WebRtcGateway'. 1. Follow Hexagonal Architecture (Domain -> Ports -> Adapters). 2. Use NestJS/React best practices. 3. Ensure all code is strictly typed. 4. NO MOCKS: Use real DB/API connections unless it's a unit test. 5. Update Swagger/Storybook documentation.
Seed Data: WebRtcGateway,Task,Psitrix Psynq,Feature: WebRTCGateways Module,Low,New,2026-06-16,2026-06-17,Developer,4h,"Backend,Database",v1.0.0-MVP,3,Low,Specs defined,Code implemented & tested,Tests passing; No mocks,Functional requirement met,,Revert commit,"**File:** `packages/backend/src/seeds/webrtcgateway.seed.ts`
**Requirements:**
- Create default/test data
- Handle relationships",0,Developer,Act as a Senior Full-Stack Developer. Your goal is to implement 'Seed Data: WebRtcGateway'. 1. Follow Hexagonal Architecture (Domain -> Ports -> Adapters). 2. Use NestJS/React best practices. 3. Ensure all code is strictly typed. 4. NO MOCKS: Use real DB/API connections unless it's a unit test. 5. Update Swagger/Storybook documentation.
Epic: UI Components Implementation,Epic,Psitrix Psynq,Phase: Expanded Core Features,High,New,2026-06-14,2026-10-12,Tech Lead,,,v1.0.0-MVP,,Low,Specs defined,Code implemented & tested,Tests passing; No mocks,Functional requirement met,,Revert commit,Frontend Components,0,Developer,
Feature: CampaignList UI,Feature,Psitrix Psynq,Epic: UI Components Implementation,Normal,New,2026-06-14,2026-06-24,Developer,,,v1.0.0-MVP,,Low,Specs defined,Code implemented & tested,Tests passing; No mocks,Functional requirement met,,Revert commit,CampaignList Component,0,Product Owner / Architect,"Act as a Solution Architect. Define the technical specifications and sub-tasks for 'Feature: CampaignList UI'. Ensure alignment with the CCaaS platform goals (reliability, scalability, low latency)."
Build Component: CampaignList,Task,Psitrix Psynq,Feature: CampaignList UI,High,New,2026-06-14,2026-06-16,Developer,4h,"Frontend,UI",v1.0.0-MVP,3,Low,Specs defined,Code implemented & tested,Tests passing; No mocks,Functional requirement met,,Revert commit,"**File:** `packages/web/src/modules/campaigns/CampaignList.tsx`
**Props Interface:** `CampaignListProps`
**Requirements:**
- Functional component with Hooks
- Tailwind CSS styling
- Responsive design
- Accessibility (ARIA)",0,Developer,Act as a Senior Full-Stack Developer. Your goal is to implement 'Build Component: CampaignList'. 1. Follow Hexagonal Architecture (Domain -> Ports -> Adapters). 2. Use NestJS/React best practices. 3. Ensure all code is strictly typed. 4. NO MOCKS: Use real DB/API connections unless it's a unit test. 5. Update Swagger/Storybook documentation.
Implement Logic: CampaignList,Task,Psitrix Psynq,Feature: CampaignList UI,Normal,New,2026-06-15,2026-06-17,Developer,4h,"Frontend,Logic",v1.0.0-MVP,3,Low,Specs defined,Code implemented & tested,Tests passing; No mocks,Functional requirement met,,Revert commit,"**File:** `packages/web/src/modules/campaigns/useCampaignList.ts` (Custom Hook)
**Requirements:**
- Handle API calls (React Query)
- Form validation (Zod/React Hook Form)
- State management (Zustand if needed)",0,Developer,Act as a Senior Full-Stack Developer. Your goal is to implement 'Implement Logic: CampaignList'. 1. Follow Hexagonal Architecture (Domain -> Ports -> Adapters). 2. Use NestJS/React best practices. 3. Ensure all code is strictly typed. 4. NO MOCKS: Use real DB/API connections unless it's a unit test. 5. Update Swagger/Storybook documentation.
Test Component: CampaignList,Task,Psitrix Psynq,Feature: CampaignList UI,Normal,New,2026-06-16,2026-06-18,Developer,4h,"Frontend,Testing",v1.0.0-MVP,3,Low,Specs defined,Code implemented & tested,Tests passing; No mocks,Functional requirement met,,Revert commit,"**File:** `packages/web/src/modules/campaigns/CampaignList.test.tsx`
**Requirements:**
- Render testing (React Testing Library)
- User interaction simulation
- Mock API calls (MSW)",0,QA Engineer,"Act as a Senior QA Engineer. Your goal is to verify the implementation of 'Test Component: CampaignList'. 1. Review the code in the specified file paths. 2. Execute existing tests and write new ones for edge cases (nulls, timeouts, high load). 3. Ensure 100% coverage. 4. Report any regressions or performance bottlenecks."
Storybook: CampaignList,Task,Psitrix Psynq,Feature: CampaignList UI,Low,New,2026-06-17,2026-06-18,Developer,4h,"Frontend,Docs",v1.0.0-MVP,3,Low,Specs defined,Code implemented & tested,Tests passing; No mocks,Functional requirement met,,Revert commit,"**File:** `packages/web/src/modules/campaigns/CampaignList.stories.tsx`
**Requirements:**
- Default state
- Loading state
- Error state
- Empty state",0,Developer,Act as a Senior Full-Stack Developer. Your goal is to implement 'Storybook: CampaignList'. 1. Follow Hexagonal Architecture (Domain -> Ports -> Adapters). 2. Use NestJS/React best practices. 3. Ensure all code is strictly typed. 4. NO MOCKS: Use real DB/API connections unless it's a unit test. 5. Update Swagger/Storybook documentation.
Responsive Check: CampaignList,Task,Psitrix Psynq,Feature: CampaignList UI,Normal,New,2026-06-18,2026-06-19,Developer,4h,"Frontend,UI",v1.0.0-MVP,3,Low,Specs defined,Code implemented & tested,Tests passing; No mocks,Functional requirement met,,Revert commit,"**Checklist:**
- Mobile view (320px)
- Tablet view (768px)
- Desktop view (1024px+)
- Flex/Grid behavior",0,Developer,Act as a Senior Full-Stack Developer. Your goal is to implement 'Responsive Check: CampaignList'. 1. Follow Hexagonal Architecture (Domain -> Ports -> Adapters). 2. Use NestJS/React best practices. 3. Ensure all code is strictly typed. 4. NO MOCKS: Use real DB/API connections unless it's a unit test. 5. Update Swagger/Storybook documentation.
a11y Audit: CampaignList,Task,Psitrix Psynq,Feature: CampaignList UI,Normal,New,2026-06-18,2026-06-19,Developer,4h,"Frontend,UI",v1.0.0-MVP,3,Low,Specs defined,Code implemented & tested,Tests passing; No mocks,Functional requirement met,,Revert commit,"**Checklist:**
- Keyboard navigation
- Screen reader support
- Color contrast
- ARIA labels",0,QA Engineer,"Act as a Senior QA Engineer. Your goal is to verify the implementation of 'a11y Audit: CampaignList'. 1. Review the code in the specified file paths. 2. Execute existing tests and write new ones for edge cases (nulls, timeouts, high load). 3. Ensure 100% coverage. 4. Report any regressions or performance bottlenecks."
i18n Support: CampaignList,Task,Psitrix Psynq,Feature: CampaignList UI,Low,New,2026-06-16,2026-06-17,Developer,4h,"Frontend,i18n",v1.0.0-MVP,3,Low,Specs defined,Code implemented & tested,Tests passing; No mocks,Functional requirement met,,Revert commit,"**File:** `packages/web/src/locales/en/campaignlist.json`
**Requirements:**
- Extract all strings
- Add translation keys
- Support RTL if needed",0,Developer,Act as a Senior Full-Stack Developer. Your goal is to implement 'i18n Support: CampaignList'. 1. Follow Hexagonal Architecture (Domain -> Ports -> Adapters). 2. Use NestJS/React best practices. 3. Ensure all code is strictly typed. 4. NO MOCKS: Use real DB/API connections unless it's a unit test. 5. Update Swagger/Storybook documentation.
Error Boundary: CampaignList,Task,Psitrix Psynq,Feature: CampaignList UI,Low,New,2026-06-17,2026-06-18,Developer,4h,"Frontend,Logic",v1.0.0-MVP,3,Low,Specs defined,Code implemented & tested,Tests passing; No mocks,Functional requirement met,,Revert commit,"**Requirements:**
- Graceful error fallback
- Retry mechanism
- Error logging",0,Developer,Act as a Senior Full-Stack Developer. Your goal is to implement 'Error Boundary: CampaignList'. 1. Follow Hexagonal Architecture (Domain -> Ports -> Adapters). 2. Use NestJS/React best practices. 3. Ensure all code is strictly typed. 4. NO MOCKS: Use real DB/API connections unless it's a unit test. 5. Update Swagger/Storybook documentation.
Feature: QueueMonitor UI,Feature,Psitrix Psynq,Epic: UI Components Implementation,Normal,New,2026-06-14,2026-06-24,Developer,,,v1.0.0-MVP,,Low,Specs defined,Code implemented & tested,Tests passing; No mocks,Functional requirement met,,Revert commit,QueueMonitor Component,0,Product Owner / Architect,"Act as a Solution Architect. Define the technical specifications and sub-tasks for 'Feature: QueueMonitor UI'. Ensure alignment with the CCaaS platform goals (reliability, scalability, low latency)."
Build Component: QueueMonitor,Task,Psitrix Psynq,Feature: QueueMonitor UI,High,New,2026-06-14,2026-06-16,Developer,4h,"Frontend,UI",v1.0.0-MVP,3,Low,Specs defined,Code implemented & tested,Tests passing; No mocks,Functional requirement met,,Revert commit,"**File:** `packages/web/src/modules/queues/QueueMonitor.tsx`
**Props Interface:** `QueueMonitorProps`
**Requirements:**
- Functional component with Hooks
- Tailwind CSS styling
- Responsive design
- Accessibility (ARIA)",0,Developer,Act as a Senior Full-Stack Developer. Your goal is to implement 'Build Component: QueueMonitor'. 1. Follow Hexagonal Architecture (Domain -> Ports -> Adapters). 2. Use NestJS/React best practices. 3. Ensure all code is strictly typed. 4. NO MOCKS: Use real DB/API connections unless it's a unit test. 5. Update Swagger/Storybook documentation.
Implement Logic: QueueMonitor,Task,Psitrix Psynq,Feature: QueueMonitor UI,Normal,New,2026-06-15,2026-06-17,Developer,4h,"Frontend,Logic",v1.0.0-MVP,3,Low,Specs defined,Code implemented & tested,Tests passing; No mocks,Functional requirement met,,Revert commit,"**File:** `packages/web/src/modules/queues/useQueueMonitor.ts` (Custom Hook)
**Requirements:**
- Handle API calls (React Query)
- Form validation (Zod/React Hook Form)
- State management (Zustand if needed)",0,Developer,Act as a Senior Full-Stack Developer. Your goal is to implement 'Implement Logic: QueueMonitor'. 1. Follow Hexagonal Architecture (Domain -> Ports -> Adapters). 2. Use NestJS/React best practices. 3. Ensure all code is strictly typed. 4. NO MOCKS: Use real DB/API connections unless it's a unit test. 5. Update Swagger/Storybook documentation.
Test Component: QueueMonitor,Task,Psitrix Psynq,Feature: QueueMonitor UI,Normal,New,2026-06-16,2026-06-18,Developer,4h,"Frontend,Testing",v1.0.0-MVP,3,Low,Specs defined,Code implemented & tested,Tests passing; No mocks,Functional requirement met,,Revert commit,"**File:** `packages/web/src/modules/queues/QueueMonitor.test.tsx`
**Requirements:**
- Render testing (React Testing Library)
- User interaction simulation
- Mock API calls (MSW)",0,QA Engineer,"Act as a Senior QA Engineer. Your goal is to verify the implementation of 'Test Component: QueueMonitor'. 1. Review the code in the specified file paths. 2. Execute existing tests and write new ones for edge cases (nulls, timeouts, high load). 3. Ensure 100% coverage. 4. Report any regressions or performance bottlenecks."
Storybook: QueueMonitor,Task,Psitrix Psynq,Feature: QueueMonitor UI,Low,New,2026-06-17,2026-06-18,Developer,4h,"Frontend,Docs",v1.0.0-MVP,3,Low,Specs defined,Code implemented & tested,Tests passing; No mocks,Functional requirement met,,Revert commit,"**File:** `packages/web/src/modules/queues/QueueMonitor.stories.tsx`
**Requirements:**
- Default state
- Loading state
- Error state
- Empty state",0,Developer,Act as a Senior Full-Stack Developer. Your goal is to implement 'Storybook: QueueMonitor'. 1. Follow Hexagonal Architecture (Domain -> Ports -> Adapters). 2. Use NestJS/React best practices. 3. Ensure all code is strictly typed. 4. NO MOCKS: Use real DB/API connections unless it's a unit test. 5. Update Swagger/Storybook documentation.
Responsive Check: QueueMonitor,Task,Psitrix Psynq,Feature: QueueMonitor UI,Normal,New,2026-06-18,2026-06-19,Developer,4h,"Frontend,UI",v1.0.0-MVP,3,Low,Specs defined,Code implemented & tested,Tests passing; No mocks,Functional requirement met,,Revert commit,"**Checklist:**
- Mobile view (320px)
- Tablet view (768px)
- Desktop view (1024px+)
- Flex/Grid behavior",0,Developer,Act as a Senior Full-Stack Developer. Your goal is to implement 'Responsive Check: QueueMonitor'. 1. Follow Hexagonal Architecture (Domain -> Ports -> Adapters). 2. Use NestJS/React best practices. 3. Ensure all code is strictly typed. 4. NO MOCKS: Use real DB/API connections unless it's a unit test. 5. Update Swagger/Storybook documentation.
a11y Audit: QueueMonitor,Task,Psitrix Psynq,Feature: QueueMonitor UI,Normal,New,2026-06-18,2026-06-19,Developer,4h,"Frontend,UI",v1.0.0-MVP,3,Low,Specs defined,Code implemented & tested,Tests passing; No mocks,Functional requirement met,,Revert commit,"**Checklist:**
- Keyboard navigation
- Screen reader support
- Color contrast
- ARIA labels",0,QA Engineer,"Act as a Senior QA Engineer. Your goal is to verify the implementation of 'a11y Audit: QueueMonitor'. 1. Review the code in the specified file paths. 2. Execute existing tests and write new ones for edge cases (nulls, timeouts, high load). 3. Ensure 100% coverage. 4. Report any regressions or performance bottlenecks."
i18n Support: QueueMonitor,Task,Psitrix Psynq,Feature: QueueMonitor UI,Low,New,2026-06-16,2026-06-17,Developer,4h,"Frontend,i18n",v1.0.0-MVP,3,Low,Specs defined,Code implemented & tested,Tests passing; No mocks,Functional requirement met,,Revert commit,"**File:** `packages/web/src/locales/en/queuemonitor.json`
**Requirements:**
- Extract all strings
- Add translation keys
- Support RTL if needed",0,Developer,Act as a Senior Full-Stack Developer. Your goal is to implement 'i18n Support: QueueMonitor'. 1. Follow Hexagonal Architecture (Domain -> Ports -> Adapters). 2. Use NestJS/React best practices. 3. Ensure all code is strictly typed. 4. NO MOCKS: Use real DB/API connections unless it's a unit test. 5. Update Swagger/Storybook documentation.
Error Boundary: QueueMonitor,Task,Psitrix Psynq,Feature: QueueMonitor UI,Low,New,2026-06-17,2026-06-18,Developer,4h,"Frontend,Logic",v1.0.0-MVP,3,Low,Specs defined,Code implemented & tested,Tests passing; No mocks,Functional requirement met,,Revert commit,"**Requirements:**
- Graceful error fallback
- Retry mechanism
- Error logging",0,Developer,Act as a Senior Full-Stack Developer. Your goal is to implement 'Error Boundary: QueueMonitor'. 1. Follow Hexagonal Architecture (Domain -> Ports -> Adapters). 2. Use NestJS/React best practices. 3. Ensure all code is strictly typed. 4. NO MOCKS: Use real DB/API connections unless it's a unit test. 5. Update Swagger/Storybook documentation.
Feature: RealtimeDashboard UI,Feature,Psitrix Psynq,Epic: UI Components Implementation,Normal,New,2026-06-14,2026-06-24,Developer,,,v1.0.0-MVP,,Low,Specs defined,Code implemented & tested,Tests passing; No mocks,Functional requirement met,,Revert commit,RealtimeDashboard Component,0,Product Owner / Architect,"Act as a Solution Architect. Define the technical specifications and sub-tasks for 'Feature: RealtimeDashboard UI'. Ensure alignment with the CCaaS platform goals (reliability, scalability, low latency)."
Build Component: RealtimeDashboard,Task,Psitrix Psynq,Feature: RealtimeDashboard UI,High,New,2026-06-14,2026-06-16,Developer,4h,"Frontend,UI",v1.0.0-MVP,3,Low,Specs defined,Code implemented & tested,Tests passing; No mocks,Functional requirement met,,Revert commit,"**File:** `packages/web/src/modules/dashboard/RealtimeDashboard.tsx`
**Props Interface:** `RealtimeDashboardProps`
**Requirements:**
- Functional component with Hooks
- Tailwind CSS styling
- Responsive design
- Accessibility (ARIA)",0,Developer,Act as a Senior Full-Stack Developer. Your goal is to implement 'Build Component: RealtimeDashboard'. 1. Follow Hexagonal Architecture (Domain -> Ports -> Adapters). 2. Use NestJS/React best practices. 3. Ensure all code is strictly typed. 4. NO MOCKS: Use real DB/API connections unless it's a unit test. 5. Update Swagger/Storybook documentation.
Implement Logic: RealtimeDashboard,Task,Psitrix Psynq,Feature: RealtimeDashboard UI,Normal,New,2026-06-15,2026-06-17,Developer,4h,"Frontend,Logic",v1.0.0-MVP,3,Low,Specs defined,Code implemented & tested,Tests passing; No mocks,Functional requirement met,,Revert commit,"**File:** `packages/web/src/modules/dashboard/useRealtimeDashboard.ts` (Custom Hook)
**Requirements:**
- Handle API calls (React Query)
- Form validation (Zod/React Hook Form)
- State management (Zustand if needed)",0,Developer,Act as a Senior Full-Stack Developer. Your goal is to implement 'Implement Logic: RealtimeDashboard'. 1. Follow Hexagonal Architecture (Domain -> Ports -> Adapters). 2. Use NestJS/React best practices. 3. Ensure all code is strictly typed. 4. NO MOCKS: Use real DB/API connections unless it's a unit test. 5. Update Swagger/Storybook documentation.
Test Component: RealtimeDashboard,Task,Psitrix Psynq,Feature: RealtimeDashboard UI,Normal,New,2026-06-16,2026-06-18,Developer,4h,"Frontend,Testing",v1.0.0-MVP,3,Low,Specs defined,Code implemented & tested,Tests passing; No mocks,Functional requirement met,,Revert commit,"**File:** `packages/web/src/modules/dashboard/RealtimeDashboard.test.tsx`
**Requirements:**
- Render testing (React Testing Library)
- User interaction simulation
- Mock API calls (MSW)",0,QA Engineer,"Act as a Senior QA Engineer. Your goal is to verify the implementation of 'Test Component: RealtimeDashboard'. 1. Review the code in the specified file paths. 2. Execute existing tests and write new ones for edge cases (nulls, timeouts, high load). 3. Ensure 100% coverage. 4. Report any regressions or performance bottlenecks."
Storybook: RealtimeDashboard,Task,Psitrix Psynq,Feature: RealtimeDashboard UI,Low,New,2026-06-17,2026-06-18,Developer,4h,"Frontend,Docs",v1.0.0-MVP,3,Low,Specs defined,Code implemented & tested,Tests passing; No mocks,Functional requirement met,,Revert commit,"**File:** `packages/web/src/modules/dashboard/RealtimeDashboard.stories.tsx`
**Requirements:**
- Default state
- Loading state
- Error state
- Empty state",0,Developer,Act as a Senior Full-Stack Developer. Your goal is to implement 'Storybook: RealtimeDashboard'. 1. Follow Hexagonal Architecture (Domain -> Ports -> Adapters). 2. Use NestJS/React best practices. 3. Ensure all code is strictly typed. 4. NO MOCKS: Use real DB/API connections unless it's a unit test. 5. Update Swagger/Storybook documentation.
Responsive Check: RealtimeDashboard,Task,Psitrix Psynq,Feature: RealtimeDashboard UI,Normal,New,2026-06-18,2026-06-19,Developer,4h,"Frontend,UI",v1.0.0-MVP,3,Low,Specs defined,Code implemented & tested,Tests passing; No mocks,Functional requirement met,,Revert commit,"**Checklist:**
- Mobile view (320px)
- Tablet view (768px)
- Desktop view (1024px+)
- Flex/Grid behavior",0,Developer,Act as a Senior Full-Stack Developer. Your goal is to implement 'Responsive Check: RealtimeDashboard'. 1. Follow Hexagonal Architecture (Domain -> Ports -> Adapters). 2. Use NestJS/React best practices. 3. Ensure all code is strictly typed. 4. NO MOCKS: Use real DB/API connections unless it's a unit test. 5. Update Swagger/Storybook documentation.
a11y Audit: RealtimeDashboard,Task,Psitrix Psynq,Feature: RealtimeDashboard UI,Normal,New,2026-06-18,2026-06-19,Developer,4h,"Frontend,UI",v1.0.0-MVP,3,Low,Specs defined,Code implemented & tested,Tests passing; No mocks,Functional requirement met,,Revert commit,"**Checklist:**
- Keyboard navigation
- Screen reader support
- Color contrast
- ARIA labels",0,QA Engineer,"Act as a Senior QA Engineer. Your goal is to verify the implementation of 'a11y Audit: RealtimeDashboard'. 1. Review the code in the specified file paths. 2. Execute existing tests and write new ones for edge cases (nulls, timeouts, high load). 3. Ensure 100% coverage. 4. Report any regressions or performance bottlenecks."
i18n Support: RealtimeDashboard,Task,Psitrix Psynq,Feature: RealtimeDashboard UI,Low,New,2026-06-16,2026-06-17,Developer,4h,"Frontend,i18n",v1.0.0-MVP,3,Low,Specs defined,Code implemented & tested,Tests passing; No mocks,Functional requirement met,,Revert commit,"**File:** `packages/web/src/locales/en/realtimedashboard.json`
**Requirements:**
- Extract all strings
- Add translation keys
- Support RTL if needed",0,Developer,Act as a Senior Full-Stack Developer. Your goal is to implement 'i18n Support: RealtimeDashboard'. 1. Follow Hexagonal Architecture (Domain -> Ports -> Adapters). 2. Use NestJS/React best practices. 3. Ensure all code is strictly typed. 4. NO MOCKS: Use real DB/API connections unless it's a unit test. 5. Update Swagger/Storybook documentation.
Error Boundary: RealtimeDashboard,Task,Psitrix Psynq,Feature: RealtimeDashboard UI,Low,New,2026-06-17,2026-06-18,Developer,4h,"Frontend,Logic",v1.0.0-MVP,3,Low,Specs defined,Code implemented & tested,Tests passing; No mocks,Functional requirement met,,Revert commit,"**Requirements:**
- Graceful error fallback
- Retry mechanism
- Error logging",0,Developer,Act as a Senior Full-Stack Developer. Your goal is to implement 'Error Boundary: RealtimeDashboard'. 1. Follow Hexagonal Architecture (Domain -> Ports -> Adapters). 2. Use NestJS/React best practices. 3. Ensure all code is strictly typed. 4. NO MOCKS: Use real DB/API connections unless it's a unit test. 5. Update Swagger/Storybook documentation.
Feature: ReportBuilder UI,Feature,Psitrix Psynq,Epic: UI Components Implementation,Normal,New,2026-06-14,2026-06-24,Developer,,,v1.0.0-MVP,,Low,Specs defined,Code implemented & tested,Tests passing; No mocks,Functional requirement met,,Revert commit,ReportBuilder Component,0,Product Owner / Architect,"Act as a Solution Architect. Define the technical specifications and sub-tasks for 'Feature: ReportBuilder UI'. Ensure alignment with the CCaaS platform goals (reliability, scalability, low latency)."
Build Component: ReportBuilder,Task,Psitrix Psynq,Feature: ReportBuilder UI,High,New,2026-06-14,2026-06-16,Developer,4h,"Frontend,UI",v1.0.0-MVP,3,Low,Specs defined,Code implemented & tested,Tests passing; No mocks,Functional requirement met,,Revert commit,"**File:** `packages/web/src/modules/reports/ReportBuilder.tsx`
**Props Interface:** `ReportBuilderProps`
**Requirements:**
- Functional component with Hooks
- Tailwind CSS styling
- Responsive design
- Accessibility (ARIA)",0,Developer,Act as a Senior Full-Stack Developer. Your goal is to implement 'Build Component: ReportBuilder'. 1. Follow Hexagonal Architecture (Domain -> Ports -> Adapters). 2. Use NestJS/React best practices. 3. Ensure all code is strictly typed. 4. NO MOCKS: Use real DB/API connections unless it's a unit test. 5. Update Swagger/Storybook documentation.
Implement Logic: ReportBuilder,Task,Psitrix Psynq,Feature: ReportBuilder UI,Normal,New,2026-06-15,2026-06-17,Developer,4h,"Frontend,Logic",v1.0.0-MVP,3,Low,Specs defined,Code implemented & tested,Tests passing; No mocks,Functional requirement met,,Revert commit,"**File:** `packages/web/src/modules/reports/useReportBuilder.ts` (Custom Hook)
**Requirements:**
- Handle API calls (React Query)
- Form validation (Zod/React Hook Form)
- State management (Zustand if needed)",0,Developer,Act as a Senior Full-Stack Developer. Your goal is to implement 'Implement Logic: ReportBuilder'. 1. Follow Hexagonal Architecture (Domain -> Ports -> Adapters). 2. Use NestJS/React best practices. 3. Ensure all code is strictly typed. 4. NO MOCKS: Use real DB/API connections unless it's a unit test. 5. Update Swagger/Storybook documentation.
Test Component: ReportBuilder,Task,Psitrix Psynq,Feature: ReportBuilder UI,Normal,New,2026-06-16,2026-06-18,Developer,4h,"Frontend,Testing",v1.0.0-MVP,3,Low,Specs defined,Code implemented & tested,Tests passing; No mocks,Functional requirement met,,Revert commit,"**File:** `packages/web/src/modules/reports/ReportBuilder.test.tsx`
**Requirements:**
- Render testing (React Testing Library)
- User interaction simulation
- Mock API calls (MSW)",0,QA Engineer,"Act as a Senior QA Engineer. Your goal is to verify the implementation of 'Test Component: ReportBuilder'. 1. Review the code in the specified file paths. 2. Execute existing tests and write new ones for edge cases (nulls, timeouts, high load). 3. Ensure 100% coverage. 4. Report any regressions or performance bottlenecks."
Storybook: ReportBuilder,Task,Psitrix Psynq,Feature: ReportBuilder UI,Low,New,2026-06-17,2026-06-18,Developer,4h,"Frontend,Docs",v1.0.0-MVP,3,Low,Specs defined,Code implemented & tested,Tests passing; No mocks,Functional requirement met,,Revert commit,"**File:** `packages/web/src/modules/reports/ReportBuilder.stories.tsx`
**Requirements:**
- Default state
- Loading state
- Error state
- Empty state",0,Developer,Act as a Senior Full-Stack Developer. Your goal is to implement 'Storybook: ReportBuilder'. 1. Follow Hexagonal Architecture (Domain -> Ports -> Adapters). 2. Use NestJS/React best practices. 3. Ensure all code is strictly typed. 4. NO MOCKS: Use real DB/API connections unless it's a unit test. 5. Update Swagger/Storybook documentation.
Responsive Check: ReportBuilder,Task,Psitrix Psynq,Feature: ReportBuilder UI,Normal,New,2026-06-18,2026-06-19,Developer,4h,"Frontend,UI",v1.0.0-MVP,3,Low,Specs defined,Code implemented & tested,Tests passing; No mocks,Functional requirement met,,Revert commit,"**Checklist:**
- Mobile view (320px)
- Tablet view (768px)
- Desktop view (1024px+)
- Flex/Grid behavior",0,Developer,Act as a Senior Full-Stack Developer. Your goal is to implement 'Responsive Check: ReportBuilder'. 1. Follow Hexagonal Architecture (Domain -> Ports -> Adapters). 2. Use NestJS/React best practices. 3. Ensure all code is strictly typed. 4. NO MOCKS: Use real DB/API connections unless it's a unit test. 5. Update Swagger/Storybook documentation.
a11y Audit: ReportBuilder,Task,Psitrix Psynq,Feature: ReportBuilder UI,Normal,New,2026-06-18,2026-06-19,Developer,4h,"Frontend,UI",v1.0.0-MVP,3,Low,Specs defined,Code implemented & tested,Tests passing; No mocks,Functional requirement met,,Revert commit,"**Checklist:**
- Keyboard navigation
- Screen reader support
- Color contrast
- ARIA labels",0,QA Engineer,"Act as a Senior QA Engineer. Your goal is to verify the implementation of 'a11y Audit: ReportBuilder'. 1. Review the code in the specified file paths. 2. Execute existing tests and write new ones for edge cases (nulls, timeouts, high load). 3. Ensure 100% coverage. 4. Report any regressions or performance bottlenecks."
i18n Support: ReportBuilder,Task,Psitrix Psynq,Feature: ReportBuilder UI,Low,New,2026-06-16,2026-06-17,Developer,4h,"Frontend,i18n",v1.0.0-MVP,3,Low,Specs defined,Code implemented & tested,Tests passing; No mocks,Functional requirement met,,Revert commit,"**File:** `packages/web/src/locales/en/reportbuilder.json`
**Requirements:**
- Extract all strings
- Add translation keys
- Support RTL if needed",0,Developer,Act as a Senior Full-Stack Developer. Your goal is to implement 'i18n Support: ReportBuilder'. 1. Follow Hexagonal Architecture (Domain -> Ports -> Adapters). 2. Use NestJS/React best practices. 3. Ensure all code is strictly typed. 4. NO MOCKS: Use real DB/API connections unless it's a unit test. 5. Update Swagger/Storybook documentation.
Error Boundary: ReportBuilder,Task,Psitrix Psynq,Feature: ReportBuilder UI,Low,New,2026-06-17,2026-06-18,Developer,4h,"Frontend,Logic",v1.0.0-MVP,3,Low,Specs defined,Code implemented & tested,Tests passing; No mocks,Functional requirement met,,Revert commit,"**Requirements:**
- Graceful error fallback
- Retry mechanism
- Error logging",0,Developer,Act as a Senior Full-Stack Developer. Your goal is to implement 'Error Boundary: ReportBuilder'. 1. Follow Hexagonal Architecture (Domain -> Ports -> Adapters). 2. Use NestJS/React best practices. 3. Ensure all code is strictly typed. 4. NO MOCKS: Use real DB/API connections unless it's a unit test. 5. Update Swagger/Storybook documentation.
Feature: IvrDesigner UI,Feature,Psitrix Psynq,Epic: UI Components Implementation,Normal,New,2026-06-14,2026-06-24,Developer,,,v1.0.0-MVP,,Low,Specs defined,Code implemented & tested,Tests passing; No mocks,Functional requirement met,,Revert commit,IvrDesigner Component,0,Product Owner / Architect,"Act as a Solution Architect. Define the technical specifications and sub-tasks for 'Feature: IvrDesigner UI'. Ensure alignment with the CCaaS platform goals (reliability, scalability, low latency)."
Build Component: IvrDesigner,Task,Psitrix Psynq,Feature: IvrDesigner UI,High,New,2026-06-14,2026-06-16,Developer,4h,"Frontend,UI",v1.0.0-MVP,3,Low,Specs defined,Code implemented & tested,Tests passing; No mocks,Functional requirement met,,Revert commit,"**File:** `packages/web/src/modules/ivr/IvrDesigner.tsx`
**Props Interface:** `IvrDesignerProps`
**Requirements:**
- Functional component with Hooks
- Tailwind CSS styling
- Responsive design
- Accessibility (ARIA)",0,Developer,Act as a Senior Full-Stack Developer. Your goal is to implement 'Build Component: IvrDesigner'. 1. Follow Hexagonal Architecture (Domain -> Ports -> Adapters). 2. Use NestJS/React best practices. 3. Ensure all code is strictly typed. 4. NO MOCKS: Use real DB/API connections unless it's a unit test. 5. Update Swagger/Storybook documentation.
Implement Logic: IvrDesigner,Task,Psitrix Psynq,Feature: IvrDesigner UI,Normal,New,2026-06-15,2026-06-17,Developer,4h,"Frontend,Logic",v1.0.0-MVP,3,Low,Specs defined,Code implemented & tested,Tests passing; No mocks,Functional requirement met,,Revert commit,"**File:** `packages/web/src/modules/ivr/useIvrDesigner.ts` (Custom Hook)
**Requirements:**
- Handle API calls (React Query)
- Form validation (Zod/React Hook Form)
- State management (Zustand if needed)",0,Developer,Act as a Senior Full-Stack Developer. Your goal is to implement 'Implement Logic: IvrDesigner'. 1. Follow Hexagonal Architecture (Domain -> Ports -> Adapters). 2. Use NestJS/React best practices. 3. Ensure all code is strictly typed. 4. NO MOCKS: Use real DB/API connections unless it's a unit test. 5. Update Swagger/Storybook documentation.
Test Component: IvrDesigner,Task,Psitrix Psynq,Feature: IvrDesigner UI,Normal,New,2026-06-16,2026-06-18,Developer,4h,"Frontend,Testing",v1.0.0-MVP,3,Low,Specs defined,Code implemented & tested,Tests passing; No mocks,Functional requirement met,,Revert commit,"**File:** `packages/web/src/modules/ivr/IvrDesigner.test.tsx`
**Requirements:**
- Render testing (React Testing Library)
- User interaction simulation
- Mock API calls (MSW)",0,QA Engineer,"Act as a Senior QA Engineer. Your goal is to verify the implementation of 'Test Component: IvrDesigner'. 1. Review the code in the specified file paths. 2. Execute existing tests and write new ones for edge cases (nulls, timeouts, high load). 3. Ensure 100% coverage. 4. Report any regressions or performance bottlenecks."
Storybook: IvrDesigner,Task,Psitrix Psynq,Feature: IvrDesigner UI,Low,New,2026-06-17,2026-06-18,Developer,4h,"Frontend,Docs",v1.0.0-MVP,3,Low,Specs defined,Code implemented & tested,Tests passing; No mocks,Functional requirement met,,Revert commit,"**File:** `packages/web/src/modules/ivr/IvrDesigner.stories.tsx`
**Requirements:**
- Default state
- Loading state
- Error state
- Empty state",0,Developer,Act as a Senior Full-Stack Developer. Your goal is to implement 'Storybook: IvrDesigner'. 1. Follow Hexagonal Architecture (Domain -> Ports -> Adapters). 2. Use NestJS/React best practices. 3. Ensure all code is strictly typed. 4. NO MOCKS: Use real DB/API connections unless it's a unit test. 5. Update Swagger/Storybook documentation.
Responsive Check: IvrDesigner,Task,Psitrix Psynq,Feature: IvrDesigner UI,Normal,New,2026-06-18,2026-06-19,Developer,4h,"Frontend,UI",v1.0.0-MVP,3,Low,Specs defined,Code implemented & tested,Tests passing; No mocks,Functional requirement met,,Revert commit,"**Checklist:**
- Mobile view (320px)
- Tablet view (768px)
- Desktop view (1024px+)
- Flex/Grid behavior",0,Developer,Act as a Senior Full-Stack Developer. Your goal is to implement 'Responsive Check: IvrDesigner'. 1. Follow Hexagonal Architecture (Domain -> Ports -> Adapters). 2. Use NestJS/React best practices. 3. Ensure all code is strictly typed. 4. NO MOCKS: Use real DB/API connections unless it's a unit test. 5. Update Swagger/Storybook documentation.
a11y Audit: IvrDesigner,Task,Psitrix Psynq,Feature: IvrDesigner UI,Normal,New,2026-06-18,2026-06-19,Developer,4h,"Frontend,UI",v1.0.0-MVP,3,Low,Specs defined,Code implemented & tested,Tests passing; No mocks,Functional requirement met,,Revert commit,"**Checklist:**
- Keyboard navigation
- Screen reader support
- Color contrast
- ARIA labels",0,QA Engineer,"Act as a Senior QA Engineer. Your goal is to verify the implementation of 'a11y Audit: IvrDesigner'. 1. Review the code in the specified file paths. 2. Execute existing tests and write new ones for edge cases (nulls, timeouts, high load). 3. Ensure 100% coverage. 4. Report any regressions or performance bottlenecks."
i18n Support: IvrDesigner,Task,Psitrix Psynq,Feature: IvrDesigner UI,Low,New,2026-06-16,2026-06-17,Developer,4h,"Frontend,i18n",v1.0.0-MVP,3,Low,Specs defined,Code implemented & tested,Tests passing; No mocks,Functional requirement met,,Revert commit,"**File:** `packages/web/src/locales/en/ivrdesigner.json`
**Requirements:**
- Extract all strings
- Add translation keys
- Support RTL if needed",0,Developer,Act as a Senior Full-Stack Developer. Your goal is to implement 'i18n Support: IvrDesigner'. 1. Follow Hexagonal Architecture (Domain -> Ports -> Adapters). 2. Use NestJS/React best practices. 3. Ensure all code is strictly typed. 4. NO MOCKS: Use real DB/API connections unless it's a unit test. 5. Update Swagger/Storybook documentation.
Error Boundary: IvrDesigner,Task,Psitrix Psynq,Feature: IvrDesigner UI,Low,New,2026-06-17,2026-06-18,Developer,4h,"Frontend,Logic",v1.0.0-MVP,3,Low,Specs defined,Code implemented & tested,Tests passing; No mocks,Functional requirement met,,Revert commit,"**Requirements:**
- Graceful error fallback
- Retry mechanism
- Error logging",0,Developer,Act as a Senior Full-Stack Developer. Your goal is to implement 'Error Boundary: IvrDesigner'. 1. Follow Hexagonal Architecture (Domain -> Ports -> Adapters). 2. Use NestJS/React best practices. 3. Ensure all code is strictly typed. 4. NO MOCKS: Use real DB/API connections unless it's a unit test. 5. Update Swagger/Storybook documentation.
Feature: ChatWindow UI,Feature,Psitrix Psynq,Epic: UI Components Implementation,Normal,New,2026-06-14,2026-06-24,Developer,,,v1.0.0-MVP,,Low,Specs defined,Code implemented & tested,Tests passing; No mocks,Functional requirement met,,Revert commit,ChatWindow Component,0,Product Owner / Architect,"Act as a Solution Architect. Define the technical specifications and sub-tasks for 'Feature: ChatWindow UI'. Ensure alignment with the CCaaS platform goals (reliability, scalability, low latency)."
Build Component: ChatWindow,Task,Psitrix Psynq,Feature: ChatWindow UI,High,New,2026-06-14,2026-06-16,Developer,4h,"Frontend,UI",v1.0.0-MVP,3,Low,Specs defined,Code implemented & tested,Tests passing; No mocks,Functional requirement met,,Revert commit,"**File:** `packages/web/src/modules/chat/ChatWindow.tsx`
**Props Interface:** `ChatWindowProps`
**Requirements:**
- Functional component with Hooks
- Tailwind CSS styling
- Responsive design
- Accessibility (ARIA)",0,Developer,Act as a Senior Full-Stack Developer. Your goal is to implement 'Build Component: ChatWindow'. 1. Follow Hexagonal Architecture (Domain -> Ports -> Adapters). 2. Use NestJS/React best practices. 3. Ensure all code is strictly typed. 4. NO MOCKS: Use real DB/API connections unless it's a unit test. 5. Update Swagger/Storybook documentation.
Implement Logic: ChatWindow,Task,Psitrix Psynq,Feature: ChatWindow UI,Normal,New,2026-06-15,2026-06-17,Developer,4h,"Frontend,Logic",v1.0.0-MVP,3,Low,Specs defined,Code implemented & tested,Tests passing; No mocks,Functional requirement met,,Revert commit,"**File:** `packages/web/src/modules/chat/useChatWindow.ts` (Custom Hook)
**Requirements:**
- Handle API calls (React Query)
- Form validation (Zod/React Hook Form)
- State management (Zustand if needed)",0,Developer,Act as a Senior Full-Stack Developer. Your goal is to implement 'Implement Logic: ChatWindow'. 1. Follow Hexagonal Architecture (Domain -> Ports -> Adapters). 2. Use NestJS/React best practices. 3. Ensure all code is strictly typed. 4. NO MOCKS: Use real DB/API connections unless it's a unit test. 5. Update Swagger/Storybook documentation.
Test Component: ChatWindow,Task,Psitrix Psynq,Feature: ChatWindow UI,Normal,New,2026-06-16,2026-06-18,Developer,4h,"Frontend,Testing",v1.0.0-MVP,3,Low,Specs defined,Code implemented & tested,Tests passing; No mocks,Functional requirement met,,Revert commit,"**File:** `packages/web/src/modules/chat/ChatWindow.test.tsx`
**Requirements:**
- Render testing (React Testing Library)
- User interaction simulation
- Mock API calls (MSW)",0,QA Engineer,"Act as a Senior QA Engineer. Your goal is to verify the implementation of 'Test Component: ChatWindow'. 1. Review the code in the specified file paths. 2. Execute existing tests and write new ones for edge cases (nulls, timeouts, high load). 3. Ensure 100% coverage. 4. Report any regressions or performance bottlenecks."
Storybook: ChatWindow,Task,Psitrix Psynq,Feature: ChatWindow UI,Low,New,2026-06-17,2026-06-18,Developer,4h,"Frontend,Docs",v1.0.0-MVP,3,Low,Specs defined,Code implemented & tested,Tests passing; No mocks,Functional requirement met,,Revert commit,"**File:** `packages/web/src/modules/chat/ChatWindow.stories.tsx`
**Requirements:**
- Default state
- Loading state
- Error state
- Empty state",0,Developer,Act as a Senior Full-Stack Developer. Your goal is to implement 'Storybook: ChatWindow'. 1. Follow Hexagonal Architecture (Domain -> Ports -> Adapters). 2. Use NestJS/React best practices. 3. Ensure all code is strictly typed. 4. NO MOCKS: Use real DB/API connections unless it's a unit test. 5. Update Swagger/Storybook documentation.
Responsive Check: ChatWindow,Task,Psitrix Psynq,Feature: ChatWindow UI,Normal,New,2026-06-18,2026-06-19,Developer,4h,"Frontend,UI",v1.0.0-MVP,3,Low,Specs defined,Code implemented & tested,Tests passing; No mocks,Functional requirement met,,Revert commit,"**Checklist:**
- Mobile view (320px)
- Tablet view (768px)
- Desktop view (1024px+)
- Flex/Grid behavior",0,Developer,Act as a Senior Full-Stack Developer. Your goal is to implement 'Responsive Check: ChatWindow'. 1. Follow Hexagonal Architecture (Domain -> Ports -> Adapters). 2. Use NestJS/React best practices. 3. Ensure all code is strictly typed. 4. NO MOCKS: Use real DB/API connections unless it's a unit test. 5. Update Swagger/Storybook documentation.
a11y Audit: ChatWindow,Task,Psitrix Psynq,Feature: ChatWindow UI,Normal,New,2026-06-18,2026-06-19,Developer,4h,"Frontend,UI",v1.0.0-MVP,3,Low,Specs defined,Code implemented & tested,Tests passing; No mocks,Functional requirement met,,Revert commit,"**Checklist:**
- Keyboard navigation
- Screen reader support
- Color contrast
- ARIA labels",0,QA Engineer,"Act as a Senior QA Engineer. Your goal is to verify the implementation of 'a11y Audit: ChatWindow'. 1. Review the code in the specified file paths. 2. Execute existing tests and write new ones for edge cases (nulls, timeouts, high load). 3. Ensure 100% coverage. 4. Report any regressions or performance bottlenecks."
i18n Support: ChatWindow,Task,Psitrix Psynq,Feature: ChatWindow UI,Low,New,2026-06-16,2026-06-17,Developer,4h,"Frontend,i18n",v1.0.0-MVP,3,Low,Specs defined,Code implemented & tested,Tests passing; No mocks,Functional requirement met,,Revert commit,"**File:** `packages/web/src/locales/en/chatwindow.json`
**Requirements:**
- Extract all strings
- Add translation keys
- Support RTL if needed",0,Developer,Act as a Senior Full-Stack Developer. Your goal is to implement 'i18n Support: ChatWindow'. 1. Follow Hexagonal Architecture (Domain -> Ports -> Adapters). 2. Use NestJS/React best practices. 3. Ensure all code is strictly typed. 4. NO MOCKS: Use real DB/API connections unless it's a unit test. 5. Update Swagger/Storybook documentation.
Error Boundary: ChatWindow,Task,Psitrix Psynq,Feature: ChatWindow UI,Low,New,2026-06-17,2026-06-18,Developer,4h,"Frontend,Logic",v1.0.0-MVP,3,Low,Specs defined,Code implemented & tested,Tests passing; No mocks,Functional requirement met,,Revert commit,"**Requirements:**
- Graceful error fallback
- Retry mechanism
- Error logging",0,Developer,Act as a Senior Full-Stack Developer. Your goal is to implement 'Error Boundary: ChatWindow'. 1. Follow Hexagonal Architecture (Domain -> Ports -> Adapters). 2. Use NestJS/React best practices. 3. Ensure all code is strictly typed. 4. NO MOCKS: Use real DB/API connections unless it's a unit test. 5. Update Swagger/Storybook documentation.
Feature: InteractionHistory UI,Feature,Psitrix Psynq,Epic: UI Components Implementation,Normal,New,2026-06-14,2026-06-24,Developer,,,v1.0.0-MVP,,Low,Specs defined,Code implemented & tested,Tests passing; No mocks,Functional requirement met,,Revert commit,InteractionHistory Component,0,Product Owner / Architect,"Act as a Solution Architect. Define the technical specifications and sub-tasks for 'Feature: InteractionHistory UI'. Ensure alignment with the CCaaS platform goals (reliability, scalability, low latency)."
Build Component: InteractionHistory,Task,Psitrix Psynq,Feature: InteractionHistory UI,High,New,2026-06-14,2026-06-16,Developer,4h,"Frontend,UI",v1.0.0-MVP,3,Low,Specs defined,Code implemented & tested,Tests passing; No mocks,Functional requirement met,,Revert commit,"**File:** `packages/web/src/modules/history/InteractionHistory.tsx`
**Props Interface:** `InteractionHistoryProps`
**Requirements:**
- Functional component with Hooks
- Tailwind CSS styling
- Responsive design
- Accessibility (ARIA)",0,Developer,Act as a Senior Full-Stack Developer. Your goal is to implement 'Build Component: InteractionHistory'. 1. Follow Hexagonal Architecture (Domain -> Ports -> Adapters). 2. Use NestJS/React best practices. 3. Ensure all code is strictly typed. 4. NO MOCKS: Use real DB/API connections unless it's a unit test. 5. Update Swagger/Storybook documentation.
Implement Logic: InteractionHistory,Task,Psitrix Psynq,Feature: InteractionHistory UI,Normal,New,2026-06-15,2026-06-17,Developer,4h,"Frontend,Logic",v1.0.0-MVP,3,Low,Specs defined,Code implemented & tested,Tests passing; No mocks,Functional requirement met,,Revert commit,"**File:** `packages/web/src/modules/history/useInteractionHistory.ts` (Custom Hook)
**Requirements:**
- Handle API calls (React Query)
- Form validation (Zod/React Hook Form)
- State management (Zustand if needed)",0,Developer,Act as a Senior Full-Stack Developer. Your goal is to implement 'Implement Logic: InteractionHistory'. 1. Follow Hexagonal Architecture (Domain -> Ports -> Adapters). 2. Use NestJS/React best practices. 3. Ensure all code is strictly typed. 4. NO MOCKS: Use real DB/API connections unless it's a unit test. 5. Update Swagger/Storybook documentation.
Test Component: InteractionHistory,Task,Psitrix Psynq,Feature: InteractionHistory UI,Normal,New,2026-06-16,2026-06-18,Developer,4h,"Frontend,Testing",v1.0.0-MVP,3,Low,Specs defined,Code implemented & tested,Tests passing; No mocks,Functional requirement met,,Revert commit,"**File:** `packages/web/src/modules/history/InteractionHistory.test.tsx`
**Requirements:**
- Render testing (React Testing Library)
- User interaction simulation
- Mock API calls (MSW)",0,QA Engineer,"Act as a Senior QA Engineer. Your goal is to verify the implementation of 'Test Component: InteractionHistory'. 1. Review the code in the specified file paths. 2. Execute existing tests and write new ones for edge cases (nulls, timeouts, high load). 3. Ensure 100% coverage. 4. Report any regressions or performance bottlenecks."
Storybook: InteractionHistory,Task,Psitrix Psynq,Feature: InteractionHistory UI,Low,New,2026-06-17,2026-06-18,Developer,4h,"Frontend,Docs",v1.0.0-MVP,3,Low,Specs defined,Code implemented & tested,Tests passing; No mocks,Functional requirement met,,Revert commit,"**File:** `packages/web/src/modules/history/InteractionHistory.stories.tsx`
**Requirements:**
- Default state
- Loading state
- Error state
- Empty state",0,Developer,Act as a Senior Full-Stack Developer. Your goal is to implement 'Storybook: InteractionHistory'. 1. Follow Hexagonal Architecture (Domain -> Ports -> Adapters). 2. Use NestJS/React best practices. 3. Ensure all code is strictly typed. 4. NO MOCKS: Use real DB/API connections unless it's a unit test. 5. Update Swagger/Storybook documentation.
Responsive Check: InteractionHistory,Task,Psitrix Psynq,Feature: InteractionHistory UI,Normal,New,2026-06-18,2026-06-19,Developer,4h,"Frontend,UI",v1.0.0-MVP,3,Low,Specs defined,Code implemented & tested,Tests passing; No mocks,Functional requirement met,,Revert commit,"**Checklist:**
- Mobile view (320px)
- Tablet view (768px)
- Desktop view (1024px+)
- Flex/Grid behavior",0,Developer,Act as a Senior Full-Stack Developer. Your goal is to implement 'Responsive Check: InteractionHistory'. 1. Follow Hexagonal Architecture (Domain -> Ports -> Adapters). 2. Use NestJS/React best practices. 3. Ensure all code is strictly typed. 4. NO MOCKS: Use real DB/API connections unless it's a unit test. 5. Update Swagger/Storybook documentation.
a11y Audit: InteractionHistory,Task,Psitrix Psynq,Feature: InteractionHistory UI,Normal,New,2026-06-18,2026-06-19,Developer,4h,"Frontend,UI",v1.0.0-MVP,3,Low,Specs defined,Code implemented & tested,Tests passing; No mocks,Functional requirement met,,Revert commit,"**Checklist:**
- Keyboard navigation
- Screen reader support
- Color contrast
- ARIA labels",0,QA Engineer,"Act as a Senior QA Engineer. Your goal is to verify the implementation of 'a11y Audit: InteractionHistory'. 1. Review the code in the specified file paths. 2. Execute existing tests and write new ones for edge cases (nulls, timeouts, high load). 3. Ensure 100% coverage. 4. Report any regressions or performance bottlenecks."
i18n Support: InteractionHistory,Task,Psitrix Psynq,Feature: InteractionHistory UI,Low,New,2026-06-16,2026-06-17,Developer,4h,"Frontend,i18n",v1.0.0-MVP,3,Low,Specs defined,Code implemented & tested,Tests passing; No mocks,Functional requirement met,,Revert commit,"**File:** `packages/web/src/locales/en/interactionhistory.json`
**Requirements:**
- Extract all strings
- Add translation keys
- Support RTL if needed",0,Developer,Act as a Senior Full-Stack Developer. Your goal is to implement 'i18n Support: InteractionHistory'. 1. Follow Hexagonal Architecture (Domain -> Ports -> Adapters). 2. Use NestJS/React best practices. 3. Ensure all code is strictly typed. 4. NO MOCKS: Use real DB/API connections unless it's a unit test. 5. Update Swagger/Storybook documentation.
Error Boundary: InteractionHistory,Task,Psitrix Psynq,Feature: InteractionHistory UI,Low,New,2026-06-17,2026-06-18,Developer,4h,"Frontend,Logic",v1.0.0-MVP,3,Low,Specs defined,Code implemented & tested,Tests passing; No mocks,Functional requirement met,,Revert commit,"**Requirements:**
- Graceful error fallback
- Retry mechanism
- Error logging",0,Developer,Act as a Senior Full-Stack Developer. Your goal is to implement 'Error Boundary: InteractionHistory'. 1. Follow Hexagonal Architecture (Domain -> Ports -> Adapters). 2. Use NestJS/React best practices. 3. Ensure all code is strictly typed. 4. NO MOCKS: Use real DB/API connections unless it's a unit test. 5. Update Swagger/Storybook documentation.
Feature: RecordingPlayer UI,Feature,Psitrix Psynq,Epic: UI Components Implementation,Normal,New,2026-06-14,2026-06-24,Developer,,,v1.0.0-MVP,,Low,Specs defined,Code implemented & tested,Tests passing; No mocks,Functional requirement met,,Revert commit,RecordingPlayer Component,0,Product Owner / Architect,"Act as a Solution Architect. Define the technical specifications and sub-tasks for 'Feature: RecordingPlayer UI'. Ensure alignment with the CCaaS platform goals (reliability, scalability, low latency)."
Build Component: RecordingPlayer,Task,Psitrix Psynq,Feature: RecordingPlayer UI,High,New,2026-06-14,2026-06-16,Developer,4h,"Frontend,UI",v1.0.0-MVP,3,Low,Specs defined,Code implemented & tested,Tests passing; No mocks,Functional requirement met,,Revert commit,"**File:** `packages/web/src/modules/recordings/RecordingPlayer.tsx`
**Props Interface:** `RecordingPlayerProps`
**Requirements:**
- Functional component with Hooks
- Tailwind CSS styling
- Responsive design
- Accessibility (ARIA)",0,Developer,Act as a Senior Full-Stack Developer. Your goal is to implement 'Build Component: RecordingPlayer'. 1. Follow Hexagonal Architecture (Domain -> Ports -> Adapters). 2. Use NestJS/React best practices. 3. Ensure all code is strictly typed. 4. NO MOCKS: Use real DB/API connections unless it's a unit test. 5. Update Swagger/Storybook documentation.
Implement Logic: RecordingPlayer,Task,Psitrix Psynq,Feature: RecordingPlayer UI,Normal,New,2026-06-15,2026-06-17,Developer,4h,"Frontend,Logic",v1.0.0-MVP,3,Low,Specs defined,Code implemented & tested,Tests passing; No mocks,Functional requirement met,,Revert commit,"**File:** `packages/web/src/modules/recordings/useRecordingPlayer.ts` (Custom Hook)
**Requirements:**
- Handle API calls (React Query)
- Form validation (Zod/React Hook Form)
- State management (Zustand if needed)",0,Developer,Act as a Senior Full-Stack Developer. Your goal is to implement 'Implement Logic: RecordingPlayer'. 1. Follow Hexagonal Architecture (Domain -> Ports -> Adapters). 2. Use NestJS/React best practices. 3. Ensure all code is strictly typed. 4. NO MOCKS: Use real DB/API connections unless it's a unit test. 5. Update Swagger/Storybook documentation.
Test Component: RecordingPlayer,Task,Psitrix Psynq,Feature: RecordingPlayer UI,Normal,New,2026-06-16,2026-06-18,Developer,4h,"Frontend,Testing",v1.0.0-MVP,3,Low,Specs defined,Code implemented & tested,Tests passing; No mocks,Functional requirement met,,Revert commit,"**File:** `packages/web/src/modules/recordings/RecordingPlayer.test.tsx`
**Requirements:**
- Render testing (React Testing Library)
- User interaction simulation
- Mock API calls (MSW)",0,QA Engineer,"Act as a Senior QA Engineer. Your goal is to verify the implementation of 'Test Component: RecordingPlayer'. 1. Review the code in the specified file paths. 2. Execute existing tests and write new ones for edge cases (nulls, timeouts, high load). 3. Ensure 100% coverage. 4. Report any regressions or performance bottlenecks."
Storybook: RecordingPlayer,Task,Psitrix Psynq,Feature: RecordingPlayer UI,Low,New,2026-06-17,2026-06-18,Developer,4h,"Frontend,Docs",v1.0.0-MVP,3,Low,Specs defined,Code implemented & tested,Tests passing; No mocks,Functional requirement met,,Revert commit,"**File:** `packages/web/src/modules/recordings/RecordingPlayer.stories.tsx`
**Requirements:**
- Default state
- Loading state
- Error state
- Empty state",0,Developer,Act as a Senior Full-Stack Developer. Your goal is to implement 'Storybook: RecordingPlayer'. 1. Follow Hexagonal Architecture (Domain -> Ports -> Adapters). 2. Use NestJS/React best practices. 3. Ensure all code is strictly typed. 4. NO MOCKS: Use real DB/API connections unless it's a unit test. 5. Update Swagger/Storybook documentation.
Responsive Check: RecordingPlayer,Task,Psitrix Psynq,Feature: RecordingPlayer UI,Normal,New,2026-06-18,2026-06-19,Developer,4h,"Frontend,UI",v1.0.0-MVP,3,Low,Specs defined,Code implemented & tested,Tests passing; No mocks,Functional requirement met,,Revert commit,"**Checklist:**
- Mobile view (320px)
- Tablet view (768px)
- Desktop view (1024px+)
- Flex/Grid behavior",0,Developer,Act as a Senior Full-Stack Developer. Your goal is to implement 'Responsive Check: RecordingPlayer'. 1. Follow Hexagonal Architecture (Domain -> Ports -> Adapters). 2. Use NestJS/React best practices. 3. Ensure all code is strictly typed. 4. NO MOCKS: Use real DB/API connections unless it's a unit test. 5. Update Swagger/Storybook documentation.
a11y Audit: RecordingPlayer,Task,Psitrix Psynq,Feature: RecordingPlayer UI,Normal,New,2026-06-18,2026-06-19,Developer,4h,"Frontend,UI",v1.0.0-MVP,3,Low,Specs defined,Code implemented & tested,Tests passing; No mocks,Functional requirement met,,Revert commit,"**Checklist:**
- Keyboard navigation
- Screen reader support
- Color contrast
- ARIA labels",0,QA Engineer,"Act as a Senior QA Engineer. Your goal is to verify the implementation of 'a11y Audit: RecordingPlayer'. 1. Review the code in the specified file paths. 2. Execute existing tests and write new ones for edge cases (nulls, timeouts, high load). 3. Ensure 100% coverage. 4. Report any regressions or performance bottlenecks."
i18n Support: RecordingPlayer,Task,Psitrix Psynq,Feature: RecordingPlayer UI,Low,New,2026-06-16,2026-06-17,Developer,4h,"Frontend,i18n",v1.0.0-MVP,3,Low,Specs defined,Code implemented & tested,Tests passing; No mocks,Functional requirement met,,Revert commit,"**File:** `packages/web/src/locales/en/recordingplayer.json`
**Requirements:**
- Extract all strings
- Add translation keys
- Support RTL if needed",0,Developer,Act as a Senior Full-Stack Developer. Your goal is to implement 'i18n Support: RecordingPlayer'. 1. Follow Hexagonal Architecture (Domain -> Ports -> Adapters). 2. Use NestJS/React best practices. 3. Ensure all code is strictly typed. 4. NO MOCKS: Use real DB/API connections unless it's a unit test. 5. Update Swagger/Storybook documentation.
Error Boundary: RecordingPlayer,Task,Psitrix Psynq,Feature: RecordingPlayer UI,Low,New,2026-06-17,2026-06-18,Developer,4h,"Frontend,Logic",v1.0.0-MVP,3,Low,Specs defined,Code implemented & tested,Tests passing; No mocks,Functional requirement met,,Revert commit,"**Requirements:**
- Graceful error fallback
- Retry mechanism
- Error logging",0,Developer,Act as a Senior Full-Stack Developer. Your goal is to implement 'Error Boundary: RecordingPlayer'. 1. Follow Hexagonal Architecture (Domain -> Ports -> Adapters). 2. Use NestJS/React best practices. 3. Ensure all code is strictly typed. 4. NO MOCKS: Use real DB/API connections unless it's a unit test. 5. Update Swagger/Storybook documentation.
Feature: EvaluationForm UI,Feature,Psitrix Psynq,Epic: UI Components Implementation,Normal,New,2026-06-14,2026-06-24,Developer,,,v1.0.0-MVP,,Low,Specs defined,Code implemented & tested,Tests passing; No mocks,Functional requirement met,,Revert commit,EvaluationForm Component,0,Product Owner / Architect,"Act as a Solution Architect. Define the technical specifications and sub-tasks for 'Feature: EvaluationForm UI'. Ensure alignment with the CCaaS platform goals (reliability, scalability, low latency)."
Build Component: EvaluationForm,Task,Psitrix Psynq,Feature: EvaluationForm UI,High,New,2026-06-14,2026-06-16,Developer,4h,"Frontend,UI",v1.0.0-MVP,3,Low,Specs defined,Code implemented & tested,Tests passing; No mocks,Functional requirement met,,Revert commit,"**File:** `packages/web/src/modules/qm/EvaluationForm.tsx`
**Props Interface:** `EvaluationFormProps`
**Requirements:**
- Functional component with Hooks
- Tailwind CSS styling
- Responsive design
- Accessibility (ARIA)",0,Developer,Act as a Senior Full-Stack Developer. Your goal is to implement 'Build Component: EvaluationForm'. 1. Follow Hexagonal Architecture (Domain -> Ports -> Adapters). 2. Use NestJS/React best practices. 3. Ensure all code is strictly typed. 4. NO MOCKS: Use real DB/API connections unless it's a unit test. 5. Update Swagger/Storybook documentation.
Implement Logic: EvaluationForm,Task,Psitrix Psynq,Feature: EvaluationForm UI,Normal,New,2026-06-15,2026-06-17,Developer,4h,"Frontend,Logic",v1.0.0-MVP,3,Low,Specs defined,Code implemented & tested,Tests passing; No mocks,Functional requirement met,,Revert commit,"**File:** `packages/web/src/modules/qm/useEvaluationForm.ts` (Custom Hook)
**Requirements:**
- Handle API calls (React Query)
- Form validation (Zod/React Hook Form)
- State management (Zustand if needed)",0,Developer,Act as a Senior Full-Stack Developer. Your goal is to implement 'Implement Logic: EvaluationForm'. 1. Follow Hexagonal Architecture (Domain -> Ports -> Adapters). 2. Use NestJS/React best practices. 3. Ensure all code is strictly typed. 4. NO MOCKS: Use real DB/API connections unless it's a unit test. 5. Update Swagger/Storybook documentation.
Test Component: EvaluationForm,Task,Psitrix Psynq,Feature: EvaluationForm UI,Normal,New,2026-06-16,2026-06-18,Developer,4h,"Frontend,Testing",v1.0.0-MVP,3,Low,Specs defined,Code implemented & tested,Tests passing; No mocks,Functional requirement met,,Revert commit,"**File:** `packages/web/src/modules/qm/EvaluationForm.test.tsx`
**Requirements:**
- Render testing (React Testing Library)
- User interaction simulation
- Mock API calls (MSW)",0,QA Engineer,"Act as a Senior QA Engineer. Your goal is to verify the implementation of 'Test Component: EvaluationForm'. 1. Review the code in the specified file paths. 2. Execute existing tests and write new ones for edge cases (nulls, timeouts, high load). 3. Ensure 100% coverage. 4. Report any regressions or performance bottlenecks."
Storybook: EvaluationForm,Task,Psitrix Psynq,Feature: EvaluationForm UI,Low,New,2026-06-17,2026-06-18,Developer,4h,"Frontend,Docs",v1.0.0-MVP,3,Low,Specs defined,Code implemented & tested,Tests passing; No mocks,Functional requirement met,,Revert commit,"**File:** `packages/web/src/modules/qm/EvaluationForm.stories.tsx`
**Requirements:**
- Default state
- Loading state
- Error state
- Empty state",0,Developer,Act as a Senior Full-Stack Developer. Your goal is to implement 'Storybook: EvaluationForm'. 1. Follow Hexagonal Architecture (Domain -> Ports -> Adapters). 2. Use NestJS/React best practices. 3. Ensure all code is strictly typed. 4. NO MOCKS: Use real DB/API connections unless it's a unit test. 5. Update Swagger/Storybook documentation.
Responsive Check: EvaluationForm,Task,Psitrix Psynq,Feature: EvaluationForm UI,Normal,New,2026-06-18,2026-06-19,Developer,4h,"Frontend,UI",v1.0.0-MVP,3,Low,Specs defined,Code implemented & tested,Tests passing; No mocks,Functional requirement met,,Revert commit,"**Checklist:**
- Mobile view (320px)
- Tablet view (768px)
- Desktop view (1024px+)
- Flex/Grid behavior",0,Developer,Act as a Senior Full-Stack Developer. Your goal is to implement 'Responsive Check: EvaluationForm'. 1. Follow Hexagonal Architecture (Domain -> Ports -> Adapters). 2. Use NestJS/React best practices. 3. Ensure all code is strictly typed. 4. NO MOCKS: Use real DB/API connections unless it's a unit test. 5. Update Swagger/Storybook documentation.
a11y Audit: EvaluationForm,Task,Psitrix Psynq,Feature: EvaluationForm UI,Normal,New,2026-06-18,2026-06-19,Developer,4h,"Frontend,UI",v1.0.0-MVP,3,Low,Specs defined,Code implemented & tested,Tests passing; No mocks,Functional requirement met,,Revert commit,"**Checklist:**
- Keyboard navigation
- Screen reader support
- Color contrast
- ARIA labels",0,QA Engineer,"Act as a Senior QA Engineer. Your goal is to verify the implementation of 'a11y Audit: EvaluationForm'. 1. Review the code in the specified file paths. 2. Execute existing tests and write new ones for edge cases (nulls, timeouts, high load). 3. Ensure 100% coverage. 4. Report any regressions or performance bottlenecks."
i18n Support: EvaluationForm,Task,Psitrix Psynq,Feature: EvaluationForm UI,Low,New,2026-06-16,2026-06-17,Developer,4h,"Frontend,i18n",v1.0.0-MVP,3,Low,Specs defined,Code implemented & tested,Tests passing; No mocks,Functional requirement met,,Revert commit,"**File:** `packages/web/src/locales/en/evaluationform.json`
**Requirements:**
- Extract all strings
- Add translation keys
- Support RTL if needed",0,Developer,Act as a Senior Full-Stack Developer. Your goal is to implement 'i18n Support: EvaluationForm'. 1. Follow Hexagonal Architecture (Domain -> Ports -> Adapters). 2. Use NestJS/React best practices. 3. Ensure all code is strictly typed. 4. NO MOCKS: Use real DB/API connections unless it's a unit test. 5. Update Swagger/Storybook documentation.
Error Boundary: EvaluationForm,Task,Psitrix Psynq,Feature: EvaluationForm UI,Low,New,2026-06-17,2026-06-18,Developer,4h,"Frontend,Logic",v1.0.0-MVP,3,Low,Specs defined,Code implemented & tested,Tests passing; No mocks,Functional requirement met,,Revert commit,"**Requirements:**
- Graceful error fallback
- Retry mechanism
- Error logging",0,Developer,Act as a Senior Full-Stack Developer. Your goal is to implement 'Error Boundary: EvaluationForm'. 1. Follow Hexagonal Architecture (Domain -> Ports -> Adapters). 2. Use NestJS/React best practices. 3. Ensure all code is strictly typed. 4. NO MOCKS: Use real DB/API connections unless it's a unit test. 5. Update Swagger/Storybook documentation.
Feature: ScheduleCalendar UI,Feature,Psitrix Psynq,Epic: UI Components Implementation,Normal,New,2026-06-14,2026-06-24,Developer,,,v1.0.0-MVP,,Low,Specs defined,Code implemented & tested,Tests passing; No mocks,Functional requirement met,,Revert commit,ScheduleCalendar Component,0,Product Owner / Architect,"Act as a Solution Architect. Define the technical specifications and sub-tasks for 'Feature: ScheduleCalendar UI'. Ensure alignment with the CCaaS platform goals (reliability, scalability, low latency)."
Build Component: ScheduleCalendar,Task,Psitrix Psynq,Feature: ScheduleCalendar UI,High,New,2026-06-14,2026-06-16,Developer,4h,"Frontend,UI",v1.0.0-MVP,3,Low,Specs defined,Code implemented & tested,Tests passing; No mocks,Functional requirement met,,Revert commit,"**File:** `packages/web/src/modules/wfm/ScheduleCalendar.tsx`
**Props Interface:** `ScheduleCalendarProps`
**Requirements:**
- Functional component with Hooks
- Tailwind CSS styling
- Responsive design
- Accessibility (ARIA)",0,Developer,Act as a Senior Full-Stack Developer. Your goal is to implement 'Build Component: ScheduleCalendar'. 1. Follow Hexagonal Architecture (Domain -> Ports -> Adapters). 2. Use NestJS/React best practices. 3. Ensure all code is strictly typed. 4. NO MOCKS: Use real DB/API connections unless it's a unit test. 5. Update Swagger/Storybook documentation.
Implement Logic: ScheduleCalendar,Task,Psitrix Psynq,Feature: ScheduleCalendar UI,Normal,New,2026-06-15,2026-06-17,Developer,4h,"Frontend,Logic",v1.0.0-MVP,3,Low,Specs defined,Code implemented & tested,Tests passing; No mocks,Functional requirement met,,Revert commit,"**File:** `packages/web/src/modules/wfm/useScheduleCalendar.ts` (Custom Hook)
**Requirements:**
- Handle API calls (React Query)
- Form validation (Zod/React Hook Form)
- State management (Zustand if needed)",0,Developer,Act as a Senior Full-Stack Developer. Your goal is to implement 'Implement Logic: ScheduleCalendar'. 1. Follow Hexagonal Architecture (Domain -> Ports -> Adapters). 2. Use NestJS/React best practices. 3. Ensure all code is strictly typed. 4. NO MOCKS: Use real DB/API connections unless it's a unit test. 5. Update Swagger/Storybook documentation.
Test Component: ScheduleCalendar,Task,Psitrix Psynq,Feature: ScheduleCalendar UI,Normal,New,2026-06-16,2026-06-18,Developer,4h,"Frontend,Testing",v1.0.0-MVP,3,Low,Specs defined,Code implemented & tested,Tests passing; No mocks,Functional requirement met,,Revert commit,"**File:** `packages/web/src/modules/wfm/ScheduleCalendar.test.tsx`
**Requirements:**
- Render testing (React Testing Library)
- User interaction simulation
- Mock API calls (MSW)",0,QA Engineer,"Act as a Senior QA Engineer. Your goal is to verify the implementation of 'Test Component: ScheduleCalendar'. 1. Review the code in the specified file paths. 2. Execute existing tests and write new ones for edge cases (nulls, timeouts, high load). 3. Ensure 100% coverage. 4. Report any regressions or performance bottlenecks."
Storybook: ScheduleCalendar,Task,Psitrix Psynq,Feature: ScheduleCalendar UI,Low,New,2026-06-17,2026-06-18,Developer,4h,"Frontend,Docs",v1.0.0-MVP,3,Low,Specs defined,Code implemented & tested,Tests passing; No mocks,Functional requirement met,,Revert commit,"**File:** `packages/web/src/modules/wfm/ScheduleCalendar.stories.tsx`
**Requirements:**
- Default state
- Loading state
- Error state
- Empty state",0,Developer,Act as a Senior Full-Stack Developer. Your goal is to implement 'Storybook: ScheduleCalendar'. 1. Follow Hexagonal Architecture (Domain -> Ports -> Adapters). 2. Use NestJS/React best practices. 3. Ensure all code is strictly typed. 4. NO MOCKS: Use real DB/API connections unless it's a unit test. 5. Update Swagger/Storybook documentation.
Responsive Check: ScheduleCalendar,Task,Psitrix Psynq,Feature: ScheduleCalendar UI,Normal,New,2026-06-18,2026-06-19,Developer,4h,"Frontend,UI",v1.0.0-MVP,3,Low,Specs defined,Code implemented & tested,Tests passing; No mocks,Functional requirement met,,Revert commit,"**Checklist:**
- Mobile view (320px)
- Tablet view (768px)
- Desktop view (1024px+)
- Flex/Grid behavior",0,Developer,Act as a Senior Full-Stack Developer. Your goal is to implement 'Responsive Check: ScheduleCalendar'. 1. Follow Hexagonal Architecture (Domain -> Ports -> Adapters). 2. Use NestJS/React best practices. 3. Ensure all code is strictly typed. 4. NO MOCKS: Use real DB/API connections unless it's a unit test. 5. Update Swagger/Storybook documentation.
a11y Audit: ScheduleCalendar,Task,Psitrix Psynq,Feature: ScheduleCalendar UI,Normal,New,2026-06-18,2026-06-19,Developer,4h,"Frontend,UI",v1.0.0-MVP,3,Low,Specs defined,Code implemented & tested,Tests passing; No mocks,Functional requirement met,,Revert commit,"**Checklist:**
- Keyboard navigation
- Screen reader support
- Color contrast
- ARIA labels",0,QA Engineer,"Act as a Senior QA Engineer. Your goal is to verify the implementation of 'a11y Audit: ScheduleCalendar'. 1. Review the code in the specified file paths. 2. Execute existing tests and write new ones for edge cases (nulls, timeouts, high load). 3. Ensure 100% coverage. 4. Report any regressions or performance bottlenecks."
i18n Support: ScheduleCalendar,Task,Psitrix Psynq,Feature: ScheduleCalendar UI,Low,New,2026-06-16,2026-06-17,Developer,4h,"Frontend,i18n",v1.0.0-MVP,3,Low,Specs defined,Code implemented & tested,Tests passing; No mocks,Functional requirement met,,Revert commit,"**File:** `packages/web/src/locales/en/schedulecalendar.json`
**Requirements:**
- Extract all strings
- Add translation keys
- Support RTL if needed",0,Developer,Act as a Senior Full-Stack Developer. Your goal is to implement 'i18n Support: ScheduleCalendar'. 1. Follow Hexagonal Architecture (Domain -> Ports -> Adapters). 2. Use NestJS/React best practices. 3. Ensure all code is strictly typed. 4. NO MOCKS: Use real DB/API connections unless it's a unit test. 5. Update Swagger/Storybook documentation.
Error Boundary: ScheduleCalendar,Task,Psitrix Psynq,Feature: ScheduleCalendar UI,Low,New,2026-06-17,2026-06-18,Developer,4h,"Frontend,Logic",v1.0.0-MVP,3,Low,Specs defined,Code implemented & tested,Tests passing; No mocks,Functional requirement met,,Revert commit,"**Requirements:**
- Graceful error fallback
- Retry mechanism
- Error logging",0,Developer,Act as a Senior Full-Stack Developer. Your goal is to implement 'Error Boundary: ScheduleCalendar'. 1. Follow Hexagonal Architecture (Domain -> Ports -> Adapters). 2. Use NestJS/React best practices. 3. Ensure all code is strictly typed. 4. NO MOCKS: Use real DB/API connections unless it's a unit test. 5. Update Swagger/Storybook documentation.
Feature: UserManagement UI,Feature,Psitrix Psynq,Epic: UI Components Implementation,Normal,New,2026-06-14,2026-06-24,Developer,,,v1.0.0-MVP,,Low,Specs defined,Code implemented & tested,Tests passing; No mocks,Functional requirement met,,Revert commit,UserManagement Component,0,Product Owner / Architect,"Act as a Solution Architect. Define the technical specifications and sub-tasks for 'Feature: UserManagement UI'. Ensure alignment with the CCaaS platform goals (reliability, scalability, low latency)."
Build Component: UserManagement,Task,Psitrix Psynq,Feature: UserManagement UI,High,New,2026-06-14,2026-06-16,Developer,4h,"Frontend,UI",v1.0.0-MVP,3,Low,Specs defined,Code implemented & tested,Tests passing; No mocks,Functional requirement met,,Revert commit,"**File:** `packages/web/src/modules/user/UserManagement.tsx`
**Props Interface:** `UserManagementProps`
**Requirements:**
- Functional component with Hooks
- Tailwind CSS styling
- Responsive design
- Accessibility (ARIA)",0,Developer,Act as a Senior Full-Stack Developer. Your goal is to implement 'Build Component: UserManagement'. 1. Follow Hexagonal Architecture (Domain -> Ports -> Adapters). 2. Use NestJS/React best practices. 3. Ensure all code is strictly typed. 4. NO MOCKS: Use real DB/API connections unless it's a unit test. 5. Update Swagger/Storybook documentation.
Implement Logic: UserManagement,Task,Psitrix Psynq,Feature: UserManagement UI,Normal,New,2026-06-15,2026-06-17,Developer,4h,"Frontend,Logic",v1.0.0-MVP,3,Low,Specs defined,Code implemented & tested,Tests passing; No mocks,Functional requirement met,,Revert commit,"**File:** `packages/web/src/modules/user/useUserManagement.ts` (Custom Hook)
**Requirements:**
- Handle API calls (React Query)
- Form validation (Zod/React Hook Form)
- State management (Zustand if needed)",0,Developer,Act as a Senior Full-Stack Developer. Your goal is to implement 'Implement Logic: UserManagement'. 1. Follow Hexagonal Architecture (Domain -> Ports -> Adapters). 2. Use NestJS/React best practices. 3. Ensure all code is strictly typed. 4. NO MOCKS: Use real DB/API connections unless it's a unit test. 5. Update Swagger/Storybook documentation.
Test Component: UserManagement,Task,Psitrix Psynq,Feature: UserManagement UI,Normal,New,2026-06-16,2026-06-18,Developer,4h,"Frontend,Testing",v1.0.0-MVP,3,Low,Specs defined,Code implemented & tested,Tests passing; No mocks,Functional requirement met,,Revert commit,"**File:** `packages/web/src/modules/user/UserManagement.test.tsx`
**Requirements:**
- Render testing (React Testing Library)
- User interaction simulation
- Mock API calls (MSW)",0,QA Engineer,"Act as a Senior QA Engineer. Your goal is to verify the implementation of 'Test Component: UserManagement'. 1. Review the code in the specified file paths. 2. Execute existing tests and write new ones for edge cases (nulls, timeouts, high load). 3. Ensure 100% coverage. 4. Report any regressions or performance bottlenecks."
Storybook: UserManagement,Task,Psitrix Psynq,Feature: UserManagement UI,Low,New,2026-06-17,2026-06-18,Developer,4h,"Frontend,Docs",v1.0.0-MVP,3,Low,Specs defined,Code implemented & tested,Tests passing; No mocks,Functional requirement met,,Revert commit,"**File:** `packages/web/src/modules/user/UserManagement.stories.tsx`
**Requirements:**
- Default state
- Loading state
- Error state
- Empty state",0,Developer,Act as a Senior Full-Stack Developer. Your goal is to implement 'Storybook: UserManagement'. 1. Follow Hexagonal Architecture (Domain -> Ports -> Adapters). 2. Use NestJS/React best practices. 3. Ensure all code is strictly typed. 4. NO MOCKS: Use real DB/API connections unless it's a unit test. 5. Update Swagger/Storybook documentation.
Responsive Check: UserManagement,Task,Psitrix Psynq,Feature: UserManagement UI,Normal,New,2026-06-18,2026-06-19,Developer,4h,"Frontend,UI",v1.0.0-MVP,3,Low,Specs defined,Code implemented & tested,Tests passing; No mocks,Functional requirement met,,Revert commit,"**Checklist:**
- Mobile view (320px)
- Tablet view (768px)
- Desktop view (1024px+)
- Flex/Grid behavior",0,Developer,Act as a Senior Full-Stack Developer. Your goal is to implement 'Responsive Check: UserManagement'. 1. Follow Hexagonal Architecture (Domain -> Ports -> Adapters). 2. Use NestJS/React best practices. 3. Ensure all code is strictly typed. 4. NO MOCKS: Use real DB/API connections unless it's a unit test. 5. Update Swagger/Storybook documentation.
a11y Audit: UserManagement,Task,Psitrix Psynq,Feature: UserManagement UI,Normal,New,2026-06-18,2026-06-19,Developer,4h,"Frontend,UI",v1.0.0-MVP,3,Low,Specs defined,Code implemented & tested,Tests passing; No mocks,Functional requirement met,,Revert commit,"**Checklist:**
- Keyboard navigation
- Screen reader support
- Color contrast
- ARIA labels",0,QA Engineer,"Act as a Senior QA Engineer. Your goal is to verify the implementation of 'a11y Audit: UserManagement'. 1. Review the code in the specified file paths. 2. Execute existing tests and write new ones for edge cases (nulls, timeouts, high load). 3. Ensure 100% coverage. 4. Report any regressions or performance bottlenecks."
i18n Support: UserManagement,Task,Psitrix Psynq,Feature: UserManagement UI,Low,New,2026-06-16,2026-06-17,Developer,4h,"Frontend,i18n",v1.0.0-MVP,3,Low,Specs defined,Code implemented & tested,Tests passing; No mocks,Functional requirement met,,Revert commit,"**File:** `packages/web/src/locales/en/usermanagement.json`
**Requirements:**
- Extract all strings
- Add translation keys
- Support RTL if needed",0,Developer,Act as a Senior Full-Stack Developer. Your goal is to implement 'i18n Support: UserManagement'. 1. Follow Hexagonal Architecture (Domain -> Ports -> Adapters). 2. Use NestJS/React best practices. 3. Ensure all code is strictly typed. 4. NO MOCKS: Use real DB/API connections unless it's a unit test. 5. Update Swagger/Storybook documentation.
Error Boundary: UserManagement,Task,Psitrix Psynq,Feature: UserManagement UI,Low,New,2026-06-17,2026-06-18,Developer,4h,"Frontend,Logic",v1.0.0-MVP,3,Low,Specs defined,Code implemented & tested,Tests passing; No mocks,Functional requirement met,,Revert commit,"**Requirements:**
- Graceful error fallback
- Retry mechanism
- Error logging",0,Developer,Act as a Senior Full-Stack Developer. Your goal is to implement 'Error Boundary: UserManagement'. 1. Follow Hexagonal Architecture (Domain -> Ports -> Adapters). 2. Use NestJS/React best practices. 3. Ensure all code is strictly typed. 4. NO MOCKS: Use real DB/API connections unless it's a unit test. 5. Update Swagger/Storybook documentation.
Feature: TenantSettings UI,Feature,Psitrix Psynq,Epic: UI Components Implementation,Normal,New,2026-06-14,2026-06-24,Developer,,,v1.0.0-MVP,,Low,Specs defined,Code implemented & tested,Tests passing; No mocks,Functional requirement met,,Revert commit,TenantSettings Component,0,Product Owner / Architect,"Act as a Solution Architect. Define the technical specifications and sub-tasks for 'Feature: TenantSettings UI'. Ensure alignment with the CCaaS platform goals (reliability, scalability, low latency)."
Build Component: TenantSettings,Task,Psitrix Psynq,Feature: TenantSettings UI,High,New,2026-06-14,2026-06-16,Developer,4h,"Frontend,UI",v1.0.0-MVP,3,Low,Specs defined,Code implemented & tested,Tests passing; No mocks,Functional requirement met,,Revert commit,"**File:** `packages/web/src/modules/admin/TenantSettings.tsx`
**Props Interface:** `TenantSettingsProps`
**Requirements:**
- Functional component with Hooks
- Tailwind CSS styling
- Responsive design
- Accessibility (ARIA)",0,Developer,Act as a Senior Full-Stack Developer. Your goal is to implement 'Build Component: TenantSettings'. 1. Follow Hexagonal Architecture (Domain -> Ports -> Adapters). 2. Use NestJS/React best practices. 3. Ensure all code is strictly typed. 4. NO MOCKS: Use real DB/API connections unless it's a unit test. 5. Update Swagger/Storybook documentation.
Implement Logic: TenantSettings,Task,Psitrix Psynq,Feature: TenantSettings UI,Normal,New,2026-06-15,2026-06-17,Developer,4h,"Frontend,Logic",v1.0.0-MVP,3,Low,Specs defined,Code implemented & tested,Tests passing; No mocks,Functional requirement met,,Revert commit,"**File:** `packages/web/src/modules/admin/useTenantSettings.ts` (Custom Hook)
**Requirements:**
- Handle API calls (React Query)
- Form validation (Zod/React Hook Form)
- State management (Zustand if needed)",0,Developer,Act as a Senior Full-Stack Developer. Your goal is to implement 'Implement Logic: TenantSettings'. 1. Follow Hexagonal Architecture (Domain -> Ports -> Adapters). 2. Use NestJS/React best practices. 3. Ensure all code is strictly typed. 4. NO MOCKS: Use real DB/API connections unless it's a unit test. 5. Update Swagger/Storybook documentation.
Test Component: TenantSettings,Task,Psitrix Psynq,Feature: TenantSettings UI,Normal,New,2026-06-16,2026-06-18,Developer,4h,"Frontend,Testing",v1.0.0-MVP,3,Low,Specs defined,Code implemented & tested,Tests passing; No mocks,Functional requirement met,,Revert commit,"**File:** `packages/web/src/modules/admin/TenantSettings.test.tsx`
**Requirements:**
- Render testing (React Testing Library)
- User interaction simulation
- Mock API calls (MSW)",0,QA Engineer,"Act as a Senior QA Engineer. Your goal is to verify the implementation of 'Test Component: TenantSettings'. 1. Review the code in the specified file paths. 2. Execute existing tests and write new ones for edge cases (nulls, timeouts, high load). 3. Ensure 100% coverage. 4. Report any regressions or performance bottlenecks."
Storybook: TenantSettings,Task,Psitrix Psynq,Feature: TenantSettings UI,Low,New,2026-06-17,2026-06-18,Developer,4h,"Frontend,Docs",v1.0.0-MVP,3,Low,Specs defined,Code implemented & tested,Tests passing; No mocks,Functional requirement met,,Revert commit,"**File:** `packages/web/src/modules/admin/TenantSettings.stories.tsx`
**Requirements:**
- Default state
- Loading state
- Error state
- Empty state",0,Developer,Act as a Senior Full-Stack Developer. Your goal is to implement 'Storybook: TenantSettings'. 1. Follow Hexagonal Architecture (Domain -> Ports -> Adapters). 2. Use NestJS/React best practices. 3. Ensure all code is strictly typed. 4. NO MOCKS: Use real DB/API connections unless it's a unit test. 5. Update Swagger/Storybook documentation.
Responsive Check: TenantSettings,Task,Psitrix Psynq,Feature: TenantSettings UI,Normal,New,2026-06-18,2026-06-19,Developer,4h,"Frontend,UI",v1.0.0-MVP,3,Low,Specs defined,Code implemented & tested,Tests passing; No mocks,Functional requirement met,,Revert commit,"**Checklist:**
- Mobile view (320px)
- Tablet view (768px)
- Desktop view (1024px+)
- Flex/Grid behavior",0,Developer,Act as a Senior Full-Stack Developer. Your goal is to implement 'Responsive Check: TenantSettings'. 1. Follow Hexagonal Architecture (Domain -> Ports -> Adapters). 2. Use NestJS/React best practices. 3. Ensure all code is strictly typed. 4. NO MOCKS: Use real DB/API connections unless it's a unit test. 5. Update Swagger/Storybook documentation.
a11y Audit: TenantSettings,Task,Psitrix Psynq,Feature: TenantSettings UI,Normal,New,2026-06-18,2026-06-19,Developer,4h,"Frontend,UI",v1.0.0-MVP,3,Low,Specs defined,Code implemented & tested,Tests passing; No mocks,Functional requirement met,,Revert commit,"**Checklist:**
- Keyboard navigation
- Screen reader support
- Color contrast
- ARIA labels",0,QA Engineer,"Act as a Senior QA Engineer. Your goal is to verify the implementation of 'a11y Audit: TenantSettings'. 1. Review the code in the specified file paths. 2. Execute existing tests and write new ones for edge cases (nulls, timeouts, high load). 3. Ensure 100% coverage. 4. Report any regressions or performance bottlenecks."
i18n Support: TenantSettings,Task,Psitrix Psynq,Feature: TenantSettings UI,Low,New,2026-06-16,2026-06-17,Developer,4h,"Frontend,i18n",v1.0.0-MVP,3,Low,Specs defined,Code implemented & tested,Tests passing; No mocks,Functional requirement met,,Revert commit,"**File:** `packages/web/src/locales/en/tenantsettings.json`
**Requirements:**
- Extract all strings
- Add translation keys
- Support RTL if needed",0,Developer,Act as a Senior Full-Stack Developer. Your goal is to implement 'i18n Support: TenantSettings'. 1. Follow Hexagonal Architecture (Domain -> Ports -> Adapters). 2. Use NestJS/React best practices. 3. Ensure all code is strictly typed. 4. NO MOCKS: Use real DB/API connections unless it's a unit test. 5. Update Swagger/Storybook documentation.
Error Boundary: TenantSettings,Task,Psitrix Psynq,Feature: TenantSettings UI,Low,New,2026-06-17,2026-06-18,Developer,4h,"Frontend,Logic",v1.0.0-MVP,3,Low,Specs defined,Code implemented & tested,Tests passing; No mocks,Functional requirement met,,Revert commit,"**Requirements:**
- Graceful error fallback
- Retry mechanism
- Error logging",0,Developer,Act as a Senior Full-Stack Developer. Your goal is to implement 'Error Boundary: TenantSettings'. 1. Follow Hexagonal Architecture (Domain -> Ports -> Adapters). 2. Use NestJS/React best practices. 3. Ensure all code is strictly typed. 4. NO MOCKS: Use real DB/API connections unless it's a unit test. 5. Update Swagger/Storybook documentation.
Feature: IntegrationCard UI,Feature,Psitrix Psynq,Epic: UI Components Implementation,Normal,New,2026-06-14,2026-06-24,Developer,,,v1.0.0-MVP,,Low,Specs defined,Code implemented & tested,Tests passing; No mocks,Functional requirement met,,Revert commit,IntegrationCard Component,0,Product Owner / Architect,"Act as a Solution Architect. Define the technical specifications and sub-tasks for 'Feature: IntegrationCard UI'. Ensure alignment with the CCaaS platform goals (reliability, scalability, low latency)."
Build Component: IntegrationCard,Task,Psitrix Psynq,Feature: IntegrationCard UI,High,New,2026-06-14,2026-06-16,Developer,4h,"Frontend,UI",v1.0.0-MVP,3,Low,Specs defined,Code implemented & tested,Tests passing; No mocks,Functional requirement met,,Revert commit,"**File:** `packages/web/src/modules/integrations/IntegrationCard.tsx`
**Props Interface:** `IntegrationCardProps`
**Requirements:**
- Functional component with Hooks
- Tailwind CSS styling
- Responsive design
- Accessibility (ARIA)",0,Developer,Act as a Senior Full-Stack Developer. Your goal is to implement 'Build Component: IntegrationCard'. 1. Follow Hexagonal Architecture (Domain -> Ports -> Adapters). 2. Use NestJS/React best practices. 3. Ensure all code is strictly typed. 4. NO MOCKS: Use real DB/API connections unless it's a unit test. 5. Update Swagger/Storybook documentation.
Implement Logic: IntegrationCard,Task,Psitrix Psynq,Feature: IntegrationCard UI,Normal,New,2026-06-15,2026-06-17,Developer,4h,"Frontend,Logic",v1.0.0-MVP,3,Low,Specs defined,Code implemented & tested,Tests passing; No mocks,Functional requirement met,,Revert commit,"**File:** `packages/web/src/modules/integrations/useIntegrationCard.ts` (Custom Hook)
**Requirements:**
- Handle API calls (React Query)
- Form validation (Zod/React Hook Form)
- State management (Zustand if needed)",0,Developer,Act as a Senior Full-Stack Developer. Your goal is to implement 'Implement Logic: IntegrationCard'. 1. Follow Hexagonal Architecture (Domain -> Ports -> Adapters). 2. Use NestJS/React best practices. 3. Ensure all code is strictly typed. 4. NO MOCKS: Use real DB/API connections unless it's a unit test. 5. Update Swagger/Storybook documentation.
Test Component: IntegrationCard,Task,Psitrix Psynq,Feature: IntegrationCard UI,Normal,New,2026-06-16,2026-06-18,Developer,4h,"Frontend,Testing",v1.0.0-MVP,3,Low,Specs defined,Code implemented & tested,Tests passing; No mocks,Functional requirement met,,Revert commit,"**File:** `packages/web/src/modules/integrations/IntegrationCard.test.tsx`
**Requirements:**
- Render testing (React Testing Library)
- User interaction simulation
- Mock API calls (MSW)",0,QA Engineer,"Act as a Senior QA Engineer. Your goal is to verify the implementation of 'Test Component: IntegrationCard'. 1. Review the code in the specified file paths. 2. Execute existing tests and write new ones for edge cases (nulls, timeouts, high load). 3. Ensure 100% coverage. 4. Report any regressions or performance bottlenecks."
Storybook: IntegrationCard,Task,Psitrix Psynq,Feature: IntegrationCard UI,Low,New,2026-06-17,2026-06-18,Developer,4h,"Frontend,Docs",v1.0.0-MVP,3,Low,Specs defined,Code implemented & tested,Tests passing; No mocks,Functional requirement met,,Revert commit,"**File:** `packages/web/src/modules/integrations/IntegrationCard.stories.tsx`
**Requirements:**
- Default state
- Loading state
- Error state
- Empty state",0,Developer,Act as a Senior Full-Stack Developer. Your goal is to implement 'Storybook: IntegrationCard'. 1. Follow Hexagonal Architecture (Domain -> Ports -> Adapters). 2. Use NestJS/React best practices. 3. Ensure all code is strictly typed. 4. NO MOCKS: Use real DB/API connections unless it's a unit test. 5. Update Swagger/Storybook documentation.
Responsive Check: IntegrationCard,Task,Psitrix Psynq,Feature: IntegrationCard UI,Normal,New,2026-06-18,2026-06-19,Developer,4h,"Frontend,UI",v1.0.0-MVP,3,Low,Specs defined,Code implemented & tested,Tests passing; No mocks,Functional requirement met,,Revert commit,"**Checklist:**
- Mobile view (320px)
- Tablet view (768px)
- Desktop view (1024px+)
- Flex/Grid behavior",0,Developer,Act as a Senior Full-Stack Developer. Your goal is to implement 'Responsive Check: IntegrationCard'. 1. Follow Hexagonal Architecture (Domain -> Ports -> Adapters). 2. Use NestJS/React best practices. 3. Ensure all code is strictly typed. 4. NO MOCKS: Use real DB/API connections unless it's a unit test. 5. Update Swagger/Storybook documentation.
a11y Audit: IntegrationCard,Task,Psitrix Psynq,Feature: IntegrationCard UI,Normal,New,2026-06-18,2026-06-19,Developer,4h,"Frontend,UI",v1.0.0-MVP,3,Low,Specs defined,Code implemented & tested,Tests passing; No mocks,Functional requirement met,,Revert commit,"**Checklist:**
- Keyboard navigation
- Screen reader support
- Color contrast
- ARIA labels",0,QA Engineer,"Act as a Senior QA Engineer. Your goal is to verify the implementation of 'a11y Audit: IntegrationCard'. 1. Review the code in the specified file paths. 2. Execute existing tests and write new ones for edge cases (nulls, timeouts, high load). 3. Ensure 100% coverage. 4. Report any regressions or performance bottlenecks."
i18n Support: IntegrationCard,Task,Psitrix Psynq,Feature: IntegrationCard UI,Low,New,2026-06-16,2026-06-17,Developer,4h,"Frontend,i18n",v1.0.0-MVP,3,Low,Specs defined,Code implemented & tested,Tests passing; No mocks,Functional requirement met,,Revert commit,"**File:** `packages/web/src/locales/en/integrationcard.json`
**Requirements:**
- Extract all strings
- Add translation keys
- Support RTL if needed",0,Developer,Act as a Senior Full-Stack Developer. Your goal is to implement 'i18n Support: IntegrationCard'. 1. Follow Hexagonal Architecture (Domain -> Ports -> Adapters). 2. Use NestJS/React best practices. 3. Ensure all code is strictly typed. 4. NO MOCKS: Use real DB/API connections unless it's a unit test. 5. Update Swagger/Storybook documentation.
Error Boundary: IntegrationCard,Task,Psitrix Psynq,Feature: IntegrationCard UI,Low,New,2026-06-17,2026-06-18,Developer,4h,"Frontend,Logic",v1.0.0-MVP,3,Low,Specs defined,Code implemented & tested,Tests passing; No mocks,Functional requirement met,,Revert commit,"**Requirements:**
- Graceful error fallback
- Retry mechanism
- Error logging",0,Developer,Act as a Senior Full-Stack Developer. Your goal is to implement 'Error Boundary: IntegrationCard'. 1. Follow Hexagonal Architecture (Domain -> Ports -> Adapters). 2. Use NestJS/React best practices. 3. Ensure all code is strictly typed. 4. NO MOCKS: Use real DB/API connections unless it's a unit test. 5. Update Swagger/Storybook documentation.
Feature: ScriptViewer UI,Feature,Psitrix Psynq,Epic: UI Components Implementation,Normal,New,2026-06-14,2026-06-24,Developer,,,v1.0.0-MVP,,Low,Specs defined,Code implemented & tested,Tests passing; No mocks,Functional requirement met,,Revert commit,ScriptViewer Component,0,Product Owner / Architect,"Act as a Solution Architect. Define the technical specifications and sub-tasks for 'Feature: ScriptViewer UI'. Ensure alignment with the CCaaS platform goals (reliability, scalability, low latency)."
Build Component: ScriptViewer,Task,Psitrix Psynq,Feature: ScriptViewer UI,High,New,2026-06-14,2026-06-16,Developer,4h,"Frontend,UI",v1.0.0-MVP,3,Low,Specs defined,Code implemented & tested,Tests passing; No mocks,Functional requirement met,,Revert commit,"**File:** `packages/web/src/modules/scripts/ScriptViewer.tsx`
**Props Interface:** `ScriptViewerProps`
**Requirements:**
- Functional component with Hooks
- Tailwind CSS styling
- Responsive design
- Accessibility (ARIA)",0,Developer,Act as a Senior Full-Stack Developer. Your goal is to implement 'Build Component: ScriptViewer'. 1. Follow Hexagonal Architecture (Domain -> Ports -> Adapters). 2. Use NestJS/React best practices. 3. Ensure all code is strictly typed. 4. NO MOCKS: Use real DB/API connections unless it's a unit test. 5. Update Swagger/Storybook documentation.
Implement Logic: ScriptViewer,Task,Psitrix Psynq,Feature: ScriptViewer UI,Normal,New,2026-06-15,2026-06-17,Developer,4h,"Frontend,Logic",v1.0.0-MVP,3,Low,Specs defined,Code implemented & tested,Tests passing; No mocks,Functional requirement met,,Revert commit,"**File:** `packages/web/src/modules/scripts/useScriptViewer.ts` (Custom Hook)
**Requirements:**
- Handle API calls (React Query)
- Form validation (Zod/React Hook Form)
- State management (Zustand if needed)",0,Developer,Act as a Senior Full-Stack Developer. Your goal is to implement 'Implement Logic: ScriptViewer'. 1. Follow Hexagonal Architecture (Domain -> Ports -> Adapters). 2. Use NestJS/React best practices. 3. Ensure all code is strictly typed. 4. NO MOCKS: Use real DB/API connections unless it's a unit test. 5. Update Swagger/Storybook documentation.
Test Component: ScriptViewer,Task,Psitrix Psynq,Feature: ScriptViewer UI,Normal,New,2026-06-16,2026-06-18,Developer,4h,"Frontend,Testing",v1.0.0-MVP,3,Low,Specs defined,Code implemented & tested,Tests passing; No mocks,Functional requirement met,,Revert commit,"**File:** `packages/web/src/modules/scripts/ScriptViewer.test.tsx`
**Requirements:**
- Render testing (React Testing Library)
- User interaction simulation
- Mock API calls (MSW)",0,QA Engineer,"Act as a Senior QA Engineer. Your goal is to verify the implementation of 'Test Component: ScriptViewer'. 1. Review the code in the specified file paths. 2. Execute existing tests and write new ones for edge cases (nulls, timeouts, high load). 3. Ensure 100% coverage. 4. Report any regressions or performance bottlenecks."
Storybook: ScriptViewer,Task,Psitrix Psynq,Feature: ScriptViewer UI,Low,New,2026-06-17,2026-06-18,Developer,4h,"Frontend,Docs",v1.0.0-MVP,3,Low,Specs defined,Code implemented & tested,Tests passing; No mocks,Functional requirement met,,Revert commit,"**File:** `packages/web/src/modules/scripts/ScriptViewer.stories.tsx`
**Requirements:**
- Default state
- Loading state
- Error state
- Empty state",0,Developer,Act as a Senior Full-Stack Developer. Your goal is to implement 'Storybook: ScriptViewer'. 1. Follow Hexagonal Architecture (Domain -> Ports -> Adapters). 2. Use NestJS/React best practices. 3. Ensure all code is strictly typed. 4. NO MOCKS: Use real DB/API connections unless it's a unit test. 5. Update Swagger/Storybook documentation.
Responsive Check: ScriptViewer,Task,Psitrix Psynq,Feature: ScriptViewer UI,Normal,New,2026-06-18,2026-06-19,Developer,4h,"Frontend,UI",v1.0.0-MVP,3,Low,Specs defined,Code implemented & tested,Tests passing; No mocks,Functional requirement met,,Revert commit,"**Checklist:**
- Mobile view (320px)
- Tablet view (768px)
- Desktop view (1024px+)
- Flex/Grid behavior",0,Developer,Act as a Senior Full-Stack Developer. Your goal is to implement 'Responsive Check: ScriptViewer'. 1. Follow Hexagonal Architecture (Domain -> Ports -> Adapters). 2. Use NestJS/React best practices. 3. Ensure all code is strictly typed. 4. NO MOCKS: Use real DB/API connections unless it's a unit test. 5. Update Swagger/Storybook documentation.
a11y Audit: ScriptViewer,Task,Psitrix Psynq,Feature: ScriptViewer UI,Normal,New,2026-06-18,2026-06-19,Developer,4h,"Frontend,UI",v1.0.0-MVP,3,Low,Specs defined,Code implemented & tested,Tests passing; No mocks,Functional requirement met,,Revert commit,"**Checklist:**
- Keyboard navigation
- Screen reader support
- Color contrast
- ARIA labels",0,QA Engineer,"Act as a Senior QA Engineer. Your goal is to verify the implementation of 'a11y Audit: ScriptViewer'. 1. Review the code in the specified file paths. 2. Execute existing tests and write new ones for edge cases (nulls, timeouts, high load). 3. Ensure 100% coverage. 4. Report any regressions or performance bottlenecks."
i18n Support: ScriptViewer,Task,Psitrix Psynq,Feature: ScriptViewer UI,Low,New,2026-06-16,2026-06-17,Developer,4h,"Frontend,i18n",v1.0.0-MVP,3,Low,Specs defined,Code implemented & tested,Tests passing; No mocks,Functional requirement met,,Revert commit,"**File:** `packages/web/src/locales/en/scriptviewer.json`
**Requirements:**
- Extract all strings
- Add translation keys
- Support RTL if needed",0,Developer,Act as a Senior Full-Stack Developer. Your goal is to implement 'i18n Support: ScriptViewer'. 1. Follow Hexagonal Architecture (Domain -> Ports -> Adapters). 2. Use NestJS/React best practices. 3. Ensure all code is strictly typed. 4. NO MOCKS: Use real DB/API connections unless it's a unit test. 5. Update Swagger/Storybook documentation.
Error Boundary: ScriptViewer,Task,Psitrix Psynq,Feature: ScriptViewer UI,Low,New,2026-06-17,2026-06-18,Developer,4h,"Frontend,Logic",v1.0.0-MVP,3,Low,Specs defined,Code implemented & tested,Tests passing; No mocks,Functional requirement met,,Revert commit,"**Requirements:**
- Graceful error fallback
- Retry mechanism
- Error logging",0,Developer,Act as a Senior Full-Stack Developer. Your goal is to implement 'Error Boundary: ScriptViewer'. 1. Follow Hexagonal Architecture (Domain -> Ports -> Adapters). 2. Use NestJS/React best practices. 3. Ensure all code is strictly typed. 4. NO MOCKS: Use real DB/API connections unless it's a unit test. 5. Update Swagger/Storybook documentation.
Feature: DataTable UI,Feature,Psitrix Psynq,Epic: UI Components Implementation,Normal,New,2026-06-14,2026-06-24,Developer,,,v1.0.0-MVP,,Low,Specs defined,Code implemented & tested,Tests passing; No mocks,Functional requirement met,,Revert commit,DataTable Component,0,Product Owner / Architect,"Act as a Solution Architect. Define the technical specifications and sub-tasks for 'Feature: DataTable UI'. Ensure alignment with the CCaaS platform goals (reliability, scalability, low latency)."
Build Component: DataTable,Task,Psitrix Psynq,Feature: DataTable UI,High,New,2026-06-14,2026-06-16,Developer,4h,"Frontend,UI",v1.0.0-MVP,3,Low,Specs defined,Code implemented & tested,Tests passing; No mocks,Functional requirement met,,Revert commit,"**File:** `packages/web/src/components/common/DataTable.tsx`
**Props Interface:** `DataTableProps`
**Requirements:**
- Functional component with Hooks
- Tailwind CSS styling
- Responsive design
- Accessibility (ARIA)",0,Developer,Act as a Senior Full-Stack Developer. Your goal is to implement 'Build Component: DataTable'. 1. Follow Hexagonal Architecture (Domain -> Ports -> Adapters). 2. Use NestJS/React best practices. 3. Ensure all code is strictly typed. 4. NO MOCKS: Use real DB/API connections unless it's a unit test. 5. Update Swagger/Storybook documentation.
Implement Logic: DataTable,Task,Psitrix Psynq,Feature: DataTable UI,Normal,New,2026-06-15,2026-06-17,Developer,4h,"Frontend,Logic",v1.0.0-MVP,3,Low,Specs defined,Code implemented & tested,Tests passing; No mocks,Functional requirement met,,Revert commit,"**File:** `packages/web/src/components/common/useDataTable.ts` (Custom Hook)
**Requirements:**
- Handle API calls (React Query)
- Form validation (Zod/React Hook Form)
- State management (Zustand if needed)",0,Developer,Act as a Senior Full-Stack Developer. Your goal is to implement 'Implement Logic: DataTable'. 1. Follow Hexagonal Architecture (Domain -> Ports -> Adapters). 2. Use NestJS/React best practices. 3. Ensure all code is strictly typed. 4. NO MOCKS: Use real DB/API connections unless it's a unit test. 5. Update Swagger/Storybook documentation.
Test Component: DataTable,Task,Psitrix Psynq,Feature: DataTable UI,Normal,New,2026-06-16,2026-06-18,Developer,4h,"Frontend,Testing",v1.0.0-MVP,3,Low,Specs defined,Code implemented & tested,Tests passing; No mocks,Functional requirement met,,Revert commit,"**File:** `packages/web/src/components/common/DataTable.test.tsx`
**Requirements:**
- Render testing (React Testing Library)
- User interaction simulation
- Mock API calls (MSW)",0,QA Engineer,"Act as a Senior QA Engineer. Your goal is to verify the implementation of 'Test Component: DataTable'. 1. Review the code in the specified file paths. 2. Execute existing tests and write new ones for edge cases (nulls, timeouts, high load). 3. Ensure 100% coverage. 4. Report any regressions or performance bottlenecks."
Storybook: DataTable,Task,Psitrix Psynq,Feature: DataTable UI,Low,New,2026-06-17,2026-06-18,Developer,4h,"Frontend,Docs",v1.0.0-MVP,3,Low,Specs defined,Code implemented & tested,Tests passing; No mocks,Functional requirement met,,Revert commit,"**File:** `packages/web/src/components/common/DataTable.stories.tsx`
**Requirements:**
- Default state
- Loading state
- Error state
- Empty state",0,Developer,Act as a Senior Full-Stack Developer. Your goal is to implement 'Storybook: DataTable'. 1. Follow Hexagonal Architecture (Domain -> Ports -> Adapters). 2. Use NestJS/React best practices. 3. Ensure all code is strictly typed. 4. NO MOCKS: Use real DB/API connections unless it's a unit test. 5. Update Swagger/Storybook documentation.
Responsive Check: DataTable,Task,Psitrix Psynq,Feature: DataTable UI,Normal,New,2026-06-18,2026-06-19,Developer,4h,"Frontend,UI",v1.0.0-MVP,3,Low,Specs defined,Code implemented & tested,Tests passing; No mocks,Functional requirement met,,Revert commit,"**Checklist:**
- Mobile view (320px)
- Tablet view (768px)
- Desktop view (1024px+)
- Flex/Grid behavior",0,Developer,Act as a Senior Full-Stack Developer. Your goal is to implement 'Responsive Check: DataTable'. 1. Follow Hexagonal Architecture (Domain -> Ports -> Adapters). 2. Use NestJS/React best practices. 3. Ensure all code is strictly typed. 4. NO MOCKS: Use real DB/API connections unless it's a unit test. 5. Update Swagger/Storybook documentation.
a11y Audit: DataTable,Task,Psitrix Psynq,Feature: DataTable UI,Normal,New,2026-06-18,2026-06-19,Developer,4h,"Frontend,UI",v1.0.0-MVP,3,Low,Specs defined,Code implemented & tested,Tests passing; No mocks,Functional requirement met,,Revert commit,"**Checklist:**
- Keyboard navigation
- Screen reader support
- Color contrast
- ARIA labels",0,QA Engineer,"Act as a Senior QA Engineer. Your goal is to verify the implementation of 'a11y Audit: DataTable'. 1. Review the code in the specified file paths. 2. Execute existing tests and write new ones for edge cases (nulls, timeouts, high load). 3. Ensure 100% coverage. 4. Report any regressions or performance bottlenecks."
i18n Support: DataTable,Task,Psitrix Psynq,Feature: DataTable UI,Low,New,2026-06-16,2026-06-17,Developer,4h,"Frontend,i18n",v1.0.0-MVP,3,Low,Specs defined,Code implemented & tested,Tests passing; No mocks,Functional requirement met,,Revert commit,"**File:** `packages/web/src/locales/en/datatable.json`
**Requirements:**
- Extract all strings
- Add translation keys
- Support RTL if needed",0,Developer,Act as a Senior Full-Stack Developer. Your goal is to implement 'i18n Support: DataTable'. 1. Follow Hexagonal Architecture (Domain -> Ports -> Adapters). 2. Use NestJS/React best practices. 3. Ensure all code is strictly typed. 4. NO MOCKS: Use real DB/API connections unless it's a unit test. 5. Update Swagger/Storybook documentation.
Error Boundary: DataTable,Task,Psitrix Psynq,Feature: DataTable UI,Low,New,2026-06-17,2026-06-18,Developer,4h,"Frontend,Logic",v1.0.0-MVP,3,Low,Specs defined,Code implemented & tested,Tests passing; No mocks,Functional requirement met,,Revert commit,"**Requirements:**
- Graceful error fallback
- Retry mechanism
- Error logging",0,Developer,Act as a Senior Full-Stack Developer. Your goal is to implement 'Error Boundary: DataTable'. 1. Follow Hexagonal Architecture (Domain -> Ports -> Adapters). 2. Use NestJS/React best practices. 3. Ensure all code is strictly typed. 4. NO MOCKS: Use real DB/API connections unless it's a unit test. 5. Update Swagger/Storybook documentation.
Feature: Modal UI,Feature,Psitrix Psynq,Epic: UI Components Implementation,Normal,New,2026-06-14,2026-06-24,Developer,,,v1.0.0-MVP,,Low,Specs defined,Code implemented & tested,Tests passing; No mocks,Functional requirement met,,Revert commit,Modal Component,0,Product Owner / Architect,"Act as a Solution Architect. Define the technical specifications and sub-tasks for 'Feature: Modal UI'. Ensure alignment with the CCaaS platform goals (reliability, scalability, low latency)."
Build Component: Modal,Task,Psitrix Psynq,Feature: Modal UI,High,New,2026-06-14,2026-06-16,Developer,4h,"Frontend,UI",v1.0.0-MVP,3,Low,Specs defined,Code implemented & tested,Tests passing; No mocks,Functional requirement met,,Revert commit,"**File:** `packages/web/src/components/common/Modal.tsx`
**Props Interface:** `ModalProps`
**Requirements:**
- Functional component with Hooks
- Tailwind CSS styling
- Responsive design
- Accessibility (ARIA)",0,Developer,Act as a Senior Full-Stack Developer. Your goal is to implement 'Build Component: Modal'. 1. Follow Hexagonal Architecture (Domain -> Ports -> Adapters). 2. Use NestJS/React best practices. 3. Ensure all code is strictly typed. 4. NO MOCKS: Use real DB/API connections unless it's a unit test. 5. Update Swagger/Storybook documentation.
Implement Logic: Modal,Task,Psitrix Psynq,Feature: Modal UI,Normal,New,2026-06-15,2026-06-17,Developer,4h,"Frontend,Logic",v1.0.0-MVP,3,Low,Specs defined,Code implemented & tested,Tests passing; No mocks,Functional requirement met,,Revert commit,"**File:** `packages/web/src/components/common/useModal.ts` (Custom Hook)
**Requirements:**
- Handle API calls (React Query)
- Form validation (Zod/React Hook Form)
- State management (Zustand if needed)",0,Developer,Act as a Senior Full-Stack Developer. Your goal is to implement 'Implement Logic: Modal'. 1. Follow Hexagonal Architecture (Domain -> Ports -> Adapters). 2. Use NestJS/React best practices. 3. Ensure all code is strictly typed. 4. NO MOCKS: Use real DB/API connections unless it's a unit test. 5. Update Swagger/Storybook documentation.
Test Component: Modal,Task,Psitrix Psynq,Feature: Modal UI,Normal,New,2026-06-16,2026-06-18,Developer,4h,"Frontend,Testing",v1.0.0-MVP,3,Low,Specs defined,Code implemented & tested,Tests passing; No mocks,Functional requirement met,,Revert commit,"**File:** `packages/web/src/components/common/Modal.test.tsx`
**Requirements:**
- Render testing (React Testing Library)
- User interaction simulation
- Mock API calls (MSW)",0,QA Engineer,"Act as a Senior QA Engineer. Your goal is to verify the implementation of 'Test Component: Modal'. 1. Review the code in the specified file paths. 2. Execute existing tests and write new ones for edge cases (nulls, timeouts, high load). 3. Ensure 100% coverage. 4. Report any regressions or performance bottlenecks."
Storybook: Modal,Task,Psitrix Psynq,Feature: Modal UI,Low,New,2026-06-17,2026-06-18,Developer,4h,"Frontend,Docs",v1.0.0-MVP,3,Low,Specs defined,Code implemented & tested,Tests passing; No mocks,Functional requirement met,,Revert commit,"**File:** `packages/web/src/components/common/Modal.stories.tsx`
**Requirements:**
- Default state
- Loading state
- Error state
- Empty state",0,Developer,Act as a Senior Full-Stack Developer. Your goal is to implement 'Storybook: Modal'. 1. Follow Hexagonal Architecture (Domain -> Ports -> Adapters). 2. Use NestJS/React best practices. 3. Ensure all code is strictly typed. 4. NO MOCKS: Use real DB/API connections unless it's a unit test. 5. Update Swagger/Storybook documentation.
Responsive Check: Modal,Task,Psitrix Psynq,Feature: Modal UI,Normal,New,2026-06-18,2026-06-19,Developer,4h,"Frontend,UI",v1.0.0-MVP,3,Low,Specs defined,Code implemented & tested,Tests passing; No mocks,Functional requirement met,,Revert commit,"**Checklist:**
- Mobile view (320px)
- Tablet view (768px)
- Desktop view (1024px+)
- Flex/Grid behavior",0,Developer,Act as a Senior Full-Stack Developer. Your goal is to implement 'Responsive Check: Modal'. 1. Follow Hexagonal Architecture (Domain -> Ports -> Adapters). 2. Use NestJS/React best practices. 3. Ensure all code is strictly typed. 4. NO MOCKS: Use real DB/API connections unless it's a unit test. 5. Update Swagger/Storybook documentation.
a11y Audit: Modal,Task,Psitrix Psynq,Feature: Modal UI,Normal,New,2026-06-18,2026-06-19,Developer,4h,"Frontend,UI",v1.0.0-MVP,3,Low,Specs defined,Code implemented & tested,Tests passing; No mocks,Functional requirement met,,Revert commit,"**Checklist:**
- Keyboard navigation
- Screen reader support
- Color contrast
- ARIA labels",0,QA Engineer,"Act as a Senior QA Engineer. Your goal is to verify the implementation of 'a11y Audit: Modal'. 1. Review the code in the specified file paths. 2. Execute existing tests and write new ones for edge cases (nulls, timeouts, high load). 3. Ensure 100% coverage. 4. Report any regressions or performance bottlenecks."
i18n Support: Modal,Task,Psitrix Psynq,Feature: Modal UI,Low,New,2026-06-16,2026-06-17,Developer,4h,"Frontend,i18n",v1.0.0-MVP,3,Low,Specs defined,Code implemented & tested,Tests passing; No mocks,Functional requirement met,,Revert commit,"**File:** `packages/web/src/locales/en/modal.json`
**Requirements:**
- Extract all strings
- Add translation keys
- Support RTL if needed",0,Developer,Act as a Senior Full-Stack Developer. Your goal is to implement 'i18n Support: Modal'. 1. Follow Hexagonal Architecture (Domain -> Ports -> Adapters). 2. Use NestJS/React best practices. 3. Ensure all code is strictly typed. 4. NO MOCKS: Use real DB/API connections unless it's a unit test. 5. Update Swagger/Storybook documentation.
Error Boundary: Modal,Task,Psitrix Psynq,Feature: Modal UI,Low,New,2026-06-17,2026-06-18,Developer,4h,"Frontend,Logic",v1.0.0-MVP,3,Low,Specs defined,Code implemented & tested,Tests passing; No mocks,Functional requirement met,,Revert commit,"**Requirements:**
- Graceful error fallback
- Retry mechanism
- Error logging",0,Developer,Act as a Senior Full-Stack Developer. Your goal is to implement 'Error Boundary: Modal'. 1. Follow Hexagonal Architecture (Domain -> Ports -> Adapters). 2. Use NestJS/React best practices. 3. Ensure all code is strictly typed. 4. NO MOCKS: Use real DB/API connections unless it's a unit test. 5. Update Swagger/Storybook documentation.
Feature: Button UI,Feature,Psitrix Psynq,Epic: UI Components Implementation,Normal,New,2026-06-14,2026-06-24,Developer,,,v1.0.0-MVP,,Low,Specs defined,Code implemented & tested,Tests passing; No mocks,Functional requirement met,,Revert commit,Button Component,0,Product Owner / Architect,"Act as a Solution Architect. Define the technical specifications and sub-tasks for 'Feature: Button UI'. Ensure alignment with the CCaaS platform goals (reliability, scalability, low latency)."
Build Component: Button,Task,Psitrix Psynq,Feature: Button UI,High,New,2026-06-14,2026-06-16,Developer,4h,"Frontend,UI",v1.0.0-MVP,3,Low,Specs defined,Code implemented & tested,Tests passing; No mocks,Functional requirement met,,Revert commit,"**File:** `packages/web/src/components/common/Button.tsx`
**Props Interface:** `ButtonProps`
**Requirements:**
- Functional component with Hooks
- Tailwind CSS styling
- Responsive design
- Accessibility (ARIA)",0,Developer,Act as a Senior Full-Stack Developer. Your goal is to implement 'Build Component: Button'. 1. Follow Hexagonal Architecture (Domain -> Ports -> Adapters). 2. Use NestJS/React best practices. 3. Ensure all code is strictly typed. 4. NO MOCKS: Use real DB/API connections unless it's a unit test. 5. Update Swagger/Storybook documentation.
Implement Logic: Button,Task,Psitrix Psynq,Feature: Button UI,Normal,New,2026-06-15,2026-06-17,Developer,4h,"Frontend,Logic",v1.0.0-MVP,3,Low,Specs defined,Code implemented & tested,Tests passing; No mocks,Functional requirement met,,Revert commit,"**File:** `packages/web/src/components/common/useButton.ts` (Custom Hook)
**Requirements:**
- Handle API calls (React Query)
- Form validation (Zod/React Hook Form)
- State management (Zustand if needed)",0,Developer,Act as a Senior Full-Stack Developer. Your goal is to implement 'Implement Logic: Button'. 1. Follow Hexagonal Architecture (Domain -> Ports -> Adapters). 2. Use NestJS/React best practices. 3. Ensure all code is strictly typed. 4. NO MOCKS: Use real DB/API connections unless it's a unit test. 5. Update Swagger/Storybook documentation.
Test Component: Button,Task,Psitrix Psynq,Feature: Button UI,Normal,New,2026-06-16,2026-06-18,Developer,4h,"Frontend,Testing",v1.0.0-MVP,3,Low,Specs defined,Code implemented & tested,Tests passing; No mocks,Functional requirement met,,Revert commit,"**File:** `packages/web/src/components/common/Button.test.tsx`
**Requirements:**
- Render testing (React Testing Library)
- User interaction simulation
- Mock API calls (MSW)",0,QA Engineer,"Act as a Senior QA Engineer. Your goal is to verify the implementation of 'Test Component: Button'. 1. Review the code in the specified file paths. 2. Execute existing tests and write new ones for edge cases (nulls, timeouts, high load). 3. Ensure 100% coverage. 4. Report any regressions or performance bottlenecks."
Storybook: Button,Task,Psitrix Psynq,Feature: Button UI,Low,New,2026-06-17,2026-06-18,Developer,4h,"Frontend,Docs",v1.0.0-MVP,3,Low,Specs defined,Code implemented & tested,Tests passing; No mocks,Functional requirement met,,Revert commit,"**File:** `packages/web/src/components/common/Button.stories.tsx`
**Requirements:**
- Default state
- Loading state
- Error state
- Empty state",0,Developer,Act as a Senior Full-Stack Developer. Your goal is to implement 'Storybook: Button'. 1. Follow Hexagonal Architecture (Domain -> Ports -> Adapters). 2. Use NestJS/React best practices. 3. Ensure all code is strictly typed. 4. NO MOCKS: Use real DB/API connections unless it's a unit test. 5. Update Swagger/Storybook documentation.
Responsive Check: Button,Task,Psitrix Psynq,Feature: Button UI,Normal,New,2026-06-18,2026-06-19,Developer,4h,"Frontend,UI",v1.0.0-MVP,3,Low,Specs defined,Code implemented & tested,Tests passing; No mocks,Functional requirement met,,Revert commit,"**Checklist:**
- Mobile view (320px)
- Tablet view (768px)
- Desktop view (1024px+)
- Flex/Grid behavior",0,Developer,Act as a Senior Full-Stack Developer. Your goal is to implement 'Responsive Check: Button'. 1. Follow Hexagonal Architecture (Domain -> Ports -> Adapters). 2. Use NestJS/React best practices. 3. Ensure all code is strictly typed. 4. NO MOCKS: Use real DB/API connections unless it's a unit test. 5. Update Swagger/Storybook documentation.
a11y Audit: Button,Task,Psitrix Psynq,Feature: Button UI,Normal,New,2026-06-18,2026-06-19,Developer,4h,"Frontend,UI",v1.0.0-MVP,3,Low,Specs defined,Code implemented & tested,Tests passing; No mocks,Functional requirement met,,Revert commit,"**Checklist:**
- Keyboard navigation
- Screen reader support
- Color contrast
- ARIA labels",0,QA Engineer,"Act as a Senior QA Engineer. Your goal is to verify the implementation of 'a11y Audit: Button'. 1. Review the code in the specified file paths. 2. Execute existing tests and write new ones for edge cases (nulls, timeouts, high load). 3. Ensure 100% coverage. 4. Report any regressions or performance bottlenecks."
i18n Support: Button,Task,Psitrix Psynq,Feature: Button UI,Low,New,2026-06-16,2026-06-17,Developer,4h,"Frontend,i18n",v1.0.0-MVP,3,Low,Specs defined,Code implemented & tested,Tests passing; No mocks,Functional requirement met,,Revert commit,"**File:** `packages/web/src/locales/en/button.json`
**Requirements:**
- Extract all strings
- Add translation keys
- Support RTL if needed",0,Developer,Act as a Senior Full-Stack Developer. Your goal is to implement 'i18n Support: Button'. 1. Follow Hexagonal Architecture (Domain -> Ports -> Adapters). 2. Use NestJS/React best practices. 3. Ensure all code is strictly typed. 4. NO MOCKS: Use real DB/API connections unless it's a unit test. 5. Update Swagger/Storybook documentation.
Error Boundary: Button,Task,Psitrix Psynq,Feature: Button UI,Low,New,2026-06-17,2026-06-18,Developer,4h,"Frontend,Logic",v1.0.0-MVP,3,Low,Specs defined,Code implemented & tested,Tests passing; No mocks,Functional requirement met,,Revert commit,"**Requirements:**
- Graceful error fallback
- Retry mechanism
- Error logging",0,Developer,Act as a Senior Full-Stack Developer. Your goal is to implement 'Error Boundary: Button'. 1. Follow Hexagonal Architecture (Domain -> Ports -> Adapters). 2. Use NestJS/React best practices. 3. Ensure all code is strictly typed. 4. NO MOCKS: Use real DB/API connections unless it's a unit test. 5. Update Swagger/Storybook documentation.
Feature: Input UI,Feature,Psitrix Psynq,Epic: UI Components Implementation,Normal,New,2026-06-14,2026-06-24,Developer,,,v1.0.0-MVP,,Low,Specs defined,Code implemented & tested,Tests passing; No mocks,Functional requirement met,,Revert commit,Input Component,0,Product Owner / Architect,"Act as a Solution Architect. Define the technical specifications and sub-tasks for 'Feature: Input UI'. Ensure alignment with the CCaaS platform goals (reliability, scalability, low latency)."
Build Component: Input,Task,Psitrix Psynq,Feature: Input UI,High,New,2026-06-14,2026-06-16,Developer,4h,"Frontend,UI",v1.0.0-MVP,3,Low,Specs defined,Code implemented & tested,Tests passing; No mocks,Functional requirement met,,Revert commit,"**File:** `packages/web/src/components/common/Input.tsx`
**Props Interface:** `InputProps`
**Requirements:**
- Functional component with Hooks
- Tailwind CSS styling
- Responsive design
- Accessibility (ARIA)",0,Developer,Act as a Senior Full-Stack Developer. Your goal is to implement 'Build Component: Input'. 1. Follow Hexagonal Architecture (Domain -> Ports -> Adapters). 2. Use NestJS/React best practices. 3. Ensure all code is strictly typed. 4. NO MOCKS: Use real DB/API connections unless it's a unit test. 5. Update Swagger/Storybook documentation.
Implement Logic: Input,Task,Psitrix Psynq,Feature: Input UI,Normal,New,2026-06-15,2026-06-17,Developer,4h,"Frontend,Logic",v1.0.0-MVP,3,Low,Specs defined,Code implemented & tested,Tests passing; No mocks,Functional requirement met,,Revert commit,"**File:** `packages/web/src/components/common/useInput.ts` (Custom Hook)
**Requirements:**
- Handle API calls (React Query)
- Form validation (Zod/React Hook Form)
- State management (Zustand if needed)",0,Developer,Act as a Senior Full-Stack Developer. Your goal is to implement 'Implement Logic: Input'. 1. Follow Hexagonal Architecture (Domain -> Ports -> Adapters). 2. Use NestJS/React best practices. 3. Ensure all code is strictly typed. 4. NO MOCKS: Use real DB/API connections unless it's a unit test. 5. Update Swagger/Storybook documentation.
Test Component: Input,Task,Psitrix Psynq,Feature: Input UI,Normal,New,2026-06-16,2026-06-18,Developer,4h,"Frontend,Testing",v1.0.0-MVP,3,Low,Specs defined,Code implemented & tested,Tests passing; No mocks,Functional requirement met,,Revert commit,"**File:** `packages/web/src/components/common/Input.test.tsx`
**Requirements:**
- Render testing (React Testing Library)
- User interaction simulation
- Mock API calls (MSW)",0,QA Engineer,"Act as a Senior QA Engineer. Your goal is to verify the implementation of 'Test Component: Input'. 1. Review the code in the specified file paths. 2. Execute existing tests and write new ones for edge cases (nulls, timeouts, high load). 3. Ensure 100% coverage. 4. Report any regressions or performance bottlenecks."
Storybook: Input,Task,Psitrix Psynq,Feature: Input UI,Low,New,2026-06-17,2026-06-18,Developer,4h,"Frontend,Docs",v1.0.0-MVP,3,Low,Specs defined,Code implemented & tested,Tests passing; No mocks,Functional requirement met,,Revert commit,"**File:** `packages/web/src/components/common/Input.stories.tsx`
**Requirements:**
- Default state
- Loading state
- Error state
- Empty state",0,Developer,Act as a Senior Full-Stack Developer. Your goal is to implement 'Storybook: Input'. 1. Follow Hexagonal Architecture (Domain -> Ports -> Adapters). 2. Use NestJS/React best practices. 3. Ensure all code is strictly typed. 4. NO MOCKS: Use real DB/API connections unless it's a unit test. 5. Update Swagger/Storybook documentation.
Responsive Check: Input,Task,Psitrix Psynq,Feature: Input UI,Normal,New,2026-06-18,2026-06-19,Developer,4h,"Frontend,UI",v1.0.0-MVP,3,Low,Specs defined,Code implemented & tested,Tests passing; No mocks,Functional requirement met,,Revert commit,"**Checklist:**
- Mobile view (320px)
- Tablet view (768px)
- Desktop view (1024px+)
- Flex/Grid behavior",0,Developer,Act as a Senior Full-Stack Developer. Your goal is to implement 'Responsive Check: Input'. 1. Follow Hexagonal Architecture (Domain -> Ports -> Adapters). 2. Use NestJS/React best practices. 3. Ensure all code is strictly typed. 4. NO MOCKS: Use real DB/API connections unless it's a unit test. 5. Update Swagger/Storybook documentation.
a11y Audit: Input,Task,Psitrix Psynq,Feature: Input UI,Normal,New,2026-06-18,2026-06-19,Developer,4h,"Frontend,UI",v1.0.0-MVP,3,Low,Specs defined,Code implemented & tested,Tests passing; No mocks,Functional requirement met,,Revert commit,"**Checklist:**
- Keyboard navigation
- Screen reader support
- Color contrast
- ARIA labels",0,QA Engineer,"Act as a Senior QA Engineer. Your goal is to verify the implementation of 'a11y Audit: Input'. 1. Review the code in the specified file paths. 2. Execute existing tests and write new ones for edge cases (nulls, timeouts, high load). 3. Ensure 100% coverage. 4. Report any regressions or performance bottlenecks."
i18n Support: Input,Task,Psitrix Psynq,Feature: Input UI,Low,New,2026-06-16,2026-06-17,Developer,4h,"Frontend,i18n",v1.0.0-MVP,3,Low,Specs defined,Code implemented & tested,Tests passing; No mocks,Functional requirement met,,Revert commit,"**File:** `packages/web/src/locales/en/input.json`
**Requirements:**
- Extract all strings
- Add translation keys
- Support RTL if needed",0,Developer,Act as a Senior Full-Stack Developer. Your goal is to implement 'i18n Support: Input'. 1. Follow Hexagonal Architecture (Domain -> Ports -> Adapters). 2. Use NestJS/React best practices. 3. Ensure all code is strictly typed. 4. NO MOCKS: Use real DB/API connections unless it's a unit test. 5. Update Swagger/Storybook documentation.
Error Boundary: Input,Task,Psitrix Psynq,Feature: Input UI,Low,New,2026-06-17,2026-06-18,Developer,4h,"Frontend,Logic",v1.0.0-MVP,3,Low,Specs defined,Code implemented & tested,Tests passing; No mocks,Functional requirement met,,Revert commit,"**Requirements:**
- Graceful error fallback
- Retry mechanism
- Error logging",0,Developer,Act as a Senior Full-Stack Developer. Your goal is to implement 'Error Boundary: Input'. 1. Follow Hexagonal Architecture (Domain -> Ports -> Adapters). 2. Use NestJS/React best practices. 3. Ensure all code is strictly typed. 4. NO MOCKS: Use real DB/API connections unless it's a unit test. 5. Update Swagger/Storybook documentation.
Feature: Select UI,Feature,Psitrix Psynq,Epic: UI Components Implementation,Normal,New,2026-06-14,2026-06-24,Developer,,,v1.0.0-MVP,,Low,Specs defined,Code implemented & tested,Tests passing; No mocks,Functional requirement met,,Revert commit,Select Component,0,Product Owner / Architect,"Act as a Solution Architect. Define the technical specifications and sub-tasks for 'Feature: Select UI'. Ensure alignment with the CCaaS platform goals (reliability, scalability, low latency)."
Build Component: Select,Task,Psitrix Psynq,Feature: Select UI,High,New,2026-06-14,2026-06-16,Developer,4h,"Frontend,UI",v1.0.0-MVP,3,Low,Specs defined,Code implemented & tested,Tests passing; No mocks,Functional requirement met,,Revert commit,"**File:** `packages/web/src/components/common/Select.tsx`
**Props Interface:** `SelectProps`
**Requirements:**
- Functional component with Hooks
- Tailwind CSS styling
- Responsive design
- Accessibility (ARIA)",0,Developer,Act as a Senior Full-Stack Developer. Your goal is to implement 'Build Component: Select'. 1. Follow Hexagonal Architecture (Domain -> Ports -> Adapters). 2. Use NestJS/React best practices. 3. Ensure all code is strictly typed. 4. NO MOCKS: Use real DB/API connections unless it's a unit test. 5. Update Swagger/Storybook documentation.
Implement Logic: Select,Task,Psitrix Psynq,Feature: Select UI,Normal,New,2026-06-15,2026-06-17,Developer,4h,"Frontend,Logic",v1.0.0-MVP,3,Low,Specs defined,Code implemented & tested,Tests passing; No mocks,Functional requirement met,,Revert commit,"**File:** `packages/web/src/components/common/useSelect.ts` (Custom Hook)
**Requirements:**
- Handle API calls (React Query)
- Form validation (Zod/React Hook Form)
- State management (Zustand if needed)",0,Developer,Act as a Senior Full-Stack Developer. Your goal is to implement 'Implement Logic: Select'. 1. Follow Hexagonal Architecture (Domain -> Ports -> Adapters). 2. Use NestJS/React best practices. 3. Ensure all code is strictly typed. 4. NO MOCKS: Use real DB/API connections unless it's a unit test. 5. Update Swagger/Storybook documentation.
Test Component: Select,Task,Psitrix Psynq,Feature: Select UI,Normal,New,2026-06-16,2026-06-18,Developer,4h,"Frontend,Testing",v1.0.0-MVP,3,Low,Specs defined,Code implemented & tested,Tests passing; No mocks,Functional requirement met,,Revert commit,"**File:** `packages/web/src/components/common/Select.test.tsx`
**Requirements:**
- Render testing (React Testing Library)
- User interaction simulation
- Mock API calls (MSW)",0,QA Engineer,"Act as a Senior QA Engineer. Your goal is to verify the implementation of 'Test Component: Select'. 1. Review the code in the specified file paths. 2. Execute existing tests and write new ones for edge cases (nulls, timeouts, high load). 3. Ensure 100% coverage. 4. Report any regressions or performance bottlenecks."
Storybook: Select,Task,Psitrix Psynq,Feature: Select UI,Low,New,2026-06-17,2026-06-18,Developer,4h,"Frontend,Docs",v1.0.0-MVP,3,Low,Specs defined,Code implemented & tested,Tests passing; No mocks,Functional requirement met,,Revert commit,"**File:** `packages/web/src/components/common/Select.stories.tsx`
**Requirements:**
- Default state
- Loading state
- Error state
- Empty state",0,Developer,Act as a Senior Full-Stack Developer. Your goal is to implement 'Storybook: Select'. 1. Follow Hexagonal Architecture (Domain -> Ports -> Adapters). 2. Use NestJS/React best practices. 3. Ensure all code is strictly typed. 4. NO MOCKS: Use real DB/API connections unless it's a unit test. 5. Update Swagger/Storybook documentation.
Responsive Check: Select,Task,Psitrix Psynq,Feature: Select UI,Normal,New,2026-06-18,2026-06-19,Developer,4h,"Frontend,UI",v1.0.0-MVP,3,Low,Specs defined,Code implemented & tested,Tests passing; No mocks,Functional requirement met,,Revert commit,"**Checklist:**
- Mobile view (320px)
- Tablet view (768px)
- Desktop view (1024px+)
- Flex/Grid behavior",0,Developer,Act as a Senior Full-Stack Developer. Your goal is to implement 'Responsive Check: Select'. 1. Follow Hexagonal Architecture (Domain -> Ports -> Adapters). 2. Use NestJS/React best practices. 3. Ensure all code is strictly typed. 4. NO MOCKS: Use real DB/API connections unless it's a unit test. 5. Update Swagger/Storybook documentation.
a11y Audit: Select,Task,Psitrix Psynq,Feature: Select UI,Normal,New,2026-06-18,2026-06-19,Developer,4h,"Frontend,UI",v1.0.0-MVP,3,Low,Specs defined,Code implemented & tested,Tests passing; No mocks,Functional requirement met,,Revert commit,"**Checklist:**
- Keyboard navigation
- Screen reader support
- Color contrast
- ARIA labels",0,QA Engineer,"Act as a Senior QA Engineer. Your goal is to verify the implementation of 'a11y Audit: Select'. 1. Review the code in the specified file paths. 2. Execute existing tests and write new ones for edge cases (nulls, timeouts, high load). 3. Ensure 100% coverage. 4. Report any regressions or performance bottlenecks."
i18n Support: Select,Task,Psitrix Psynq,Feature: Select UI,Low,New,2026-06-16,2026-06-17,Developer,4h,"Frontend,i18n",v1.0.0-MVP,3,Low,Specs defined,Code implemented & tested,Tests passing; No mocks,Functional requirement met,,Revert commit,"**File:** `packages/web/src/locales/en/select.json`
**Requirements:**
- Extract all strings
- Add translation keys
- Support RTL if needed",0,Developer,Act as a Senior Full-Stack Developer. Your goal is to implement 'i18n Support: Select'. 1. Follow Hexagonal Architecture (Domain -> Ports -> Adapters). 2. Use NestJS/React best practices. 3. Ensure all code is strictly typed. 4. NO MOCKS: Use real DB/API connections unless it's a unit test. 5. Update Swagger/Storybook documentation.
Error Boundary: Select,Task,Psitrix Psynq,Feature: Select UI,Low,New,2026-06-17,2026-06-18,Developer,4h,"Frontend,Logic",v1.0.0-MVP,3,Low,Specs defined,Code implemented & tested,Tests passing; No mocks,Functional requirement met,,Revert commit,"**Requirements:**
- Graceful error fallback
- Retry mechanism
- Error logging",0,Developer,Act as a Senior Full-Stack Developer. Your goal is to implement 'Error Boundary: Select'. 1. Follow Hexagonal Architecture (Domain -> Ports -> Adapters). 2. Use NestJS/React best practices. 3. Ensure all code is strictly typed. 4. NO MOCKS: Use real DB/API connections unless it's a unit test. 5. Update Swagger/Storybook documentation.
Feature: DatePicker UI,Feature,Psitrix Psynq,Epic: UI Components Implementation,Normal,New,2026-06-14,2026-06-24,Developer,,,v1.0.0-MVP,,Low,Specs defined,Code implemented & tested,Tests passing; No mocks,Functional requirement met,,Revert commit,DatePicker Component,0,Product Owner / Architect,"Act as a Solution Architect. Define the technical specifications and sub-tasks for 'Feature: DatePicker UI'. Ensure alignment with the CCaaS platform goals (reliability, scalability, low latency)."
Build Component: DatePicker,Task,Psitrix Psynq,Feature: DatePicker UI,High,New,2026-06-14,2026-06-16,Developer,4h,"Frontend,UI",v1.0.0-MVP,3,Low,Specs defined,Code implemented & tested,Tests passing; No mocks,Functional requirement met,,Revert commit,"**File:** `packages/web/src/components/common/DatePicker.tsx`
**Props Interface:** `DatePickerProps`
**Requirements:**
- Functional component with Hooks
- Tailwind CSS styling
- Responsive design
- Accessibility (ARIA)",0,Developer,Act as a Senior Full-Stack Developer. Your goal is to implement 'Build Component: DatePicker'. 1. Follow Hexagonal Architecture (Domain -> Ports -> Adapters). 2. Use NestJS/React best practices. 3. Ensure all code is strictly typed. 4. NO MOCKS: Use real DB/API connections unless it's a unit test. 5. Update Swagger/Storybook documentation.
Implement Logic: DatePicker,Task,Psitrix Psynq,Feature: DatePicker UI,Normal,New,2026-06-15,2026-06-17,Developer,4h,"Frontend,Logic",v1.0.0-MVP,3,Low,Specs defined,Code implemented & tested,Tests passing; No mocks,Functional requirement met,,Revert commit,"**File:** `packages/web/src/components/common/useDatePicker.ts` (Custom Hook)
**Requirements:**
- Handle API calls (React Query)
- Form validation (Zod/React Hook Form)
- State management (Zustand if needed)",0,Developer,Act as a Senior Full-Stack Developer. Your goal is to implement 'Implement Logic: DatePicker'. 1. Follow Hexagonal Architecture (Domain -> Ports -> Adapters). 2. Use NestJS/React best practices. 3. Ensure all code is strictly typed. 4. NO MOCKS: Use real DB/API connections unless it's a unit test. 5. Update Swagger/Storybook documentation.
Test Component: DatePicker,Task,Psitrix Psynq,Feature: DatePicker UI,Normal,New,2026-06-16,2026-06-18,Developer,4h,"Frontend,Testing",v1.0.0-MVP,3,Low,Specs defined,Code implemented & tested,Tests passing; No mocks,Functional requirement met,,Revert commit,"**File:** `packages/web/src/components/common/DatePicker.test.tsx`
**Requirements:**
- Render testing (React Testing Library)
- User interaction simulation
- Mock API calls (MSW)",0,QA Engineer,"Act as a Senior QA Engineer. Your goal is to verify the implementation of 'Test Component: DatePicker'. 1. Review the code in the specified file paths. 2. Execute existing tests and write new ones for edge cases (nulls, timeouts, high load). 3. Ensure 100% coverage. 4. Report any regressions or performance bottlenecks."
Storybook: DatePicker,Task,Psitrix Psynq,Feature: DatePicker UI,Low,New,2026-06-17,2026-06-18,Developer,4h,"Frontend,Docs",v1.0.0-MVP,3,Low,Specs defined,Code implemented & tested,Tests passing; No mocks,Functional requirement met,,Revert commit,"**File:** `packages/web/src/components/common/DatePicker.stories.tsx`
**Requirements:**
- Default state
- Loading state
- Error state
- Empty state",0,Developer,Act as a Senior Full-Stack Developer. Your goal is to implement 'Storybook: DatePicker'. 1. Follow Hexagonal Architecture (Domain -> Ports -> Adapters). 2. Use NestJS/React best practices. 3. Ensure all code is strictly typed. 4. NO MOCKS: Use real DB/API connections unless it's a unit test. 5. Update Swagger/Storybook documentation.
Responsive Check: DatePicker,Task,Psitrix Psynq,Feature: DatePicker UI,Normal,New,2026-06-18,2026-06-19,Developer,4h,"Frontend,UI",v1.0.0-MVP,3,Low,Specs defined,Code implemented & tested,Tests passing; No mocks,Functional requirement met,,Revert commit,"**Checklist:**
- Mobile view (320px)
- Tablet view (768px)
- Desktop view (1024px+)
- Flex/Grid behavior",0,Developer,Act as a Senior Full-Stack Developer. Your goal is to implement 'Responsive Check: DatePicker'. 1. Follow Hexagonal Architecture (Domain -> Ports -> Adapters). 2. Use NestJS/React best practices. 3. Ensure all code is strictly typed. 4. NO MOCKS: Use real DB/API connections unless it's a unit test. 5. Update Swagger/Storybook documentation.
a11y Audit: DatePicker,Task,Psitrix Psynq,Feature: DatePicker UI,Normal,New,2026-06-18,2026-06-19,Developer,4h,"Frontend,UI",v1.0.0-MVP,3,Low,Specs defined,Code implemented & tested,Tests passing; No mocks,Functional requirement met,,Revert commit,"**Checklist:**
- Keyboard navigation
- Screen reader support
- Color contrast
- ARIA labels",0,QA Engineer,"Act as a Senior QA Engineer. Your goal is to verify the implementation of 'a11y Audit: DatePicker'. 1. Review the code in the specified file paths. 2. Execute existing tests and write new ones for edge cases (nulls, timeouts, high load). 3. Ensure 100% coverage. 4. Report any regressions or performance bottlenecks."
i18n Support: DatePicker,Task,Psitrix Psynq,Feature: DatePicker UI,Low,New,2026-06-16,2026-06-17,Developer,4h,"Frontend,i18n",v1.0.0-MVP,3,Low,Specs defined,Code implemented & tested,Tests passing; No mocks,Functional requirement met,,Revert commit,"**File:** `packages/web/src/locales/en/datepicker.json`
**Requirements:**
- Extract all strings
- Add translation keys
- Support RTL if needed",0,Developer,Act as a Senior Full-Stack Developer. Your goal is to implement 'i18n Support: DatePicker'. 1. Follow Hexagonal Architecture (Domain -> Ports -> Adapters). 2. Use NestJS/React best practices. 3. Ensure all code is strictly typed. 4. NO MOCKS: Use real DB/API connections unless it's a unit test. 5. Update Swagger/Storybook documentation.
Error Boundary: DatePicker,Task,Psitrix Psynq,Feature: DatePicker UI,Low,New,2026-06-17,2026-06-18,Developer,4h,"Frontend,Logic",v1.0.0-MVP,3,Low,Specs defined,Code implemented & tested,Tests passing; No mocks,Functional requirement met,,Revert commit,"**Requirements:**
- Graceful error fallback
- Retry mechanism
- Error logging",0,Developer,Act as a Senior Full-Stack Developer. Your goal is to implement 'Error Boundary: DatePicker'. 1. Follow Hexagonal Architecture (Domain -> Ports -> Adapters). 2. Use NestJS/React best practices. 3. Ensure all code is strictly typed. 4. NO MOCKS: Use real DB/API connections unless it's a unit test. 5. Update Swagger/Storybook documentation.
Feature: Tabs UI,Feature,Psitrix Psynq,Epic: UI Components Implementation,Normal,New,2026-06-14,2026-06-24,Developer,,,v1.0.0-MVP,,Low,Specs defined,Code implemented & tested,Tests passing; No mocks,Functional requirement met,,Revert commit,Tabs Component,0,Product Owner / Architect,"Act as a Solution Architect. Define the technical specifications and sub-tasks for 'Feature: Tabs UI'. Ensure alignment with the CCaaS platform goals (reliability, scalability, low latency)."
Build Component: Tabs,Task,Psitrix Psynq,Feature: Tabs UI,High,New,2026-06-14,2026-06-16,Developer,4h,"Frontend,UI",v1.0.0-MVP,3,Low,Specs defined,Code implemented & tested,Tests passing; No mocks,Functional requirement met,,Revert commit,"**File:** `packages/web/src/components/common/Tabs.tsx`
**Props Interface:** `TabsProps`
**Requirements:**
- Functional component with Hooks
- Tailwind CSS styling
- Responsive design
- Accessibility (ARIA)",0,Developer,Act as a Senior Full-Stack Developer. Your goal is to implement 'Build Component: Tabs'. 1. Follow Hexagonal Architecture (Domain -> Ports -> Adapters). 2. Use NestJS/React best practices. 3. Ensure all code is strictly typed. 4. NO MOCKS: Use real DB/API connections unless it's a unit test. 5. Update Swagger/Storybook documentation.
Implement Logic: Tabs,Task,Psitrix Psynq,Feature: Tabs UI,Normal,New,2026-06-15,2026-06-17,Developer,4h,"Frontend,Logic",v1.0.0-MVP,3,Low,Specs defined,Code implemented & tested,Tests passing; No mocks,Functional requirement met,,Revert commit,"**File:** `packages/web/src/components/common/useTabs.ts` (Custom Hook)
**Requirements:**
- Handle API calls (React Query)
- Form validation (Zod/React Hook Form)
- State management (Zustand if needed)",0,Developer,Act as a Senior Full-Stack Developer. Your goal is to implement 'Implement Logic: Tabs'. 1. Follow Hexagonal Architecture (Domain -> Ports -> Adapters). 2. Use NestJS/React best practices. 3. Ensure all code is strictly typed. 4. NO MOCKS: Use real DB/API connections unless it's a unit test. 5. Update Swagger/Storybook documentation.
Test Component: Tabs,Task,Psitrix Psynq,Feature: Tabs UI,Normal,New,2026-06-16,2026-06-18,Developer,4h,"Frontend,Testing",v1.0.0-MVP,3,Low,Specs defined,Code implemented & tested,Tests passing; No mocks,Functional requirement met,,Revert commit,"**File:** `packages/web/src/components/common/Tabs.test.tsx`
**Requirements:**
- Render testing (React Testing Library)
- User interaction simulation
- Mock API calls (MSW)",0,QA Engineer,"Act as a Senior QA Engineer. Your goal is to verify the implementation of 'Test Component: Tabs'. 1. Review the code in the specified file paths. 2. Execute existing tests and write new ones for edge cases (nulls, timeouts, high load). 3. Ensure 100% coverage. 4. Report any regressions or performance bottlenecks."
Storybook: Tabs,Task,Psitrix Psynq,Feature: Tabs UI,Low,New,2026-06-17,2026-06-18,Developer,4h,"Frontend,Docs",v1.0.0-MVP,3,Low,Specs defined,Code implemented & tested,Tests passing; No mocks,Functional requirement met,,Revert commit,"**File:** `packages/web/src/components/common/Tabs.stories.tsx`
**Requirements:**
- Default state
- Loading state
- Error state
- Empty state",0,Developer,Act as a Senior Full-Stack Developer. Your goal is to implement 'Storybook: Tabs'. 1. Follow Hexagonal Architecture (Domain -> Ports -> Adapters). 2. Use NestJS/React best practices. 3. Ensure all code is strictly typed. 4. NO MOCKS: Use real DB/API connections unless it's a unit test. 5. Update Swagger/Storybook documentation.
Responsive Check: Tabs,Task,Psitrix Psynq,Feature: Tabs UI,Normal,New,2026-06-18,2026-06-19,Developer,4h,"Frontend,UI",v1.0.0-MVP,3,Low,Specs defined,Code implemented & tested,Tests passing; No mocks,Functional requirement met,,Revert commit,"**Checklist:**
- Mobile view (320px)
- Tablet view (768px)
- Desktop view (1024px+)
- Flex/Grid behavior",0,Developer,Act as a Senior Full-Stack Developer. Your goal is to implement 'Responsive Check: Tabs'. 1. Follow Hexagonal Architecture (Domain -> Ports -> Adapters). 2. Use NestJS/React best practices. 3. Ensure all code is strictly typed. 4. NO MOCKS: Use real DB/API connections unless it's a unit test. 5. Update Swagger/Storybook documentation.
a11y Audit: Tabs,Task,Psitrix Psynq,Feature: Tabs UI,Normal,New,2026-06-18,2026-06-19,Developer,4h,"Frontend,UI",v1.0.0-MVP,3,Low,Specs defined,Code implemented & tested,Tests passing; No mocks,Functional requirement met,,Revert commit,"**Checklist:**
- Keyboard navigation
- Screen reader support
- Color contrast
- ARIA labels",0,QA Engineer,"Act as a Senior QA Engineer. Your goal is to verify the implementation of 'a11y Audit: Tabs'. 1. Review the code in the specified file paths. 2. Execute existing tests and write new ones for edge cases (nulls, timeouts, high load). 3. Ensure 100% coverage. 4. Report any regressions or performance bottlenecks."
i18n Support: Tabs,Task,Psitrix Psynq,Feature: Tabs UI,Low,New,2026-06-16,2026-06-17,Developer,4h,"Frontend,i18n",v1.0.0-MVP,3,Low,Specs defined,Code implemented & tested,Tests passing; No mocks,Functional requirement met,,Revert commit,"**File:** `packages/web/src/locales/en/tabs.json`
**Requirements:**
- Extract all strings
- Add translation keys
- Support RTL if needed",0,Developer,Act as a Senior Full-Stack Developer. Your goal is to implement 'i18n Support: Tabs'. 1. Follow Hexagonal Architecture (Domain -> Ports -> Adapters). 2. Use NestJS/React best practices. 3. Ensure all code is strictly typed. 4. NO MOCKS: Use real DB/API connections unless it's a unit test. 5. Update Swagger/Storybook documentation.
Error Boundary: Tabs,Task,Psitrix Psynq,Feature: Tabs UI,Low,New,2026-06-17,2026-06-18,Developer,4h,"Frontend,Logic",v1.0.0-MVP,3,Low,Specs defined,Code implemented & tested,Tests passing; No mocks,Functional requirement met,,Revert commit,"**Requirements:**
- Graceful error fallback
- Retry mechanism
- Error logging",0,Developer,Act as a Senior Full-Stack Developer. Your goal is to implement 'Error Boundary: Tabs'. 1. Follow Hexagonal Architecture (Domain -> Ports -> Adapters). 2. Use NestJS/React best practices. 3. Ensure all code is strictly typed. 4. NO MOCKS: Use real DB/API connections unless it's a unit test. 5. Update Swagger/Storybook documentation.
Feature: Card UI,Feature,Psitrix Psynq,Epic: UI Components Implementation,Normal,New,2026-06-14,2026-06-24,Developer,,,v1.0.0-MVP,,Low,Specs defined,Code implemented & tested,Tests passing; No mocks,Functional requirement met,,Revert commit,Card Component,0,Product Owner / Architect,"Act as a Solution Architect. Define the technical specifications and sub-tasks for 'Feature: Card UI'. Ensure alignment with the CCaaS platform goals (reliability, scalability, low latency)."
Build Component: Card,Task,Psitrix Psynq,Feature: Card UI,High,New,2026-06-14,2026-06-16,Developer,4h,"Frontend,UI",v1.0.0-MVP,3,Low,Specs defined,Code implemented & tested,Tests passing; No mocks,Functional requirement met,,Revert commit,"**File:** `packages/web/src/components/common/Card.tsx`
**Props Interface:** `CardProps`
**Requirements:**
- Functional component with Hooks
- Tailwind CSS styling
- Responsive design
- Accessibility (ARIA)",0,Developer,Act as a Senior Full-Stack Developer. Your goal is to implement 'Build Component: Card'. 1. Follow Hexagonal Architecture (Domain -> Ports -> Adapters). 2. Use NestJS/React best practices. 3. Ensure all code is strictly typed. 4. NO MOCKS: Use real DB/API connections unless it's a unit test. 5. Update Swagger/Storybook documentation.
Implement Logic: Card,Task,Psitrix Psynq,Feature: Card UI,Normal,New,2026-06-15,2026-06-17,Developer,4h,"Frontend,Logic",v1.0.0-MVP,3,Low,Specs defined,Code implemented & tested,Tests passing; No mocks,Functional requirement met,,Revert commit,"**File:** `packages/web/src/components/common/useCard.ts` (Custom Hook)
**Requirements:**
- Handle API calls (React Query)
- Form validation (Zod/React Hook Form)
- State management (Zustand if needed)",0,Developer,Act as a Senior Full-Stack Developer. Your goal is to implement 'Implement Logic: Card'. 1. Follow Hexagonal Architecture (Domain -> Ports -> Adapters). 2. Use NestJS/React best practices. 3. Ensure all code is strictly typed. 4. NO MOCKS: Use real DB/API connections unless it's a unit test. 5. Update Swagger/Storybook documentation.
Test Component: Card,Task,Psitrix Psynq,Feature: Card UI,Normal,New,2026-06-16,2026-06-18,Developer,4h,"Frontend,Testing",v1.0.0-MVP,3,Low,Specs defined,Code implemented & tested,Tests passing; No mocks,Functional requirement met,,Revert commit,"**File:** `packages/web/src/components/common/Card.test.tsx`
**Requirements:**
- Render testing (React Testing Library)
- User interaction simulation
- Mock API calls (MSW)",0,QA Engineer,"Act as a Senior QA Engineer. Your goal is to verify the implementation of 'Test Component: Card'. 1. Review the code in the specified file paths. 2. Execute existing tests and write new ones for edge cases (nulls, timeouts, high load). 3. Ensure 100% coverage. 4. Report any regressions or performance bottlenecks."
Storybook: Card,Task,Psitrix Psynq,Feature: Card UI,Low,New,2026-06-17,2026-06-18,Developer,4h,"Frontend,Docs",v1.0.0-MVP,3,Low,Specs defined,Code implemented & tested,Tests passing; No mocks,Functional requirement met,,Revert commit,"**File:** `packages/web/src/components/common/Card.stories.tsx`
**Requirements:**
- Default state
- Loading state
- Error state
- Empty state",0,Developer,Act as a Senior Full-Stack Developer. Your goal is to implement 'Storybook: Card'. 1. Follow Hexagonal Architecture (Domain -> Ports -> Adapters). 2. Use NestJS/React best practices. 3. Ensure all code is strictly typed. 4. NO MOCKS: Use real DB/API connections unless it's a unit test. 5. Update Swagger/Storybook documentation.
Responsive Check: Card,Task,Psitrix Psynq,Feature: Card UI,Normal,New,2026-06-18,2026-06-19,Developer,4h,"Frontend,UI",v1.0.0-MVP,3,Low,Specs defined,Code implemented & tested,Tests passing; No mocks,Functional requirement met,,Revert commit,"**Checklist:**
- Mobile view (320px)
- Tablet view (768px)
- Desktop view (1024px+)
- Flex/Grid behavior",0,Developer,Act as a Senior Full-Stack Developer. Your goal is to implement 'Responsive Check: Card'. 1. Follow Hexagonal Architecture (Domain -> Ports -> Adapters). 2. Use NestJS/React best practices. 3. Ensure all code is strictly typed. 4. NO MOCKS: Use real DB/API connections unless it's a unit test. 5. Update Swagger/Storybook documentation.
a11y Audit: Card,Task,Psitrix Psynq,Feature: Card UI,Normal,New,2026-06-18,2026-06-19,Developer,4h,"Frontend,UI",v1.0.0-MVP,3,Low,Specs defined,Code implemented & tested,Tests passing; No mocks,Functional requirement met,,Revert commit,"**Checklist:**
- Keyboard navigation
- Screen reader support
- Color contrast
- ARIA labels",0,QA Engineer,"Act as a Senior QA Engineer. Your goal is to verify the implementation of 'a11y Audit: Card'. 1. Review the code in the specified file paths. 2. Execute existing tests and write new ones for edge cases (nulls, timeouts, high load). 3. Ensure 100% coverage. 4. Report any regressions or performance bottlenecks."
i18n Support: Card,Task,Psitrix Psynq,Feature: Card UI,Low,New,2026-06-16,2026-06-17,Developer,4h,"Frontend,i18n",v1.0.0-MVP,3,Low,Specs defined,Code implemented & tested,Tests passing; No mocks,Functional requirement met,,Revert commit,"**File:** `packages/web/src/locales/en/card.json`
**Requirements:**
- Extract all strings
- Add translation keys
- Support RTL if needed",0,Developer,Act as a Senior Full-Stack Developer. Your goal is to implement 'i18n Support: Card'. 1. Follow Hexagonal Architecture (Domain -> Ports -> Adapters). 2. Use NestJS/React best practices. 3. Ensure all code is strictly typed. 4. NO MOCKS: Use real DB/API connections unless it's a unit test. 5. Update Swagger/Storybook documentation.
Error Boundary: Card,Task,Psitrix Psynq,Feature: Card UI,Low,New,2026-06-17,2026-06-18,Developer,4h,"Frontend,Logic",v1.0.0-MVP,3,Low,Specs defined,Code implemented & tested,Tests passing; No mocks,Functional requirement met,,Revert commit,"**Requirements:**
- Graceful error fallback
- Retry mechanism
- Error logging",0,Developer,Act as a Senior Full-Stack Developer. Your goal is to implement 'Error Boundary: Card'. 1. Follow Hexagonal Architecture (Domain -> Ports -> Adapters). 2. Use NestJS/React best practices. 3. Ensure all code is strictly typed. 4. NO MOCKS: Use real DB/API connections unless it's a unit test. 5. Update Swagger/Storybook documentation.
Feature: Badge UI,Feature,Psitrix Psynq,Epic: UI Components Implementation,Normal,New,2026-06-14,2026-06-24,Developer,,,v1.0.0-MVP,,Low,Specs defined,Code implemented & tested,Tests passing; No mocks,Functional requirement met,,Revert commit,Badge Component,0,Product Owner / Architect,"Act as a Solution Architect. Define the technical specifications and sub-tasks for 'Feature: Badge UI'. Ensure alignment with the CCaaS platform goals (reliability, scalability, low latency)."
Build Component: Badge,Task,Psitrix Psynq,Feature: Badge UI,High,New,2026-06-14,2026-06-16,Developer,4h,"Frontend,UI",v1.0.0-MVP,3,Low,Specs defined,Code implemented & tested,Tests passing; No mocks,Functional requirement met,,Revert commit,"**File:** `packages/web/src/components/common/Badge.tsx`
**Props Interface:** `BadgeProps`
**Requirements:**
- Functional component with Hooks
- Tailwind CSS styling
- Responsive design
- Accessibility (ARIA)",0,Developer,Act as a Senior Full-Stack Developer. Your goal is to implement 'Build Component: Badge'. 1. Follow Hexagonal Architecture (Domain -> Ports -> Adapters). 2. Use NestJS/React best practices. 3. Ensure all code is strictly typed. 4. NO MOCKS: Use real DB/API connections unless it's a unit test. 5. Update Swagger/Storybook documentation.
Implement Logic: Badge,Task,Psitrix Psynq,Feature: Badge UI,Normal,New,2026-06-15,2026-06-17,Developer,4h,"Frontend,Logic",v1.0.0-MVP,3,Low,Specs defined,Code implemented & tested,Tests passing; No mocks,Functional requirement met,,Revert commit,"**File:** `packages/web/src/components/common/useBadge.ts` (Custom Hook)
**Requirements:**
- Handle API calls (React Query)
- Form validation (Zod/React Hook Form)
- State management (Zustand if needed)",0,Developer,Act as a Senior Full-Stack Developer. Your goal is to implement 'Implement Logic: Badge'. 1. Follow Hexagonal Architecture (Domain -> Ports -> Adapters). 2. Use NestJS/React best practices. 3. Ensure all code is strictly typed. 4. NO MOCKS: Use real DB/API connections unless it's a unit test. 5. Update Swagger/Storybook documentation.
Test Component: Badge,Task,Psitrix Psynq,Feature: Badge UI,Normal,New,2026-06-16,2026-06-18,Developer,4h,"Frontend,Testing",v1.0.0-MVP,3,Low,Specs defined,Code implemented & tested,Tests passing; No mocks,Functional requirement met,,Revert commit,"**File:** `packages/web/src/components/common/Badge.test.tsx`
**Requirements:**
- Render testing (React Testing Library)
- User interaction simulation
- Mock API calls (MSW)",0,QA Engineer,"Act as a Senior QA Engineer. Your goal is to verify the implementation of 'Test Component: Badge'. 1. Review the code in the specified file paths. 2. Execute existing tests and write new ones for edge cases (nulls, timeouts, high load). 3. Ensure 100% coverage. 4. Report any regressions or performance bottlenecks."
Storybook: Badge,Task,Psitrix Psynq,Feature: Badge UI,Low,New,2026-06-17,2026-06-18,Developer,4h,"Frontend,Docs",v1.0.0-MVP,3,Low,Specs defined,Code implemented & tested,Tests passing; No mocks,Functional requirement met,,Revert commit,"**File:** `packages/web/src/components/common/Badge.stories.tsx`
**Requirements:**
- Default state
- Loading state
- Error state
- Empty state",0,Developer,Act as a Senior Full-Stack Developer. Your goal is to implement 'Storybook: Badge'. 1. Follow Hexagonal Architecture (Domain -> Ports -> Adapters). 2. Use NestJS/React best practices. 3. Ensure all code is strictly typed. 4. NO MOCKS: Use real DB/API connections unless it's a unit test. 5. Update Swagger/Storybook documentation.
Responsive Check: Badge,Task,Psitrix Psynq,Feature: Badge UI,Normal,New,2026-06-18,2026-06-19,Developer,4h,"Frontend,UI",v1.0.0-MVP,3,Low,Specs defined,Code implemented & tested,Tests passing; No mocks,Functional requirement met,,Revert commit,"**Checklist:**
- Mobile view (320px)
- Tablet view (768px)
- Desktop view (1024px+)
- Flex/Grid behavior",0,Developer,Act as a Senior Full-Stack Developer. Your goal is to implement 'Responsive Check: Badge'. 1. Follow Hexagonal Architecture (Domain -> Ports -> Adapters). 2. Use NestJS/React best practices. 3. Ensure all code is strictly typed. 4. NO MOCKS: Use real DB/API connections unless it's a unit test. 5. Update Swagger/Storybook documentation.
a11y Audit: Badge,Task,Psitrix Psynq,Feature: Badge UI,Normal,New,2026-06-18,2026-06-19,Developer,4h,"Frontend,UI",v1.0.0-MVP,3,Low,Specs defined,Code implemented & tested,Tests passing; No mocks,Functional requirement met,,Revert commit,"**Checklist:**
- Keyboard navigation
- Screen reader support
- Color contrast
- ARIA labels",0,QA Engineer,"Act as a Senior QA Engineer. Your goal is to verify the implementation of 'a11y Audit: Badge'. 1. Review the code in the specified file paths. 2. Execute existing tests and write new ones for edge cases (nulls, timeouts, high load). 3. Ensure 100% coverage. 4. Report any regressions or performance bottlenecks."
i18n Support: Badge,Task,Psitrix Psynq,Feature: Badge UI,Low,New,2026-06-16,2026-06-17,Developer,4h,"Frontend,i18n",v1.0.0-MVP,3,Low,Specs defined,Code implemented & tested,Tests passing; No mocks,Functional requirement met,,Revert commit,"**File:** `packages/web/src/locales/en/badge.json`
**Requirements:**
- Extract all strings
- Add translation keys
- Support RTL if needed",0,Developer,Act as a Senior Full-Stack Developer. Your goal is to implement 'i18n Support: Badge'. 1. Follow Hexagonal Architecture (Domain -> Ports -> Adapters). 2. Use NestJS/React best practices. 3. Ensure all code is strictly typed. 4. NO MOCKS: Use real DB/API connections unless it's a unit test. 5. Update Swagger/Storybook documentation.
Error Boundary: Badge,Task,Psitrix Psynq,Feature: Badge UI,Low,New,2026-06-17,2026-06-18,Developer,4h,"Frontend,Logic",v1.0.0-MVP,3,Low,Specs defined,Code implemented & tested,Tests passing; No mocks,Functional requirement met,,Revert commit,"**Requirements:**
- Graceful error fallback
- Retry mechanism
- Error logging",0,Developer,Act as a Senior Full-Stack Developer. Your goal is to implement 'Error Boundary: Badge'. 1. Follow Hexagonal Architecture (Domain -> Ports -> Adapters). 2. Use NestJS/React best practices. 3. Ensure all code is strictly typed. 4. NO MOCKS: Use real DB/API connections unless it's a unit test. 5. Update Swagger/Storybook documentation.
Feature: Avatar UI,Feature,Psitrix Psynq,Epic: UI Components Implementation,Normal,New,2026-06-14,2026-06-24,Developer,,,v1.0.0-MVP,,Low,Specs defined,Code implemented & tested,Tests passing; No mocks,Functional requirement met,,Revert commit,Avatar Component,0,Product Owner / Architect,"Act as a Solution Architect. Define the technical specifications and sub-tasks for 'Feature: Avatar UI'. Ensure alignment with the CCaaS platform goals (reliability, scalability, low latency)."
Build Component: Avatar,Task,Psitrix Psynq,Feature: Avatar UI,High,New,2026-06-14,2026-06-16,Developer,4h,"Frontend,UI",v1.0.0-MVP,3,Low,Specs defined,Code implemented & tested,Tests passing; No mocks,Functional requirement met,,Revert commit,"**File:** `packages/web/src/components/common/Avatar.tsx`
**Props Interface:** `AvatarProps`
**Requirements:**
- Functional component with Hooks
- Tailwind CSS styling
- Responsive design
- Accessibility (ARIA)",0,Developer,Act as a Senior Full-Stack Developer. Your goal is to implement 'Build Component: Avatar'. 1. Follow Hexagonal Architecture (Domain -> Ports -> Adapters). 2. Use NestJS/React best practices. 3. Ensure all code is strictly typed. 4. NO MOCKS: Use real DB/API connections unless it's a unit test. 5. Update Swagger/Storybook documentation.
Implement Logic: Avatar,Task,Psitrix Psynq,Feature: Avatar UI,Normal,New,2026-06-15,2026-06-17,Developer,4h,"Frontend,Logic",v1.0.0-MVP,3,Low,Specs defined,Code implemented & tested,Tests passing; No mocks,Functional requirement met,,Revert commit,"**File:** `packages/web/src/components/common/useAvatar.ts` (Custom Hook)
**Requirements:**
- Handle API calls (React Query)
- Form validation (Zod/React Hook Form)
- State management (Zustand if needed)",0,Developer,Act as a Senior Full-Stack Developer. Your goal is to implement 'Implement Logic: Avatar'. 1. Follow Hexagonal Architecture (Domain -> Ports -> Adapters). 2. Use NestJS/React best practices. 3. Ensure all code is strictly typed. 4. NO MOCKS: Use real DB/API connections unless it's a unit test. 5. Update Swagger/Storybook documentation.
Test Component: Avatar,Task,Psitrix Psynq,Feature: Avatar UI,Normal,New,2026-06-16,2026-06-18,Developer,4h,"Frontend,Testing",v1.0.0-MVP,3,Low,Specs defined,Code implemented & tested,Tests passing; No mocks,Functional requirement met,,Revert commit,"**File:** `packages/web/src/components/common/Avatar.test.tsx`
**Requirements:**
- Render testing (React Testing Library)
- User interaction simulation
- Mock API calls (MSW)",0,QA Engineer,"Act as a Senior QA Engineer. Your goal is to verify the implementation of 'Test Component: Avatar'. 1. Review the code in the specified file paths. 2. Execute existing tests and write new ones for edge cases (nulls, timeouts, high load). 3. Ensure 100% coverage. 4. Report any regressions or performance bottlenecks."
Storybook: Avatar,Task,Psitrix Psynq,Feature: Avatar UI,Low,New,2026-06-17,2026-06-18,Developer,4h,"Frontend,Docs",v1.0.0-MVP,3,Low,Specs defined,Code implemented & tested,Tests passing; No mocks,Functional requirement met,,Revert commit,"**File:** `packages/web/src/components/common/Avatar.stories.tsx`
**Requirements:**
- Default state
- Loading state
- Error state
- Empty state",0,Developer,Act as a Senior Full-Stack Developer. Your goal is to implement 'Storybook: Avatar'. 1. Follow Hexagonal Architecture (Domain -> Ports -> Adapters). 2. Use NestJS/React best practices. 3. Ensure all code is strictly typed. 4. NO MOCKS: Use real DB/API connections unless it's a unit test. 5. Update Swagger/Storybook documentation.
Responsive Check: Avatar,Task,Psitrix Psynq,Feature: Avatar UI,Normal,New,2026-06-18,2026-06-19,Developer,4h,"Frontend,UI",v1.0.0-MVP,3,Low,Specs defined,Code implemented & tested,Tests passing; No mocks,Functional requirement met,,Revert commit,"**Checklist:**
- Mobile view (320px)
- Tablet view (768px)
- Desktop view (1024px+)
- Flex/Grid behavior",0,Developer,Act as a Senior Full-Stack Developer. Your goal is to implement 'Responsive Check: Avatar'. 1. Follow Hexagonal Architecture (Domain -> Ports -> Adapters). 2. Use NestJS/React best practices. 3. Ensure all code is strictly typed. 4. NO MOCKS: Use real DB/API connections unless it's a unit test. 5. Update Swagger/Storybook documentation.
a11y Audit: Avatar,Task,Psitrix Psynq,Feature: Avatar UI,Normal,New,2026-06-18,2026-06-19,Developer,4h,"Frontend,UI",v1.0.0-MVP,3,Low,Specs defined,Code implemented & tested,Tests passing; No mocks,Functional requirement met,,Revert commit,"**Checklist:**
- Keyboard navigation
- Screen reader support
- Color contrast
- ARIA labels",0,QA Engineer,"Act as a Senior QA Engineer. Your goal is to verify the implementation of 'a11y Audit: Avatar'. 1. Review the code in the specified file paths. 2. Execute existing tests and write new ones for edge cases (nulls, timeouts, high load). 3. Ensure 100% coverage. 4. Report any regressions or performance bottlenecks."
i18n Support: Avatar,Task,Psitrix Psynq,Feature: Avatar UI,Low,New,2026-06-16,2026-06-17,Developer,4h,"Frontend,i18n",v1.0.0-MVP,3,Low,Specs defined,Code implemented & tested,Tests passing; No mocks,Functional requirement met,,Revert commit,"**File:** `packages/web/src/locales/en/avatar.json`
**Requirements:**
- Extract all strings
- Add translation keys
- Support RTL if needed",0,Developer,Act as a Senior Full-Stack Developer. Your goal is to implement 'i18n Support: Avatar'. 1. Follow Hexagonal Architecture (Domain -> Ports -> Adapters). 2. Use NestJS/React best practices. 3. Ensure all code is strictly typed. 4. NO MOCKS: Use real DB/API connections unless it's a unit test. 5. Update Swagger/Storybook documentation.
Error Boundary: Avatar,Task,Psitrix Psynq,Feature: Avatar UI,Low,New,2026-06-17,2026-06-18,Developer,4h,"Frontend,Logic",v1.0.0-MVP,3,Low,Specs defined,Code implemented & tested,Tests passing; No mocks,Functional requirement met,,Revert commit,"**Requirements:**
- Graceful error fallback
- Retry mechanism
- Error logging",0,Developer,Act as a Senior Full-Stack Developer. Your goal is to implement 'Error Boundary: Avatar'. 1. Follow Hexagonal Architecture (Domain -> Ports -> Adapters). 2. Use NestJS/React best practices. 3. Ensure all code is strictly typed. 4. NO MOCKS: Use real DB/API connections unless it's a unit test. 5. Update Swagger/Storybook documentation.
Feature: Tooltip UI,Feature,Psitrix Psynq,Epic: UI Components Implementation,Normal,New,2026-06-14,2026-06-24,Developer,,,v1.0.0-MVP,,Low,Specs defined,Code implemented & tested,Tests passing; No mocks,Functional requirement met,,Revert commit,Tooltip Component,0,Product Owner / Architect,"Act as a Solution Architect. Define the technical specifications and sub-tasks for 'Feature: Tooltip UI'. Ensure alignment with the CCaaS platform goals (reliability, scalability, low latency)."
Build Component: Tooltip,Task,Psitrix Psynq,Feature: Tooltip UI,High,New,2026-06-14,2026-06-16,Developer,4h,"Frontend,UI",v1.0.0-MVP,3,Low,Specs defined,Code implemented & tested,Tests passing; No mocks,Functional requirement met,,Revert commit,"**File:** `packages/web/src/components/common/Tooltip.tsx`
**Props Interface:** `TooltipProps`
**Requirements:**
- Functional component with Hooks
- Tailwind CSS styling
- Responsive design
- Accessibility (ARIA)",0,Developer,Act as a Senior Full-Stack Developer. Your goal is to implement 'Build Component: Tooltip'. 1. Follow Hexagonal Architecture (Domain -> Ports -> Adapters). 2. Use NestJS/React best practices. 3. Ensure all code is strictly typed. 4. NO MOCKS: Use real DB/API connections unless it's a unit test. 5. Update Swagger/Storybook documentation.
Implement Logic: Tooltip,Task,Psitrix Psynq,Feature: Tooltip UI,Normal,New,2026-06-15,2026-06-17,Developer,4h,"Frontend,Logic",v1.0.0-MVP,3,Low,Specs defined,Code implemented & tested,Tests passing; No mocks,Functional requirement met,,Revert commit,"**File:** `packages/web/src/components/common/useTooltip.ts` (Custom Hook)
**Requirements:**
- Handle API calls (React Query)
- Form validation (Zod/React Hook Form)
- State management (Zustand if needed)",0,Developer,Act as a Senior Full-Stack Developer. Your goal is to implement 'Implement Logic: Tooltip'. 1. Follow Hexagonal Architecture (Domain -> Ports -> Adapters). 2. Use NestJS/React best practices. 3. Ensure all code is strictly typed. 4. NO MOCKS: Use real DB/API connections unless it's a unit test. 5. Update Swagger/Storybook documentation.
Test Component: Tooltip,Task,Psitrix Psynq,Feature: Tooltip UI,Normal,New,2026-06-16,2026-06-18,Developer,4h,"Frontend,Testing",v1.0.0-MVP,3,Low,Specs defined,Code implemented & tested,Tests passing; No mocks,Functional requirement met,,Revert commit,"**File:** `packages/web/src/components/common/Tooltip.test.tsx`
**Requirements:**
- Render testing (React Testing Library)
- User interaction simulation
- Mock API calls (MSW)",0,QA Engineer,"Act as a Senior QA Engineer. Your goal is to verify the implementation of 'Test Component: Tooltip'. 1. Review the code in the specified file paths. 2. Execute existing tests and write new ones for edge cases (nulls, timeouts, high load). 3. Ensure 100% coverage. 4. Report any regressions or performance bottlenecks."
Storybook: Tooltip,Task,Psitrix Psynq,Feature: Tooltip UI,Low,New,2026-06-17,2026-06-18,Developer,4h,"Frontend,Docs",v1.0.0-MVP,3,Low,Specs defined,Code implemented & tested,Tests passing; No mocks,Functional requirement met,,Revert commit,"**File:** `packages/web/src/components/common/Tooltip.stories.tsx`
**Requirements:**
- Default state
- Loading state
- Error state
- Empty state",0,Developer,Act as a Senior Full-Stack Developer. Your goal is to implement 'Storybook: Tooltip'. 1. Follow Hexagonal Architecture (Domain -> Ports -> Adapters). 2. Use NestJS/React best practices. 3. Ensure all code is strictly typed. 4. NO MOCKS: Use real DB/API connections unless it's a unit test. 5. Update Swagger/Storybook documentation.
Responsive Check: Tooltip,Task,Psitrix Psynq,Feature: Tooltip UI,Normal,New,2026-06-18,2026-06-19,Developer,4h,"Frontend,UI",v1.0.0-MVP,3,Low,Specs defined,Code implemented & tested,Tests passing; No mocks,Functional requirement met,,Revert commit,"**Checklist:**
- Mobile view (320px)
- Tablet view (768px)
- Desktop view (1024px+)
- Flex/Grid behavior",0,Developer,Act as a Senior Full-Stack Developer. Your goal is to implement 'Responsive Check: Tooltip'. 1. Follow Hexagonal Architecture (Domain -> Ports -> Adapters). 2. Use NestJS/React best practices. 3. Ensure all code is strictly typed. 4. NO MOCKS: Use real DB/API connections unless it's a unit test. 5. Update Swagger/Storybook documentation.
a11y Audit: Tooltip,Task,Psitrix Psynq,Feature: Tooltip UI,Normal,New,2026-06-18,2026-06-19,Developer,4h,"Frontend,UI",v1.0.0-MVP,3,Low,Specs defined,Code implemented & tested,Tests passing; No mocks,Functional requirement met,,Revert commit,"**Checklist:**
- Keyboard navigation
- Screen reader support
- Color contrast
- ARIA labels",0,QA Engineer,"Act as a Senior QA Engineer. Your goal is to verify the implementation of 'a11y Audit: Tooltip'. 1. Review the code in the specified file paths. 2. Execute existing tests and write new ones for edge cases (nulls, timeouts, high load). 3. Ensure 100% coverage. 4. Report any regressions or performance bottlenecks."
i18n Support: Tooltip,Task,Psitrix Psynq,Feature: Tooltip UI,Low,New,2026-06-16,2026-06-17,Developer,4h,"Frontend,i18n",v1.0.0-MVP,3,Low,Specs defined,Code implemented & tested,Tests passing; No mocks,Functional requirement met,,Revert commit,"**File:** `packages/web/src/locales/en/tooltip.json`
**Requirements:**
- Extract all strings
- Add translation keys
- Support RTL if needed",0,Developer,Act as a Senior Full-Stack Developer. Your goal is to implement 'i18n Support: Tooltip'. 1. Follow Hexagonal Architecture (Domain -> Ports -> Adapters). 2. Use NestJS/React best practices. 3. Ensure all code is strictly typed. 4. NO MOCKS: Use real DB/API connections unless it's a unit test. 5. Update Swagger/Storybook documentation.
Error Boundary: Tooltip,Task,Psitrix Psynq,Feature: Tooltip UI,Low,New,2026-06-17,2026-06-18,Developer,4h,"Frontend,Logic",v1.0.0-MVP,3,Low,Specs defined,Code implemented & tested,Tests passing; No mocks,Functional requirement met,,Revert commit,"**Requirements:**
- Graceful error fallback
- Retry mechanism
- Error logging",0,Developer,Act as a Senior Full-Stack Developer. Your goal is to implement 'Error Boundary: Tooltip'. 1. Follow Hexagonal Architecture (Domain -> Ports -> Adapters). 2. Use NestJS/React best practices. 3. Ensure all code is strictly typed. 4. NO MOCKS: Use real DB/API connections unless it's a unit test. 5. Update Swagger/Storybook documentation.
Feature: Toast UI,Feature,Psitrix Psynq,Epic: UI Components Implementation,Normal,New,2026-06-14,2026-06-24,Developer,,,v1.0.0-MVP,,Low,Specs defined,Code implemented & tested,Tests passing; No mocks,Functional requirement met,,Revert commit,Toast Component,0,Product Owner / Architect,"Act as a Solution Architect. Define the technical specifications and sub-tasks for 'Feature: Toast UI'. Ensure alignment with the CCaaS platform goals (reliability, scalability, low latency)."
Build Component: Toast,Task,Psitrix Psynq,Feature: Toast UI,High,New,2026-06-14,2026-06-16,Developer,4h,"Frontend,UI",v1.0.0-MVP,3,Low,Specs defined,Code implemented & tested,Tests passing; No mocks,Functional requirement met,,Revert commit,"**File:** `packages/web/src/components/common/Toast.tsx`
**Props Interface:** `ToastProps`
**Requirements:**
- Functional component with Hooks
- Tailwind CSS styling
- Responsive design
- Accessibility (ARIA)",0,Developer,Act as a Senior Full-Stack Developer. Your goal is to implement 'Build Component: Toast'. 1. Follow Hexagonal Architecture (Domain -> Ports -> Adapters). 2. Use NestJS/React best practices. 3. Ensure all code is strictly typed. 4. NO MOCKS: Use real DB/API connections unless it's a unit test. 5. Update Swagger/Storybook documentation.
Implement Logic: Toast,Task,Psitrix Psynq,Feature: Toast UI,Normal,New,2026-06-15,2026-06-17,Developer,4h,"Frontend,Logic",v1.0.0-MVP,3,Low,Specs defined,Code implemented & tested,Tests passing; No mocks,Functional requirement met,,Revert commit,"**File:** `packages/web/src/components/common/useToast.ts` (Custom Hook)
**Requirements:**
- Handle API calls (React Query)
- Form validation (Zod/React Hook Form)
- State management (Zustand if needed)",0,Developer,Act as a Senior Full-Stack Developer. Your goal is to implement 'Implement Logic: Toast'. 1. Follow Hexagonal Architecture (Domain -> Ports -> Adapters). 2. Use NestJS/React best practices. 3. Ensure all code is strictly typed. 4. NO MOCKS: Use real DB/API connections unless it's a unit test. 5. Update Swagger/Storybook documentation.
Test Component: Toast,Task,Psitrix Psynq,Feature: Toast UI,Normal,New,2026-06-16,2026-06-18,Developer,4h,"Frontend,Testing",v1.0.0-MVP,3,Low,Specs defined,Code implemented & tested,Tests passing; No mocks,Functional requirement met,,Revert commit,"**File:** `packages/web/src/components/common/Toast.test.tsx`
**Requirements:**
- Render testing (React Testing Library)
- User interaction simulation
- Mock API calls (MSW)",0,QA Engineer,"Act as a Senior QA Engineer. Your goal is to verify the implementation of 'Test Component: Toast'. 1. Review the code in the specified file paths. 2. Execute existing tests and write new ones for edge cases (nulls, timeouts, high load). 3. Ensure 100% coverage. 4. Report any regressions or performance bottlenecks."
Storybook: Toast,Task,Psitrix Psynq,Feature: Toast UI,Low,New,2026-06-17,2026-06-18,Developer,4h,"Frontend,Docs",v1.0.0-MVP,3,Low,Specs defined,Code implemented & tested,Tests passing; No mocks,Functional requirement met,,Revert commit,"**File:** `packages/web/src/components/common/Toast.stories.tsx`
**Requirements:**
- Default state
- Loading state
- Error state
- Empty state",0,Developer,Act as a Senior Full-Stack Developer. Your goal is to implement 'Storybook: Toast'. 1. Follow Hexagonal Architecture (Domain -> Ports -> Adapters). 2. Use NestJS/React best practices. 3. Ensure all code is strictly typed. 4. NO MOCKS: Use real DB/API connections unless it's a unit test. 5. Update Swagger/Storybook documentation.
Responsive Check: Toast,Task,Psitrix Psynq,Feature: Toast UI,Normal,New,2026-06-18,2026-06-19,Developer,4h,"Frontend,UI",v1.0.0-MVP,3,Low,Specs defined,Code implemented & tested,Tests passing; No mocks,Functional requirement met,,Revert commit,"**Checklist:**
- Mobile view (320px)
- Tablet view (768px)
- Desktop view (1024px+)
- Flex/Grid behavior",0,Developer,Act as a Senior Full-Stack Developer. Your goal is to implement 'Responsive Check: Toast'. 1. Follow Hexagonal Architecture (Domain -> Ports -> Adapters). 2. Use NestJS/React best practices. 3. Ensure all code is strictly typed. 4. NO MOCKS: Use real DB/API connections unless it's a unit test. 5. Update Swagger/Storybook documentation.
a11y Audit: Toast,Task,Psitrix Psynq,Feature: Toast UI,Normal,New,2026-06-18,2026-06-19,Developer,4h,"Frontend,UI",v1.0.0-MVP,3,Low,Specs defined,Code implemented & tested,Tests passing; No mocks,Functional requirement met,,Revert commit,"**Checklist:**
- Keyboard navigation
- Screen reader support
- Color contrast
- ARIA labels",0,QA Engineer,"Act as a Senior QA Engineer. Your goal is to verify the implementation of 'a11y Audit: Toast'. 1. Review the code in the specified file paths. 2. Execute existing tests and write new ones for edge cases (nulls, timeouts, high load). 3. Ensure 100% coverage. 4. Report any regressions or performance bottlenecks."
i18n Support: Toast,Task,Psitrix Psynq,Feature: Toast UI,Low,New,2026-06-16,2026-06-17,Developer,4h,"Frontend,i18n",v1.0.0-MVP,3,Low,Specs defined,Code implemented & tested,Tests passing; No mocks,Functional requirement met,,Revert commit,"**File:** `packages/web/src/locales/en/toast.json`
**Requirements:**
- Extract all strings
- Add translation keys
- Support RTL if needed",0,Developer,Act as a Senior Full-Stack Developer. Your goal is to implement 'i18n Support: Toast'. 1. Follow Hexagonal Architecture (Domain -> Ports -> Adapters). 2. Use NestJS/React best practices. 3. Ensure all code is strictly typed. 4. NO MOCKS: Use real DB/API connections unless it's a unit test. 5. Update Swagger/Storybook documentation.
Error Boundary: Toast,Task,Psitrix Psynq,Feature: Toast UI,Low,New,2026-06-17,2026-06-18,Developer,4h,"Frontend,Logic",v1.0.0-MVP,3,Low,Specs defined,Code implemented & tested,Tests passing; No mocks,Functional requirement met,,Revert commit,"**Requirements:**
- Graceful error fallback
- Retry mechanism
- Error logging",0,Developer,Act as a Senior Full-Stack Developer. Your goal is to implement 'Error Boundary: Toast'. 1. Follow Hexagonal Architecture (Domain -> Ports -> Adapters). 2. Use NestJS/React best practices. 3. Ensure all code is strictly typed. 4. NO MOCKS: Use real DB/API connections unless it's a unit test. 5. Update Swagger/Storybook documentation.
Feature: Loader UI,Feature,Psitrix Psynq,Epic: UI Components Implementation,Normal,New,2026-06-14,2026-06-24,Developer,,,v1.0.0-MVP,,Low,Specs defined,Code implemented & tested,Tests passing; No mocks,Functional requirement met,,Revert commit,Loader Component,0,Product Owner / Architect,"Act as a Solution Architect. Define the technical specifications and sub-tasks for 'Feature: Loader UI'. Ensure alignment with the CCaaS platform goals (reliability, scalability, low latency)."
Build Component: Loader,Task,Psitrix Psynq,Feature: Loader UI,High,New,2026-06-14,2026-06-16,Developer,4h,"Frontend,UI",v1.0.0-MVP,3,Low,Specs defined,Code implemented & tested,Tests passing; No mocks,Functional requirement met,,Revert commit,"**File:** `packages/web/src/components/common/Loader.tsx`
**Props Interface:** `LoaderProps`
**Requirements:**
- Functional component with Hooks
- Tailwind CSS styling
- Responsive design
- Accessibility (ARIA)",0,Developer,Act as a Senior Full-Stack Developer. Your goal is to implement 'Build Component: Loader'. 1. Follow Hexagonal Architecture (Domain -> Ports -> Adapters). 2. Use NestJS/React best practices. 3. Ensure all code is strictly typed. 4. NO MOCKS: Use real DB/API connections unless it's a unit test. 5. Update Swagger/Storybook documentation.
Implement Logic: Loader,Task,Psitrix Psynq,Feature: Loader UI,Normal,New,2026-06-15,2026-06-17,Developer,4h,"Frontend,Logic",v1.0.0-MVP,3,Low,Specs defined,Code implemented & tested,Tests passing; No mocks,Functional requirement met,,Revert commit,"**File:** `packages/web/src/components/common/useLoader.ts` (Custom Hook)
**Requirements:**
- Handle API calls (React Query)
- Form validation (Zod/React Hook Form)
- State management (Zustand if needed)",0,Developer,Act as a Senior Full-Stack Developer. Your goal is to implement 'Implement Logic: Loader'. 1. Follow Hexagonal Architecture (Domain -> Ports -> Adapters). 2. Use NestJS/React best practices. 3. Ensure all code is strictly typed. 4. NO MOCKS: Use real DB/API connections unless it's a unit test. 5. Update Swagger/Storybook documentation.
Test Component: Loader,Task,Psitrix Psynq,Feature: Loader UI,Normal,New,2026-06-16,2026-06-18,Developer,4h,"Frontend,Testing",v1.0.0-MVP,3,Low,Specs defined,Code implemented & tested,Tests passing; No mocks,Functional requirement met,,Revert commit,"**File:** `packages/web/src/components/common/Loader.test.tsx`
**Requirements:**
- Render testing (React Testing Library)
- User interaction simulation
- Mock API calls (MSW)",0,QA Engineer,"Act as a Senior QA Engineer. Your goal is to verify the implementation of 'Test Component: Loader'. 1. Review the code in the specified file paths. 2. Execute existing tests and write new ones for edge cases (nulls, timeouts, high load). 3. Ensure 100% coverage. 4. Report any regressions or performance bottlenecks."
Storybook: Loader,Task,Psitrix Psynq,Feature: Loader UI,Low,New,2026-06-17,2026-06-18,Developer,4h,"Frontend,Docs",v1.0.0-MVP,3,Low,Specs defined,Code implemented & tested,Tests passing; No mocks,Functional requirement met,,Revert commit,"**File:** `packages/web/src/components/common/Loader.stories.tsx`
**Requirements:**
- Default state
- Loading state
- Error state
- Empty state",0,Developer,Act as a Senior Full-Stack Developer. Your goal is to implement 'Storybook: Loader'. 1. Follow Hexagonal Architecture (Domain -> Ports -> Adapters). 2. Use NestJS/React best practices. 3. Ensure all code is strictly typed. 4. NO MOCKS: Use real DB/API connections unless it's a unit test. 5. Update Swagger/Storybook documentation.
Responsive Check: Loader,Task,Psitrix Psynq,Feature: Loader UI,Normal,New,2026-06-18,2026-06-19,Developer,4h,"Frontend,UI",v1.0.0-MVP,3,Low,Specs defined,Code implemented & tested,Tests passing; No mocks,Functional requirement met,,Revert commit,"**Checklist:**
- Mobile view (320px)
- Tablet view (768px)
- Desktop view (1024px+)
- Flex/Grid behavior",0,Developer,Act as a Senior Full-Stack Developer. Your goal is to implement 'Responsive Check: Loader'. 1. Follow Hexagonal Architecture (Domain -> Ports -> Adapters). 2. Use NestJS/React best practices. 3. Ensure all code is strictly typed. 4. NO MOCKS: Use real DB/API connections unless it's a unit test. 5. Update Swagger/Storybook documentation.
a11y Audit: Loader,Task,Psitrix Psynq,Feature: Loader UI,Normal,New,2026-06-18,2026-06-19,Developer,4h,"Frontend,UI",v1.0.0-MVP,3,Low,Specs defined,Code implemented & tested,Tests passing; No mocks,Functional requirement met,,Revert commit,"**Checklist:**
- Keyboard navigation
- Screen reader support
- Color contrast
- ARIA labels",0,QA Engineer,"Act as a Senior QA Engineer. Your goal is to verify the implementation of 'a11y Audit: Loader'. 1. Review the code in the specified file paths. 2. Execute existing tests and write new ones for edge cases (nulls, timeouts, high load). 3. Ensure 100% coverage. 4. Report any regressions or performance bottlenecks."
i18n Support: Loader,Task,Psitrix Psynq,Feature: Loader UI,Low,New,2026-06-16,2026-06-17,Developer,4h,"Frontend,i18n",v1.0.0-MVP,3,Low,Specs defined,Code implemented & tested,Tests passing; No mocks,Functional requirement met,,Revert commit,"**File:** `packages/web/src/locales/en/loader.json`
**Requirements:**
- Extract all strings
- Add translation keys
- Support RTL if needed",0,Developer,Act as a Senior Full-Stack Developer. Your goal is to implement 'i18n Support: Loader'. 1. Follow Hexagonal Architecture (Domain -> Ports -> Adapters). 2. Use NestJS/React best practices. 3. Ensure all code is strictly typed. 4. NO MOCKS: Use real DB/API connections unless it's a unit test. 5. Update Swagger/Storybook documentation.
Error Boundary: Loader,Task,Psitrix Psynq,Feature: Loader UI,Low,New,2026-06-17,2026-06-18,Developer,4h,"Frontend,Logic",v1.0.0-MVP,3,Low,Specs defined,Code implemented & tested,Tests passing; No mocks,Functional requirement met,,Revert commit,"**Requirements:**
- Graceful error fallback
- Retry mechanism
- Error logging",0,Developer,Act as a Senior Full-Stack Developer. Your goal is to implement 'Error Boundary: Loader'. 1. Follow Hexagonal Architecture (Domain -> Ports -> Adapters). 2. Use NestJS/React best practices. 3. Ensure all code is strictly typed. 4. NO MOCKS: Use real DB/API connections unless it's a unit test. 5. Update Swagger/Storybook documentation.
Feature: EmptyState UI,Feature,Psitrix Psynq,Epic: UI Components Implementation,Normal,New,2026-06-14,2026-06-24,Developer,,,v1.0.0-MVP,,Low,Specs defined,Code implemented & tested,Tests passing; No mocks,Functional requirement met,,Revert commit,EmptyState Component,0,Product Owner / Architect,"Act as a Solution Architect. Define the technical specifications and sub-tasks for 'Feature: EmptyState UI'. Ensure alignment with the CCaaS platform goals (reliability, scalability, low latency)."
Build Component: EmptyState,Task,Psitrix Psynq,Feature: EmptyState UI,High,New,2026-06-14,2026-06-16,Developer,4h,"Frontend,UI",v1.0.0-MVP,3,Low,Specs defined,Code implemented & tested,Tests passing; No mocks,Functional requirement met,,Revert commit,"**File:** `packages/web/src/components/common/EmptyState.tsx`
**Props Interface:** `EmptyStateProps`
**Requirements:**
- Functional component with Hooks
- Tailwind CSS styling
- Responsive design
- Accessibility (ARIA)",0,Developer,Act as a Senior Full-Stack Developer. Your goal is to implement 'Build Component: EmptyState'. 1. Follow Hexagonal Architecture (Domain -> Ports -> Adapters). 2. Use NestJS/React best practices. 3. Ensure all code is strictly typed. 4. NO MOCKS: Use real DB/API connections unless it's a unit test. 5. Update Swagger/Storybook documentation.
Implement Logic: EmptyState,Task,Psitrix Psynq,Feature: EmptyState UI,Normal,New,2026-06-15,2026-06-17,Developer,4h,"Frontend,Logic",v1.0.0-MVP,3,Low,Specs defined,Code implemented & tested,Tests passing; No mocks,Functional requirement met,,Revert commit,"**File:** `packages/web/src/components/common/useEmptyState.ts` (Custom Hook)
**Requirements:**
- Handle API calls (React Query)
- Form validation (Zod/React Hook Form)
- State management (Zustand if needed)",0,Developer,Act as a Senior Full-Stack Developer. Your goal is to implement 'Implement Logic: EmptyState'. 1. Follow Hexagonal Architecture (Domain -> Ports -> Adapters). 2. Use NestJS/React best practices. 3. Ensure all code is strictly typed. 4. NO MOCKS: Use real DB/API connections unless it's a unit test. 5. Update Swagger/Storybook documentation.
Test Component: EmptyState,Task,Psitrix Psynq,Feature: EmptyState UI,Normal,New,2026-06-16,2026-06-18,Developer,4h,"Frontend,Testing",v1.0.0-MVP,3,Low,Specs defined,Code implemented & tested,Tests passing; No mocks,Functional requirement met,,Revert commit,"**File:** `packages/web/src/components/common/EmptyState.test.tsx`
**Requirements:**
- Render testing (React Testing Library)
- User interaction simulation
- Mock API calls (MSW)",0,QA Engineer,"Act as a Senior QA Engineer. Your goal is to verify the implementation of 'Test Component: EmptyState'. 1. Review the code in the specified file paths. 2. Execute existing tests and write new ones for edge cases (nulls, timeouts, high load). 3. Ensure 100% coverage. 4. Report any regressions or performance bottlenecks."
Storybook: EmptyState,Task,Psitrix Psynq,Feature: EmptyState UI,Low,New,2026-06-17,2026-06-18,Developer,4h,"Frontend,Docs",v1.0.0-MVP,3,Low,Specs defined,Code implemented & tested,Tests passing; No mocks,Functional requirement met,,Revert commit,"**File:** `packages/web/src/components/common/EmptyState.stories.tsx`
**Requirements:**
- Default state
- Loading state
- Error state
- Empty state",0,Developer,Act as a Senior Full-Stack Developer. Your goal is to implement 'Storybook: EmptyState'. 1. Follow Hexagonal Architecture (Domain -> Ports -> Adapters). 2. Use NestJS/React best practices. 3. Ensure all code is strictly typed. 4. NO MOCKS: Use real DB/API connections unless it's a unit test. 5. Update Swagger/Storybook documentation.
Responsive Check: EmptyState,Task,Psitrix Psynq,Feature: EmptyState UI,Normal,New,2026-06-18,2026-06-19,Developer,4h,"Frontend,UI",v1.0.0-MVP,3,Low,Specs defined,Code implemented & tested,Tests passing; No mocks,Functional requirement met,,Revert commit,"**Checklist:**
- Mobile view (320px)
- Tablet view (768px)
- Desktop view (1024px+)
- Flex/Grid behavior",0,Developer,Act as a Senior Full-Stack Developer. Your goal is to implement 'Responsive Check: EmptyState'. 1. Follow Hexagonal Architecture (Domain -> Ports -> Adapters). 2. Use NestJS/React best practices. 3. Ensure all code is strictly typed. 4. NO MOCKS: Use real DB/API connections unless it's a unit test. 5. Update Swagger/Storybook documentation.
a11y Audit: EmptyState,Task,Psitrix Psynq,Feature: EmptyState UI,Normal,New,2026-06-18,2026-06-19,Developer,4h,"Frontend,UI",v1.0.0-MVP,3,Low,Specs defined,Code implemented & tested,Tests passing; No mocks,Functional requirement met,,Revert commit,"**Checklist:**
- Keyboard navigation
- Screen reader support
- Color contrast
- ARIA labels",0,QA Engineer,"Act as a Senior QA Engineer. Your goal is to verify the implementation of 'a11y Audit: EmptyState'. 1. Review the code in the specified file paths. 2. Execute existing tests and write new ones for edge cases (nulls, timeouts, high load). 3. Ensure 100% coverage. 4. Report any regressions or performance bottlenecks."
i18n Support: EmptyState,Task,Psitrix Psynq,Feature: EmptyState UI,Low,New,2026-06-16,2026-06-17,Developer,4h,"Frontend,i18n",v1.0.0-MVP,3,Low,Specs defined,Code implemented & tested,Tests passing; No mocks,Functional requirement met,,Revert commit,"**File:** `packages/web/src/locales/en/emptystate.json`
**Requirements:**
- Extract all strings
- Add translation keys
- Support RTL if needed",0,Developer,Act as a Senior Full-Stack Developer. Your goal is to implement 'i18n Support: EmptyState'. 1. Follow Hexagonal Architecture (Domain -> Ports -> Adapters). 2. Use NestJS/React best practices. 3. Ensure all code is strictly typed. 4. NO MOCKS: Use real DB/API connections unless it's a unit test. 5. Update Swagger/Storybook documentation.
Error Boundary: EmptyState,Task,Psitrix Psynq,Feature: EmptyState UI,Low,New,2026-06-17,2026-06-18,Developer,4h,"Frontend,Logic",v1.0.0-MVP,3,Low,Specs defined,Code implemented & tested,Tests passing; No mocks,Functional requirement met,,Revert commit,"**Requirements:**
- Graceful error fallback
- Retry mechanism
- Error logging",0,Developer,Act as a Senior Full-Stack Developer. Your goal is to implement 'Error Boundary: EmptyState'. 1. Follow Hexagonal Architecture (Domain -> Ports -> Adapters). 2. Use NestJS/React best practices. 3. Ensure all code is strictly typed. 4. NO MOCKS: Use real DB/API connections unless it's a unit test. 5. Update Swagger/Storybook documentation.
Feature: ErrorState UI,Feature,Psitrix Psynq,Epic: UI Components Implementation,Normal,New,2026-06-14,2026-06-24,Developer,,,v1.0.0-MVP,,Low,Specs defined,Code implemented & tested,Tests passing; No mocks,Functional requirement met,,Revert commit,ErrorState Component,0,Product Owner / Architect,"Act as a Solution Architect. Define the technical specifications and sub-tasks for 'Feature: ErrorState UI'. Ensure alignment with the CCaaS platform goals (reliability, scalability, low latency)."
Build Component: ErrorState,Task,Psitrix Psynq,Feature: ErrorState UI,High,New,2026-06-14,2026-06-16,Developer,4h,"Frontend,UI",v1.0.0-MVP,3,Low,Specs defined,Code implemented & tested,Tests passing; No mocks,Functional requirement met,,Revert commit,"**File:** `packages/web/src/components/common/ErrorState.tsx`
**Props Interface:** `ErrorStateProps`
**Requirements:**
- Functional component with Hooks
- Tailwind CSS styling
- Responsive design
- Accessibility (ARIA)",0,Developer,Act as a Senior Full-Stack Developer. Your goal is to implement 'Build Component: ErrorState'. 1. Follow Hexagonal Architecture (Domain -> Ports -> Adapters). 2. Use NestJS/React best practices. 3. Ensure all code is strictly typed. 4. NO MOCKS: Use real DB/API connections unless it's a unit test. 5. Update Swagger/Storybook documentation.
Implement Logic: ErrorState,Task,Psitrix Psynq,Feature: ErrorState UI,Normal,New,2026-06-15,2026-06-17,Developer,4h,"Frontend,Logic",v1.0.0-MVP,3,Low,Specs defined,Code implemented & tested,Tests passing; No mocks,Functional requirement met,,Revert commit,"**File:** `packages/web/src/components/common/useErrorState.ts` (Custom Hook)
**Requirements:**
- Handle API calls (React Query)
- Form validation (Zod/React Hook Form)
- State management (Zustand if needed)",0,Developer,Act as a Senior Full-Stack Developer. Your goal is to implement 'Implement Logic: ErrorState'. 1. Follow Hexagonal Architecture (Domain -> Ports -> Adapters). 2. Use NestJS/React best practices. 3. Ensure all code is strictly typed. 4. NO MOCKS: Use real DB/API connections unless it's a unit test. 5. Update Swagger/Storybook documentation.
Test Component: ErrorState,Task,Psitrix Psynq,Feature: ErrorState UI,Normal,New,2026-06-16,2026-06-18,Developer,4h,"Frontend,Testing",v1.0.0-MVP,3,Low,Specs defined,Code implemented & tested,Tests passing; No mocks,Functional requirement met,,Revert commit,"**File:** `packages/web/src/components/common/ErrorState.test.tsx`
**Requirements:**
- Render testing (React Testing Library)
- User interaction simulation
- Mock API calls (MSW)",0,QA Engineer,"Act as a Senior QA Engineer. Your goal is to verify the implementation of 'Test Component: ErrorState'. 1. Review the code in the specified file paths. 2. Execute existing tests and write new ones for edge cases (nulls, timeouts, high load). 3. Ensure 100% coverage. 4. Report any regressions or performance bottlenecks."
Storybook: ErrorState,Task,Psitrix Psynq,Feature: ErrorState UI,Low,New,2026-06-17,2026-06-18,Developer,4h,"Frontend,Docs",v1.0.0-MVP,3,Low,Specs defined,Code implemented & tested,Tests passing; No mocks,Functional requirement met,,Revert commit,"**File:** `packages/web/src/components/common/ErrorState.stories.tsx`
**Requirements:**
- Default state
- Loading state
- Error state
- Empty state",0,Developer,Act as a Senior Full-Stack Developer. Your goal is to implement 'Storybook: ErrorState'. 1. Follow Hexagonal Architecture (Domain -> Ports -> Adapters). 2. Use NestJS/React best practices. 3. Ensure all code is strictly typed. 4. NO MOCKS: Use real DB/API connections unless it's a unit test. 5. Update Swagger/Storybook documentation.
Responsive Check: ErrorState,Task,Psitrix Psynq,Feature: ErrorState UI,Normal,New,2026-06-18,2026-06-19,Developer,4h,"Frontend,UI",v1.0.0-MVP,3,Low,Specs defined,Code implemented & tested,Tests passing; No mocks,Functional requirement met,,Revert commit,"**Checklist:**
- Mobile view (320px)
- Tablet view (768px)
- Desktop view (1024px+)
- Flex/Grid behavior",0,Developer,Act as a Senior Full-Stack Developer. Your goal is to implement 'Responsive Check: ErrorState'. 1. Follow Hexagonal Architecture (Domain -> Ports -> Adapters). 2. Use NestJS/React best practices. 3. Ensure all code is strictly typed. 4. NO MOCKS: Use real DB/API connections unless it's a unit test. 5. Update Swagger/Storybook documentation.
a11y Audit: ErrorState,Task,Psitrix Psynq,Feature: ErrorState UI,Normal,New,2026-06-18,2026-06-19,Developer,4h,"Frontend,UI",v1.0.0-MVP,3,Low,Specs defined,Code implemented & tested,Tests passing; No mocks,Functional requirement met,,Revert commit,"**Checklist:**
- Keyboard navigation
- Screen reader support
- Color contrast
- ARIA labels",0,QA Engineer,"Act as a Senior QA Engineer. Your goal is to verify the implementation of 'a11y Audit: ErrorState'. 1. Review the code in the specified file paths. 2. Execute existing tests and write new ones for edge cases (nulls, timeouts, high load). 3. Ensure 100% coverage. 4. Report any regressions or performance bottlenecks."
i18n Support: ErrorState,Task,Psitrix Psynq,Feature: ErrorState UI,Low,New,2026-06-16,2026-06-17,Developer,4h,"Frontend,i18n",v1.0.0-MVP,3,Low,Specs defined,Code implemented & tested,Tests passing; No mocks,Functional requirement met,,Revert commit,"**File:** `packages/web/src/locales/en/errorstate.json`
**Requirements:**
- Extract all strings
- Add translation keys
- Support RTL if needed",0,Developer,Act as a Senior Full-Stack Developer. Your goal is to implement 'i18n Support: ErrorState'. 1. Follow Hexagonal Architecture (Domain -> Ports -> Adapters). 2. Use NestJS/React best practices. 3. Ensure all code is strictly typed. 4. NO MOCKS: Use real DB/API connections unless it's a unit test. 5. Update Swagger/Storybook documentation.
Error Boundary: ErrorState,Task,Psitrix Psynq,Feature: ErrorState UI,Low,New,2026-06-17,2026-06-18,Developer,4h,"Frontend,Logic",v1.0.0-MVP,3,Low,Specs defined,Code implemented & tested,Tests passing; No mocks,Functional requirement met,,Revert commit,"**Requirements:**
- Graceful error fallback
- Retry mechanism
- Error logging",0,Developer,Act as a Senior Full-Stack Developer. Your goal is to implement 'Error Boundary: ErrorState'. 1. Follow Hexagonal Architecture (Domain -> Ports -> Adapters). 2. Use NestJS/React best practices. 3. Ensure all code is strictly typed. 4. NO MOCKS: Use real DB/API connections unless it's a unit test. 5. Update Swagger/Storybook documentation.
Feature: ConfirmDialog UI,Feature,Psitrix Psynq,Epic: UI Components Implementation,Normal,New,2026-06-14,2026-06-24,Developer,,,v1.0.0-MVP,,Low,Specs defined,Code implemented & tested,Tests passing; No mocks,Functional requirement met,,Revert commit,ConfirmDialog Component,0,Product Owner / Architect,"Act as a Solution Architect. Define the technical specifications and sub-tasks for 'Feature: ConfirmDialog UI'. Ensure alignment with the CCaaS platform goals (reliability, scalability, low latency)."
Build Component: ConfirmDialog,Task,Psitrix Psynq,Feature: ConfirmDialog UI,High,New,2026-06-14,2026-06-16,Developer,4h,"Frontend,UI",v1.0.0-MVP,3,Low,Specs defined,Code implemented & tested,Tests passing; No mocks,Functional requirement met,,Revert commit,"**File:** `packages/web/src/components/common/ConfirmDialog.tsx`
**Props Interface:** `ConfirmDialogProps`
**Requirements:**
- Functional component with Hooks
- Tailwind CSS styling
- Responsive design
- Accessibility (ARIA)",0,Developer,Act as a Senior Full-Stack Developer. Your goal is to implement 'Build Component: ConfirmDialog'. 1. Follow Hexagonal Architecture (Domain -> Ports -> Adapters). 2. Use NestJS/React best practices. 3. Ensure all code is strictly typed. 4. NO MOCKS: Use real DB/API connections unless it's a unit test. 5. Update Swagger/Storybook documentation.
Implement Logic: ConfirmDialog,Task,Psitrix Psynq,Feature: ConfirmDialog UI,Normal,New,2026-06-15,2026-06-17,Developer,4h,"Frontend,Logic",v1.0.0-MVP,3,Low,Specs defined,Code implemented & tested,Tests passing; No mocks,Functional requirement met,,Revert commit,"**File:** `packages/web/src/components/common/useConfirmDialog.ts` (Custom Hook)
**Requirements:**
- Handle API calls (React Query)
- Form validation (Zod/React Hook Form)
- State management (Zustand if needed)",0,Developer,Act as a Senior Full-Stack Developer. Your goal is to implement 'Implement Logic: ConfirmDialog'. 1. Follow Hexagonal Architecture (Domain -> Ports -> Adapters). 2. Use NestJS/React best practices. 3. Ensure all code is strictly typed. 4. NO MOCKS: Use real DB/API connections unless it's a unit test. 5. Update Swagger/Storybook documentation.
Test Component: ConfirmDialog,Task,Psitrix Psynq,Feature: ConfirmDialog UI,Normal,New,2026-06-16,2026-06-18,Developer,4h,"Frontend,Testing",v1.0.0-MVP,3,Low,Specs defined,Code implemented & tested,Tests passing; No mocks,Functional requirement met,,Revert commit,"**File:** `packages/web/src/components/common/ConfirmDialog.test.tsx`
**Requirements:**
- Render testing (React Testing Library)
- User interaction simulation
- Mock API calls (MSW)",0,QA Engineer,"Act as a Senior QA Engineer. Your goal is to verify the implementation of 'Test Component: ConfirmDialog'. 1. Review the code in the specified file paths. 2. Execute existing tests and write new ones for edge cases (nulls, timeouts, high load). 3. Ensure 100% coverage. 4. Report any regressions or performance bottlenecks."
Storybook: ConfirmDialog,Task,Psitrix Psynq,Feature: ConfirmDialog UI,Low,New,2026-06-17,2026-06-18,Developer,4h,"Frontend,Docs",v1.0.0-MVP,3,Low,Specs defined,Code implemented & tested,Tests passing; No mocks,Functional requirement met,,Revert commit,"**File:** `packages/web/src/components/common/ConfirmDialog.stories.tsx`
**Requirements:**
- Default state
- Loading state
- Error state
- Empty state",0,Developer,Act as a Senior Full-Stack Developer. Your goal is to implement 'Storybook: ConfirmDialog'. 1. Follow Hexagonal Architecture (Domain -> Ports -> Adapters). 2. Use NestJS/React best practices. 3. Ensure all code is strictly typed. 4. NO MOCKS: Use real DB/API connections unless it's a unit test. 5. Update Swagger/Storybook documentation.
Responsive Check: ConfirmDialog,Task,Psitrix Psynq,Feature: ConfirmDialog UI,Normal,New,2026-06-18,2026-06-19,Developer,4h,"Frontend,UI",v1.0.0-MVP,3,Low,Specs defined,Code implemented & tested,Tests passing; No mocks,Functional requirement met,,Revert commit,"**Checklist:**
- Mobile view (320px)
- Tablet view (768px)
- Desktop view (1024px+)
- Flex/Grid behavior",0,Developer,Act as a Senior Full-Stack Developer. Your goal is to implement 'Responsive Check: ConfirmDialog'. 1. Follow Hexagonal Architecture (Domain -> Ports -> Adapters). 2. Use NestJS/React best practices. 3. Ensure all code is strictly typed. 4. NO MOCKS: Use real DB/API connections unless it's a unit test. 5. Update Swagger/Storybook documentation.
a11y Audit: ConfirmDialog,Task,Psitrix Psynq,Feature: ConfirmDialog UI,Normal,New,2026-06-18,2026-06-19,Developer,4h,"Frontend,UI",v1.0.0-MVP,3,Low,Specs defined,Code implemented & tested,Tests passing; No mocks,Functional requirement met,,Revert commit,"**Checklist:**
- Keyboard navigation
- Screen reader support
- Color contrast
- ARIA labels",0,QA Engineer,"Act as a Senior QA Engineer. Your goal is to verify the implementation of 'a11y Audit: ConfirmDialog'. 1. Review the code in the specified file paths. 2. Execute existing tests and write new ones for edge cases (nulls, timeouts, high load). 3. Ensure 100% coverage. 4. Report any regressions or performance bottlenecks."
i18n Support: ConfirmDialog,Task,Psitrix Psynq,Feature: ConfirmDialog UI,Low,New,2026-06-16,2026-06-17,Developer,4h,"Frontend,i18n",v1.0.0-MVP,3,Low,Specs defined,Code implemented & tested,Tests passing; No mocks,Functional requirement met,,Revert commit,"**File:** `packages/web/src/locales/en/confirmdialog.json`
**Requirements:**
- Extract all strings
- Add translation keys
- Support RTL if needed",0,Developer,Act as a Senior Full-Stack Developer. Your goal is to implement 'i18n Support: ConfirmDialog'. 1. Follow Hexagonal Architecture (Domain -> Ports -> Adapters). 2. Use NestJS/React best practices. 3. Ensure all code is strictly typed. 4. NO MOCKS: Use real DB/API connections unless it's a unit test. 5. Update Swagger/Storybook documentation.
Error Boundary: ConfirmDialog,Task,Psitrix Psynq,Feature: ConfirmDialog UI,Low,New,2026-06-17,2026-06-18,Developer,4h,"Frontend,Logic",v1.0.0-MVP,3,Low,Specs defined,Code implemented & tested,Tests passing; No mocks,Functional requirement met,,Revert commit,"**Requirements:**
- Graceful error fallback
- Retry mechanism
- Error logging",0,Developer,Act as a Senior Full-Stack Developer. Your goal is to implement 'Error Boundary: ConfirmDialog'. 1. Follow Hexagonal Architecture (Domain -> Ports -> Adapters). 2. Use NestJS/React best practices. 3. Ensure all code is strictly typed. 4. NO MOCKS: Use real DB/API connections unless it's a unit test. 5. Update Swagger/Storybook documentation.
Feature: FilterBar UI,Feature,Psitrix Psynq,Epic: UI Components Implementation,Normal,New,2026-06-14,2026-06-24,Developer,,,v1.0.0-MVP,,Low,Specs defined,Code implemented & tested,Tests passing; No mocks,Functional requirement met,,Revert commit,FilterBar Component,0,Product Owner / Architect,"Act as a Solution Architect. Define the technical specifications and sub-tasks for 'Feature: FilterBar UI'. Ensure alignment with the CCaaS platform goals (reliability, scalability, low latency)."
Build Component: FilterBar,Task,Psitrix Psynq,Feature: FilterBar UI,High,New,2026-06-14,2026-06-16,Developer,4h,"Frontend,UI",v1.0.0-MVP,3,Low,Specs defined,Code implemented & tested,Tests passing; No mocks,Functional requirement met,,Revert commit,"**File:** `packages/web/src/components/common/FilterBar.tsx`
**Props Interface:** `FilterBarProps`
**Requirements:**
- Functional component with Hooks
- Tailwind CSS styling
- Responsive design
- Accessibility (ARIA)",0,Developer,Act as a Senior Full-Stack Developer. Your goal is to implement 'Build Component: FilterBar'. 1. Follow Hexagonal Architecture (Domain -> Ports -> Adapters). 2. Use NestJS/React best practices. 3. Ensure all code is strictly typed. 4. NO MOCKS: Use real DB/API connections unless it's a unit test. 5. Update Swagger/Storybook documentation.
Implement Logic: FilterBar,Task,Psitrix Psynq,Feature: FilterBar UI,Normal,New,2026-06-15,2026-06-17,Developer,4h,"Frontend,Logic",v1.0.0-MVP,3,Low,Specs defined,Code implemented & tested,Tests passing; No mocks,Functional requirement met,,Revert commit,"**File:** `packages/web/src/components/common/useFilterBar.ts` (Custom Hook)
**Requirements:**
- Handle API calls (React Query)
- Form validation (Zod/React Hook Form)
- State management (Zustand if needed)",0,Developer,Act as a Senior Full-Stack Developer. Your goal is to implement 'Implement Logic: FilterBar'. 1. Follow Hexagonal Architecture (Domain -> Ports -> Adapters). 2. Use NestJS/React best practices. 3. Ensure all code is strictly typed. 4. NO MOCKS: Use real DB/API connections unless it's a unit test. 5. Update Swagger/Storybook documentation.
Test Component: FilterBar,Task,Psitrix Psynq,Feature: FilterBar UI,Normal,New,2026-06-16,2026-06-18,Developer,4h,"Frontend,Testing",v1.0.0-MVP,3,Low,Specs defined,Code implemented & tested,Tests passing; No mocks,Functional requirement met,,Revert commit,"**File:** `packages/web/src/components/common/FilterBar.test.tsx`
**Requirements:**
- Render testing (React Testing Library)
- User interaction simulation
- Mock API calls (MSW)",0,QA Engineer,"Act as a Senior QA Engineer. Your goal is to verify the implementation of 'Test Component: FilterBar'. 1. Review the code in the specified file paths. 2. Execute existing tests and write new ones for edge cases (nulls, timeouts, high load). 3. Ensure 100% coverage. 4. Report any regressions or performance bottlenecks."
Storybook: FilterBar,Task,Psitrix Psynq,Feature: FilterBar UI,Low,New,2026-06-17,2026-06-18,Developer,4h,"Frontend,Docs",v1.0.0-MVP,3,Low,Specs defined,Code implemented & tested,Tests passing; No mocks,Functional requirement met,,Revert commit,"**File:** `packages/web/src/components/common/FilterBar.stories.tsx`
**Requirements:**
- Default state
- Loading state
- Error state
- Empty state",0,Developer,Act as a Senior Full-Stack Developer. Your goal is to implement 'Storybook: FilterBar'. 1. Follow Hexagonal Architecture (Domain -> Ports -> Adapters). 2. Use NestJS/React best practices. 3. Ensure all code is strictly typed. 4. NO MOCKS: Use real DB/API connections unless it's a unit test. 5. Update Swagger/Storybook documentation.
Responsive Check: FilterBar,Task,Psitrix Psynq,Feature: FilterBar UI,Normal,New,2026-06-18,2026-06-19,Developer,4h,"Frontend,UI",v1.0.0-MVP,3,Low,Specs defined,Code implemented & tested,Tests passing; No mocks,Functional requirement met,,Revert commit,"**Checklist:**
- Mobile view (320px)
- Tablet view (768px)
- Desktop view (1024px+)
- Flex/Grid behavior",0,Developer,Act as a Senior Full-Stack Developer. Your goal is to implement 'Responsive Check: FilterBar'. 1. Follow Hexagonal Architecture (Domain -> Ports -> Adapters). 2. Use NestJS/React best practices. 3. Ensure all code is strictly typed. 4. NO MOCKS: Use real DB/API connections unless it's a unit test. 5. Update Swagger/Storybook documentation.
a11y Audit: FilterBar,Task,Psitrix Psynq,Feature: FilterBar UI,Normal,New,2026-06-18,2026-06-19,Developer,4h,"Frontend,UI",v1.0.0-MVP,3,Low,Specs defined,Code implemented & tested,Tests passing; No mocks,Functional requirement met,,Revert commit,"**Checklist:**
- Keyboard navigation
- Screen reader support
- Color contrast
- ARIA labels",0,QA Engineer,"Act as a Senior QA Engineer. Your goal is to verify the implementation of 'a11y Audit: FilterBar'. 1. Review the code in the specified file paths. 2. Execute existing tests and write new ones for edge cases (nulls, timeouts, high load). 3. Ensure 100% coverage. 4. Report any regressions or performance bottlenecks."
i18n Support: FilterBar,Task,Psitrix Psynq,Feature: FilterBar UI,Low,New,2026-06-16,2026-06-17,Developer,4h,"Frontend,i18n",v1.0.0-MVP,3,Low,Specs defined,Code implemented & tested,Tests passing; No mocks,Functional requirement met,,Revert commit,"**File:** `packages/web/src/locales/en/filterbar.json`
**Requirements:**
- Extract all strings
- Add translation keys
- Support RTL if needed",0,Developer,Act as a Senior Full-Stack Developer. Your goal is to implement 'i18n Support: FilterBar'. 1. Follow Hexagonal Architecture (Domain -> Ports -> Adapters). 2. Use NestJS/React best practices. 3. Ensure all code is strictly typed. 4. NO MOCKS: Use real DB/API connections unless it's a unit test. 5. Update Swagger/Storybook documentation.
Error Boundary: FilterBar,Task,Psitrix Psynq,Feature: FilterBar UI,Low,New,2026-06-17,2026-06-18,Developer,4h,"Frontend,Logic",v1.0.0-MVP,3,Low,Specs defined,Code implemented & tested,Tests passing; No mocks,Functional requirement met,,Revert commit,"**Requirements:**
- Graceful error fallback
- Retry mechanism
- Error logging",0,Developer,Act as a Senior Full-Stack Developer. Your goal is to implement 'Error Boundary: FilterBar'. 1. Follow Hexagonal Architecture (Domain -> Ports -> Adapters). 2. Use NestJS/React best practices. 3. Ensure all code is strictly typed. 4. NO MOCKS: Use real DB/API connections unless it's a unit test. 5. Update Swagger/Storybook documentation.
Feature: Pagination UI,Feature,Psitrix Psynq,Epic: UI Components Implementation,Normal,New,2026-06-14,2026-06-24,Developer,,,v1.0.0-MVP,,Low,Specs defined,Code implemented & tested,Tests passing; No mocks,Functional requirement met,,Revert commit,Pagination Component,0,Product Owner / Architect,"Act as a Solution Architect. Define the technical specifications and sub-tasks for 'Feature: Pagination UI'. Ensure alignment with the CCaaS platform goals (reliability, scalability, low latency)."
Build Component: Pagination,Task,Psitrix Psynq,Feature: Pagination UI,High,New,2026-06-14,2026-06-16,Developer,4h,"Frontend,UI",v1.0.0-MVP,3,Low,Specs defined,Code implemented & tested,Tests passing; No mocks,Functional requirement met,,Revert commit,"**File:** `packages/web/src/components/common/Pagination.tsx`
**Props Interface:** `PaginationProps`
**Requirements:**
- Functional component with Hooks
- Tailwind CSS styling
- Responsive design
- Accessibility (ARIA)",0,Developer,Act as a Senior Full-Stack Developer. Your goal is to implement 'Build Component: Pagination'. 1. Follow Hexagonal Architecture (Domain -> Ports -> Adapters). 2. Use NestJS/React best practices. 3. Ensure all code is strictly typed. 4. NO MOCKS: Use real DB/API connections unless it's a unit test. 5. Update Swagger/Storybook documentation.
Implement Logic: Pagination,Task,Psitrix Psynq,Feature: Pagination UI,Normal,New,2026-06-15,2026-06-17,Developer,4h,"Frontend,Logic",v1.0.0-MVP,3,Low,Specs defined,Code implemented & tested,Tests passing; No mocks,Functional requirement met,,Revert commit,"**File:** `packages/web/src/components/common/usePagination.ts` (Custom Hook)
**Requirements:**
- Handle API calls (React Query)
- Form validation (Zod/React Hook Form)
- State management (Zustand if needed)",0,Developer,Act as a Senior Full-Stack Developer. Your goal is to implement 'Implement Logic: Pagination'. 1. Follow Hexagonal Architecture (Domain -> Ports -> Adapters). 2. Use NestJS/React best practices. 3. Ensure all code is strictly typed. 4. NO MOCKS: Use real DB/API connections unless it's a unit test. 5. Update Swagger/Storybook documentation.
Test Component: Pagination,Task,Psitrix Psynq,Feature: Pagination UI,Normal,New,2026-06-16,2026-06-18,Developer,4h,"Frontend,Testing",v1.0.0-MVP,3,Low,Specs defined,Code implemented & tested,Tests passing; No mocks,Functional requirement met,,Revert commit,"**File:** `packages/web/src/components/common/Pagination.test.tsx`
**Requirements:**
- Render testing (React Testing Library)
- User interaction simulation
- Mock API calls (MSW)",0,QA Engineer,"Act as a Senior QA Engineer. Your goal is to verify the implementation of 'Test Component: Pagination'. 1. Review the code in the specified file paths. 2. Execute existing tests and write new ones for edge cases (nulls, timeouts, high load). 3. Ensure 100% coverage. 4. Report any regressions or performance bottlenecks."
Storybook: Pagination,Task,Psitrix Psynq,Feature: Pagination UI,Low,New,2026-06-17,2026-06-18,Developer,4h,"Frontend,Docs",v1.0.0-MVP,3,Low,Specs defined,Code implemented & tested,Tests passing; No mocks,Functional requirement met,,Revert commit,"**File:** `packages/web/src/components/common/Pagination.stories.tsx`
**Requirements:**
- Default state
- Loading state
- Error state
- Empty state",0,Developer,Act as a Senior Full-Stack Developer. Your goal is to implement 'Storybook: Pagination'. 1. Follow Hexagonal Architecture (Domain -> Ports -> Adapters). 2. Use NestJS/React best practices. 3. Ensure all code is strictly typed. 4. NO MOCKS: Use real DB/API connections unless it's a unit test. 5. Update Swagger/Storybook documentation.
Responsive Check: Pagination,Task,Psitrix Psynq,Feature: Pagination UI,Normal,New,2026-06-18,2026-06-19,Developer,4h,"Frontend,UI",v1.0.0-MVP,3,Low,Specs defined,Code implemented & tested,Tests passing; No mocks,Functional requirement met,,Revert commit,"**Checklist:**
- Mobile view (320px)
- Tablet view (768px)
- Desktop view (1024px+)
- Flex/Grid behavior",0,Developer,Act as a Senior Full-Stack Developer. Your goal is to implement 'Responsive Check: Pagination'. 1. Follow Hexagonal Architecture (Domain -> Ports -> Adapters). 2. Use NestJS/React best practices. 3. Ensure all code is strictly typed. 4. NO MOCKS: Use real DB/API connections unless it's a unit test. 5. Update Swagger/Storybook documentation.
a11y Audit: Pagination,Task,Psitrix Psynq,Feature: Pagination UI,Normal,New,2026-06-18,2026-06-19,Developer,4h,"Frontend,UI",v1.0.0-MVP,3,Low,Specs defined,Code implemented & tested,Tests passing; No mocks,Functional requirement met,,Revert commit,"**Checklist:**
- Keyboard navigation
- Screen reader support
- Color contrast
- ARIA labels",0,QA Engineer,"Act as a Senior QA Engineer. Your goal is to verify the implementation of 'a11y Audit: Pagination'. 1. Review the code in the specified file paths. 2. Execute existing tests and write new ones for edge cases (nulls, timeouts, high load). 3. Ensure 100% coverage. 4. Report any regressions or performance bottlenecks."
i18n Support: Pagination,Task,Psitrix Psynq,Feature: Pagination UI,Low,New,2026-06-16,2026-06-17,Developer,4h,"Frontend,i18n",v1.0.0-MVP,3,Low,Specs defined,Code implemented & tested,Tests passing; No mocks,Functional requirement met,,Revert commit,"**File:** `packages/web/src/locales/en/pagination.json`
**Requirements:**
- Extract all strings
- Add translation keys
- Support RTL if needed",0,Developer,Act as a Senior Full-Stack Developer. Your goal is to implement 'i18n Support: Pagination'. 1. Follow Hexagonal Architecture (Domain -> Ports -> Adapters). 2. Use NestJS/React best practices. 3. Ensure all code is strictly typed. 4. NO MOCKS: Use real DB/API connections unless it's a unit test. 5. Update Swagger/Storybook documentation.
Error Boundary: Pagination,Task,Psitrix Psynq,Feature: Pagination UI,Low,New,2026-06-17,2026-06-18,Developer,4h,"Frontend,Logic",v1.0.0-MVP,3,Low,Specs defined,Code implemented & tested,Tests passing; No mocks,Functional requirement met,,Revert commit,"**Requirements:**
- Graceful error fallback
- Retry mechanism
- Error logging",0,Developer,Act as a Senior Full-Stack Developer. Your goal is to implement 'Error Boundary: Pagination'. 1. Follow Hexagonal Architecture (Domain -> Ports -> Adapters). 2. Use NestJS/React best practices. 3. Ensure all code is strictly typed. 4. NO MOCKS: Use real DB/API connections unless it's a unit test. 5. Update Swagger/Storybook documentation.
Feature: Breadcrumbs UI,Feature,Psitrix Psynq,Epic: UI Components Implementation,Normal,New,2026-06-14,2026-06-24,Developer,,,v1.0.0-MVP,,Low,Specs defined,Code implemented & tested,Tests passing; No mocks,Functional requirement met,,Revert commit,Breadcrumbs Component,0,Product Owner / Architect,"Act as a Solution Architect. Define the technical specifications and sub-tasks for 'Feature: Breadcrumbs UI'. Ensure alignment with the CCaaS platform goals (reliability, scalability, low latency)."
Build Component: Breadcrumbs,Task,Psitrix Psynq,Feature: Breadcrumbs UI,High,New,2026-06-14,2026-06-16,Developer,4h,"Frontend,UI",v1.0.0-MVP,3,Low,Specs defined,Code implemented & tested,Tests passing; No mocks,Functional requirement met,,Revert commit,"**File:** `packages/web/src/components/common/Breadcrumbs.tsx`
**Props Interface:** `BreadcrumbsProps`
**Requirements:**
- Functional component with Hooks
- Tailwind CSS styling
- Responsive design
- Accessibility (ARIA)",0,Developer,Act as a Senior Full-Stack Developer. Your goal is to implement 'Build Component: Breadcrumbs'. 1. Follow Hexagonal Architecture (Domain -> Ports -> Adapters). 2. Use NestJS/React best practices. 3. Ensure all code is strictly typed. 4. NO MOCKS: Use real DB/API connections unless it's a unit test. 5. Update Swagger/Storybook documentation.
Implement Logic: Breadcrumbs,Task,Psitrix Psynq,Feature: Breadcrumbs UI,Normal,New,2026-06-15,2026-06-17,Developer,4h,"Frontend,Logic",v1.0.0-MVP,3,Low,Specs defined,Code implemented & tested,Tests passing; No mocks,Functional requirement met,,Revert commit,"**File:** `packages/web/src/components/common/useBreadcrumbs.ts` (Custom Hook)
**Requirements:**
- Handle API calls (React Query)
- Form validation (Zod/React Hook Form)
- State management (Zustand if needed)",0,Developer,Act as a Senior Full-Stack Developer. Your goal is to implement 'Implement Logic: Breadcrumbs'. 1. Follow Hexagonal Architecture (Domain -> Ports -> Adapters). 2. Use NestJS/React best practices. 3. Ensure all code is strictly typed. 4. NO MOCKS: Use real DB/API connections unless it's a unit test. 5. Update Swagger/Storybook documentation.
Test Component: Breadcrumbs,Task,Psitrix Psynq,Feature: Breadcrumbs UI,Normal,New,2026-06-16,2026-06-18,Developer,4h,"Frontend,Testing",v1.0.0-MVP,3,Low,Specs defined,Code implemented & tested,Tests passing; No mocks,Functional requirement met,,Revert commit,"**File:** `packages/web/src/components/common/Breadcrumbs.test.tsx`
**Requirements:**
- Render testing (React Testing Library)
- User interaction simulation
- Mock API calls (MSW)",0,QA Engineer,"Act as a Senior QA Engineer. Your goal is to verify the implementation of 'Test Component: Breadcrumbs'. 1. Review the code in the specified file paths. 2. Execute existing tests and write new ones for edge cases (nulls, timeouts, high load). 3. Ensure 100% coverage. 4. Report any regressions or performance bottlenecks."
Storybook: Breadcrumbs,Task,Psitrix Psynq,Feature: Breadcrumbs UI,Low,New,2026-06-17,2026-06-18,Developer,4h,"Frontend,Docs",v1.0.0-MVP,3,Low,Specs defined,Code implemented & tested,Tests passing; No mocks,Functional requirement met,,Revert commit,"**File:** `packages/web/src/components/common/Breadcrumbs.stories.tsx`
**Requirements:**
- Default state
- Loading state
- Error state
- Empty state",0,Developer,Act as a Senior Full-Stack Developer. Your goal is to implement 'Storybook: Breadcrumbs'. 1. Follow Hexagonal Architecture (Domain -> Ports -> Adapters). 2. Use NestJS/React best practices. 3. Ensure all code is strictly typed. 4. NO MOCKS: Use real DB/API connections unless it's a unit test. 5. Update Swagger/Storybook documentation.
Responsive Check: Breadcrumbs,Task,Psitrix Psynq,Feature: Breadcrumbs UI,Normal,New,2026-06-18,2026-06-19,Developer,4h,"Frontend,UI",v1.0.0-MVP,3,Low,Specs defined,Code implemented & tested,Tests passing; No mocks,Functional requirement met,,Revert commit,"**Checklist:**
- Mobile view (320px)
- Tablet view (768px)
- Desktop view (1024px+)
- Flex/Grid behavior",0,Developer,Act as a Senior Full-Stack Developer. Your goal is to implement 'Responsive Check: Breadcrumbs'. 1. Follow Hexagonal Architecture (Domain -> Ports -> Adapters). 2. Use NestJS/React best practices. 3. Ensure all code is strictly typed. 4. NO MOCKS: Use real DB/API connections unless it's a unit test. 5. Update Swagger/Storybook documentation.
a11y Audit: Breadcrumbs,Task,Psitrix Psynq,Feature: Breadcrumbs UI,Normal,New,2026-06-18,2026-06-19,Developer,4h,"Frontend,UI",v1.0.0-MVP,3,Low,Specs defined,Code implemented & tested,Tests passing; No mocks,Functional requirement met,,Revert commit,"**Checklist:**
- Keyboard navigation
- Screen reader support
- Color contrast
- ARIA labels",0,QA Engineer,"Act as a Senior QA Engineer. Your goal is to verify the implementation of 'a11y Audit: Breadcrumbs'. 1. Review the code in the specified file paths. 2. Execute existing tests and write new ones for edge cases (nulls, timeouts, high load). 3. Ensure 100% coverage. 4. Report any regressions or performance bottlenecks."
i18n Support: Breadcrumbs,Task,Psitrix Psynq,Feature: Breadcrumbs UI,Low,New,2026-06-16,2026-06-17,Developer,4h,"Frontend,i18n",v1.0.0-MVP,3,Low,Specs defined,Code implemented & tested,Tests passing; No mocks,Functional requirement met,,Revert commit,"**File:** `packages/web/src/locales/en/breadcrumbs.json`
**Requirements:**
- Extract all strings
- Add translation keys
- Support RTL if needed",0,Developer,Act as a Senior Full-Stack Developer. Your goal is to implement 'i18n Support: Breadcrumbs'. 1. Follow Hexagonal Architecture (Domain -> Ports -> Adapters). 2. Use NestJS/React best practices. 3. Ensure all code is strictly typed. 4. NO MOCKS: Use real DB/API connections unless it's a unit test. 5. Update Swagger/Storybook documentation.
Error Boundary: Breadcrumbs,Task,Psitrix Psynq,Feature: Breadcrumbs UI,Low,New,2026-06-17,2026-06-18,Developer,4h,"Frontend,Logic",v1.0.0-MVP,3,Low,Specs defined,Code implemented & tested,Tests passing; No mocks,Functional requirement met,,Revert commit,"**Requirements:**
- Graceful error fallback
- Retry mechanism
- Error logging",0,Developer,Act as a Senior Full-Stack Developer. Your goal is to implement 'Error Boundary: Breadcrumbs'. 1. Follow Hexagonal Architecture (Domain -> Ports -> Adapters). 2. Use NestJS/React best practices. 3. Ensure all code is strictly typed. 4. NO MOCKS: Use real DB/API connections unless it's a unit test. 5. Update Swagger/Storybook documentation.
Feature: ThemeSwitcher UI,Feature,Psitrix Psynq,Epic: UI Components Implementation,Normal,New,2026-06-14,2026-06-24,Developer,,,v1.0.0-MVP,,Low,Specs defined,Code implemented & tested,Tests passing; No mocks,Functional requirement met,,Revert commit,ThemeSwitcher Component,0,Product Owner / Architect,"Act as a Solution Architect. Define the technical specifications and sub-tasks for 'Feature: ThemeSwitcher UI'. Ensure alignment with the CCaaS platform goals (reliability, scalability, low latency)."
Build Component: ThemeSwitcher,Task,Psitrix Psynq,Feature: ThemeSwitcher UI,High,New,2026-06-14,2026-06-16,Developer,4h,"Frontend,UI",v1.0.0-MVP,3,Low,Specs defined,Code implemented & tested,Tests passing; No mocks,Functional requirement met,,Revert commit,"**File:** `packages/web/src/components/common/ThemeSwitcher.tsx`
**Props Interface:** `ThemeSwitcherProps`
**Requirements:**
- Functional component with Hooks
- Tailwind CSS styling
- Responsive design
- Accessibility (ARIA)",0,Developer,Act as a Senior Full-Stack Developer. Your goal is to implement 'Build Component: ThemeSwitcher'. 1. Follow Hexagonal Architecture (Domain -> Ports -> Adapters). 2. Use NestJS/React best practices. 3. Ensure all code is strictly typed. 4. NO MOCKS: Use real DB/API connections unless it's a unit test. 5. Update Swagger/Storybook documentation.
Implement Logic: ThemeSwitcher,Task,Psitrix Psynq,Feature: ThemeSwitcher UI,Normal,New,2026-06-15,2026-06-17,Developer,4h,"Frontend,Logic",v1.0.0-MVP,3,Low,Specs defined,Code implemented & tested,Tests passing; No mocks,Functional requirement met,,Revert commit,"**File:** `packages/web/src/components/common/useThemeSwitcher.ts` (Custom Hook)
**Requirements:**
- Handle API calls (React Query)
- Form validation (Zod/React Hook Form)
- State management (Zustand if needed)",0,Developer,Act as a Senior Full-Stack Developer. Your goal is to implement 'Implement Logic: ThemeSwitcher'. 1. Follow Hexagonal Architecture (Domain -> Ports -> Adapters). 2. Use NestJS/React best practices. 3. Ensure all code is strictly typed. 4. NO MOCKS: Use real DB/API connections unless it's a unit test. 5. Update Swagger/Storybook documentation.
Test Component: ThemeSwitcher,Task,Psitrix Psynq,Feature: ThemeSwitcher UI,Normal,New,2026-06-16,2026-06-18,Developer,4h,"Frontend,Testing",v1.0.0-MVP,3,Low,Specs defined,Code implemented & tested,Tests passing; No mocks,Functional requirement met,,Revert commit,"**File:** `packages/web/src/components/common/ThemeSwitcher.test.tsx`
**Requirements:**
- Render testing (React Testing Library)
- User interaction simulation
- Mock API calls (MSW)",0,QA Engineer,"Act as a Senior QA Engineer. Your goal is to verify the implementation of 'Test Component: ThemeSwitcher'. 1. Review the code in the specified file paths. 2. Execute existing tests and write new ones for edge cases (nulls, timeouts, high load). 3. Ensure 100% coverage. 4. Report any regressions or performance bottlenecks."
Storybook: ThemeSwitcher,Task,Psitrix Psynq,Feature: ThemeSwitcher UI,Low,New,2026-06-17,2026-06-18,Developer,4h,"Frontend,Docs",v1.0.0-MVP,3,Low,Specs defined,Code implemented & tested,Tests passing; No mocks,Functional requirement met,,Revert commit,"**File:** `packages/web/src/components/common/ThemeSwitcher.stories.tsx`
**Requirements:**
- Default state
- Loading state
- Error state
- Empty state",0,Developer,Act as a Senior Full-Stack Developer. Your goal is to implement 'Storybook: ThemeSwitcher'. 1. Follow Hexagonal Architecture (Domain -> Ports -> Adapters). 2. Use NestJS/React best practices. 3. Ensure all code is strictly typed. 4. NO MOCKS: Use real DB/API connections unless it's a unit test. 5. Update Swagger/Storybook documentation.
Responsive Check: ThemeSwitcher,Task,Psitrix Psynq,Feature: ThemeSwitcher UI,Normal,New,2026-06-18,2026-06-19,Developer,4h,"Frontend,UI",v1.0.0-MVP,3,Low,Specs defined,Code implemented & tested,Tests passing; No mocks,Functional requirement met,,Revert commit,"**Checklist:**
- Mobile view (320px)
- Tablet view (768px)
- Desktop view (1024px+)
- Flex/Grid behavior",0,Developer,Act as a Senior Full-Stack Developer. Your goal is to implement 'Responsive Check: ThemeSwitcher'. 1. Follow Hexagonal Architecture (Domain -> Ports -> Adapters). 2. Use NestJS/React best practices. 3. Ensure all code is strictly typed. 4. NO MOCKS: Use real DB/API connections unless it's a unit test. 5. Update Swagger/Storybook documentation.
a11y Audit: ThemeSwitcher,Task,Psitrix Psynq,Feature: ThemeSwitcher UI,Normal,New,2026-06-18,2026-06-19,Developer,4h,"Frontend,UI",v1.0.0-MVP,3,Low,Specs defined,Code implemented & tested,Tests passing; No mocks,Functional requirement met,,Revert commit,"**Checklist:**
- Keyboard navigation
- Screen reader support
- Color contrast
- ARIA labels",0,QA Engineer,"Act as a Senior QA Engineer. Your goal is to verify the implementation of 'a11y Audit: ThemeSwitcher'. 1. Review the code in the specified file paths. 2. Execute existing tests and write new ones for edge cases (nulls, timeouts, high load). 3. Ensure 100% coverage. 4. Report any regressions or performance bottlenecks."
i18n Support: ThemeSwitcher,Task,Psitrix Psynq,Feature: ThemeSwitcher UI,Low,New,2026-06-16,2026-06-17,Developer,4h,"Frontend,i18n",v1.0.0-MVP,3,Low,Specs defined,Code implemented & tested,Tests passing; No mocks,Functional requirement met,,Revert commit,"**File:** `packages/web/src/locales/en/themeswitcher.json`
**Requirements:**
- Extract all strings
- Add translation keys
- Support RTL if needed",0,Developer,Act as a Senior Full-Stack Developer. Your goal is to implement 'i18n Support: ThemeSwitcher'. 1. Follow Hexagonal Architecture (Domain -> Ports -> Adapters). 2. Use NestJS/React best practices. 3. Ensure all code is strictly typed. 4. NO MOCKS: Use real DB/API connections unless it's a unit test. 5. Update Swagger/Storybook documentation.
Error Boundary: ThemeSwitcher,Task,Psitrix Psynq,Feature: ThemeSwitcher UI,Low,New,2026-06-17,2026-06-18,Developer,4h,"Frontend,Logic",v1.0.0-MVP,3,Low,Specs defined,Code implemented & tested,Tests passing; No mocks,Functional requirement met,,Revert commit,"**Requirements:**
- Graceful error fallback
- Retry mechanism
- Error logging",0,Developer,Act as a Senior Full-Stack Developer. Your goal is to implement 'Error Boundary: ThemeSwitcher'. 1. Follow Hexagonal Architecture (Domain -> Ports -> Adapters). 2. Use NestJS/React best practices. 3. Ensure all code is strictly typed. 4. NO MOCKS: Use real DB/API connections unless it's a unit test. 5. Update Swagger/Storybook documentation.
Feature: LanguageSwitcher UI,Feature,Psitrix Psynq,Epic: UI Components Implementation,Normal,New,2026-06-14,2026-06-24,Developer,,,v1.0.0-MVP,,Low,Specs defined,Code implemented & tested,Tests passing; No mocks,Functional requirement met,,Revert commit,LanguageSwitcher Component,0,Product Owner / Architect,"Act as a Solution Architect. Define the technical specifications and sub-tasks for 'Feature: LanguageSwitcher UI'. Ensure alignment with the CCaaS platform goals (reliability, scalability, low latency)."
Build Component: LanguageSwitcher,Task,Psitrix Psynq,Feature: LanguageSwitcher UI,High,New,2026-06-14,2026-06-16,Developer,4h,"Frontend,UI",v1.0.0-MVP,3,Low,Specs defined,Code implemented & tested,Tests passing; No mocks,Functional requirement met,,Revert commit,"**File:** `packages/web/src/components/common/LanguageSwitcher.tsx`
**Props Interface:** `LanguageSwitcherProps`
**Requirements:**
- Functional component with Hooks
- Tailwind CSS styling
- Responsive design
- Accessibility (ARIA)",0,Developer,Act as a Senior Full-Stack Developer. Your goal is to implement 'Build Component: LanguageSwitcher'. 1. Follow Hexagonal Architecture (Domain -> Ports -> Adapters). 2. Use NestJS/React best practices. 3. Ensure all code is strictly typed. 4. NO MOCKS: Use real DB/API connections unless it's a unit test. 5. Update Swagger/Storybook documentation.
Implement Logic: LanguageSwitcher,Task,Psitrix Psynq,Feature: LanguageSwitcher UI,Normal,New,2026-06-15,2026-06-17,Developer,4h,"Frontend,Logic",v1.0.0-MVP,3,Low,Specs defined,Code implemented & tested,Tests passing; No mocks,Functional requirement met,,Revert commit,"**File:** `packages/web/src/components/common/useLanguageSwitcher.ts` (Custom Hook)
**Requirements:**
- Handle API calls (React Query)
- Form validation (Zod/React Hook Form)
- State management (Zustand if needed)",0,Developer,Act as a Senior Full-Stack Developer. Your goal is to implement 'Implement Logic: LanguageSwitcher'. 1. Follow Hexagonal Architecture (Domain -> Ports -> Adapters). 2. Use NestJS/React best practices. 3. Ensure all code is strictly typed. 4. NO MOCKS: Use real DB/API connections unless it's a unit test. 5. Update Swagger/Storybook documentation.
Test Component: LanguageSwitcher,Task,Psitrix Psynq,Feature: LanguageSwitcher UI,Normal,New,2026-06-16,2026-06-18,Developer,4h,"Frontend,Testing",v1.0.0-MVP,3,Low,Specs defined,Code implemented & tested,Tests passing; No mocks,Functional requirement met,,Revert commit,"**File:** `packages/web/src/components/common/LanguageSwitcher.test.tsx`
**Requirements:**
- Render testing (React Testing Library)
- User interaction simulation
- Mock API calls (MSW)",0,QA Engineer,"Act as a Senior QA Engineer. Your goal is to verify the implementation of 'Test Component: LanguageSwitcher'. 1. Review the code in the specified file paths. 2. Execute existing tests and write new ones for edge cases (nulls, timeouts, high load). 3. Ensure 100% coverage. 4. Report any regressions or performance bottlenecks."
Storybook: LanguageSwitcher,Task,Psitrix Psynq,Feature: LanguageSwitcher UI,Low,New,2026-06-17,2026-06-18,Developer,4h,"Frontend,Docs",v1.0.0-MVP,3,Low,Specs defined,Code implemented & tested,Tests passing; No mocks,Functional requirement met,,Revert commit,"**File:** `packages/web/src/components/common/LanguageSwitcher.stories.tsx`
**Requirements:**
- Default state
- Loading state
- Error state
- Empty state",0,Developer,Act as a Senior Full-Stack Developer. Your goal is to implement 'Storybook: LanguageSwitcher'. 1. Follow Hexagonal Architecture (Domain -> Ports -> Adapters). 2. Use NestJS/React best practices. 3. Ensure all code is strictly typed. 4. NO MOCKS: Use real DB/API connections unless it's a unit test. 5. Update Swagger/Storybook documentation.
Responsive Check: LanguageSwitcher,Task,Psitrix Psynq,Feature: LanguageSwitcher UI,Normal,New,2026-06-18,2026-06-19,Developer,4h,"Frontend,UI",v1.0.0-MVP,3,Low,Specs defined,Code implemented & tested,Tests passing; No mocks,Functional requirement met,,Revert commit,"**Checklist:**
- Mobile view (320px)
- Tablet view (768px)
- Desktop view (1024px+)
- Flex/Grid behavior",0,Developer,Act as a Senior Full-Stack Developer. Your goal is to implement 'Responsive Check: LanguageSwitcher'. 1. Follow Hexagonal Architecture (Domain -> Ports -> Adapters). 2. Use NestJS/React best practices. 3. Ensure all code is strictly typed. 4. NO MOCKS: Use real DB/API connections unless it's a unit test. 5. Update Swagger/Storybook documentation.
a11y Audit: LanguageSwitcher,Task,Psitrix Psynq,Feature: LanguageSwitcher UI,Normal,New,2026-06-18,2026-06-19,Developer,4h,"Frontend,UI",v1.0.0-MVP,3,Low,Specs defined,Code implemented & tested,Tests passing; No mocks,Functional requirement met,,Revert commit,"**Checklist:**
- Keyboard navigation
- Screen reader support
- Color contrast
- ARIA labels",0,QA Engineer,"Act as a Senior QA Engineer. Your goal is to verify the implementation of 'a11y Audit: LanguageSwitcher'. 1. Review the code in the specified file paths. 2. Execute existing tests and write new ones for edge cases (nulls, timeouts, high load). 3. Ensure 100% coverage. 4. Report any regressions or performance bottlenecks."
i18n Support: LanguageSwitcher,Task,Psitrix Psynq,Feature: LanguageSwitcher UI,Low,New,2026-06-16,2026-06-17,Developer,4h,"Frontend,i18n",v1.0.0-MVP,3,Low,Specs defined,Code implemented & tested,Tests passing; No mocks,Functional requirement met,,Revert commit,"**File:** `packages/web/src/locales/en/languageswitcher.json`
**Requirements:**
- Extract all strings
- Add translation keys
- Support RTL if needed",0,Developer,Act as a Senior Full-Stack Developer. Your goal is to implement 'i18n Support: LanguageSwitcher'. 1. Follow Hexagonal Architecture (Domain -> Ports -> Adapters). 2. Use NestJS/React best practices. 3. Ensure all code is strictly typed. 4. NO MOCKS: Use real DB/API connections unless it's a unit test. 5. Update Swagger/Storybook documentation.
Error Boundary: LanguageSwitcher,Task,Psitrix Psynq,Feature: LanguageSwitcher UI,Low,New,2026-06-17,2026-06-18,Developer,4h,"Frontend,Logic",v1.0.0-MVP,3,Low,Specs defined,Code implemented & tested,Tests passing; No mocks,Functional requirement met,,Revert commit,"**Requirements:**
- Graceful error fallback
- Retry mechanism
- Error logging",0,Developer,Act as a Senior Full-Stack Developer. Your goal is to implement 'Error Boundary: LanguageSwitcher'. 1. Follow Hexagonal Architecture (Domain -> Ports -> Adapters). 2. Use NestJS/React best practices. 3. Ensure all code is strictly typed. 4. NO MOCKS: Use real DB/API connections unless it's a unit test. 5. Update Swagger/Storybook documentation.
Feature: NotificationCenter UI,Feature,Psitrix Psynq,Epic: UI Components Implementation,Normal,New,2026-06-14,2026-06-24,Developer,,,v1.0.0-MVP,,Low,Specs defined,Code implemented & tested,Tests passing; No mocks,Functional requirement met,,Revert commit,NotificationCenter Component,0,Product Owner / Architect,"Act as a Solution Architect. Define the technical specifications and sub-tasks for 'Feature: NotificationCenter UI'. Ensure alignment with the CCaaS platform goals (reliability, scalability, low latency)."
Build Component: NotificationCenter,Task,Psitrix Psynq,Feature: NotificationCenter UI,High,New,2026-06-14,2026-06-16,Developer,4h,"Frontend,UI",v1.0.0-MVP,3,Low,Specs defined,Code implemented & tested,Tests passing; No mocks,Functional requirement met,,Revert commit,"**File:** `packages/web/src/components/common/NotificationCenter.tsx`
**Props Interface:** `NotificationCenterProps`
**Requirements:**
- Functional component with Hooks
- Tailwind CSS styling
- Responsive design
- Accessibility (ARIA)",0,Developer,Act as a Senior Full-Stack Developer. Your goal is to implement 'Build Component: NotificationCenter'. 1. Follow Hexagonal Architecture (Domain -> Ports -> Adapters). 2. Use NestJS/React best practices. 3. Ensure all code is strictly typed. 4. NO MOCKS: Use real DB/API connections unless it's a unit test. 5. Update Swagger/Storybook documentation.
Implement Logic: NotificationCenter,Task,Psitrix Psynq,Feature: NotificationCenter UI,Normal,New,2026-06-15,2026-06-17,Developer,4h,"Frontend,Logic",v1.0.0-MVP,3,Low,Specs defined,Code implemented & tested,Tests passing; No mocks,Functional requirement met,,Revert commit,"**File:** `packages/web/src/components/common/useNotificationCenter.ts` (Custom Hook)
**Requirements:**
- Handle API calls (React Query)
- Form validation (Zod/React Hook Form)
- State management (Zustand if needed)",0,Developer,Act as a Senior Full-Stack Developer. Your goal is to implement 'Implement Logic: NotificationCenter'. 1. Follow Hexagonal Architecture (Domain -> Ports -> Adapters). 2. Use NestJS/React best practices. 3. Ensure all code is strictly typed. 4. NO MOCKS: Use real DB/API connections unless it's a unit test. 5. Update Swagger/Storybook documentation.
Test Component: NotificationCenter,Task,Psitrix Psynq,Feature: NotificationCenter UI,Normal,New,2026-06-16,2026-06-18,Developer,4h,"Frontend,Testing",v1.0.0-MVP,3,Low,Specs defined,Code implemented & tested,Tests passing; No mocks,Functional requirement met,,Revert commit,"**File:** `packages/web/src/components/common/NotificationCenter.test.tsx`
**Requirements:**
- Render testing (React Testing Library)
- User interaction simulation
- Mock API calls (MSW)",0,QA Engineer,"Act as a Senior QA Engineer. Your goal is to verify the implementation of 'Test Component: NotificationCenter'. 1. Review the code in the specified file paths. 2. Execute existing tests and write new ones for edge cases (nulls, timeouts, high load). 3. Ensure 100% coverage. 4. Report any regressions or performance bottlenecks."
Storybook: NotificationCenter,Task,Psitrix Psynq,Feature: NotificationCenter UI,Low,New,2026-06-17,2026-06-18,Developer,4h,"Frontend,Docs",v1.0.0-MVP,3,Low,Specs defined,Code implemented & tested,Tests passing; No mocks,Functional requirement met,,Revert commit,"**File:** `packages/web/src/components/common/NotificationCenter.stories.tsx`
**Requirements:**
- Default state
- Loading state
- Error state
- Empty state",0,Developer,Act as a Senior Full-Stack Developer. Your goal is to implement 'Storybook: NotificationCenter'. 1. Follow Hexagonal Architecture (Domain -> Ports -> Adapters). 2. Use NestJS/React best practices. 3. Ensure all code is strictly typed. 4. NO MOCKS: Use real DB/API connections unless it's a unit test. 5. Update Swagger/Storybook documentation.
Responsive Check: NotificationCenter,Task,Psitrix Psynq,Feature: NotificationCenter UI,Normal,New,2026-06-18,2026-06-19,Developer,4h,"Frontend,UI",v1.0.0-MVP,3,Low,Specs defined,Code implemented & tested,Tests passing; No mocks,Functional requirement met,,Revert commit,"**Checklist:**
- Mobile view (320px)
- Tablet view (768px)
- Desktop view (1024px+)
- Flex/Grid behavior",0,Developer,Act as a Senior Full-Stack Developer. Your goal is to implement 'Responsive Check: NotificationCenter'. 1. Follow Hexagonal Architecture (Domain -> Ports -> Adapters). 2. Use NestJS/React best practices. 3. Ensure all code is strictly typed. 4. NO MOCKS: Use real DB/API connections unless it's a unit test. 5. Update Swagger/Storybook documentation.
a11y Audit: NotificationCenter,Task,Psitrix Psynq,Feature: NotificationCenter UI,Normal,New,2026-06-18,2026-06-19,Developer,4h,"Frontend,UI",v1.0.0-MVP,3,Low,Specs defined,Code implemented & tested,Tests passing; No mocks,Functional requirement met,,Revert commit,"**Checklist:**
- Keyboard navigation
- Screen reader support
- Color contrast
- ARIA labels",0,QA Engineer,"Act as a Senior QA Engineer. Your goal is to verify the implementation of 'a11y Audit: NotificationCenter'. 1. Review the code in the specified file paths. 2. Execute existing tests and write new ones for edge cases (nulls, timeouts, high load). 3. Ensure 100% coverage. 4. Report any regressions or performance bottlenecks."
i18n Support: NotificationCenter,Task,Psitrix Psynq,Feature: NotificationCenter UI,Low,New,2026-06-16,2026-06-17,Developer,4h,"Frontend,i18n",v1.0.0-MVP,3,Low,Specs defined,Code implemented & tested,Tests passing; No mocks,Functional requirement met,,Revert commit,"**File:** `packages/web/src/locales/en/notificationcenter.json`
**Requirements:**
- Extract all strings
- Add translation keys
- Support RTL if needed",0,Developer,Act as a Senior Full-Stack Developer. Your goal is to implement 'i18n Support: NotificationCenter'. 1. Follow Hexagonal Architecture (Domain -> Ports -> Adapters). 2. Use NestJS/React best practices. 3. Ensure all code is strictly typed. 4. NO MOCKS: Use real DB/API connections unless it's a unit test. 5. Update Swagger/Storybook documentation.
Error Boundary: NotificationCenter,Task,Psitrix Psynq,Feature: NotificationCenter UI,Low,New,2026-06-17,2026-06-18,Developer,4h,"Frontend,Logic",v1.0.0-MVP,3,Low,Specs defined,Code implemented & tested,Tests passing; No mocks,Functional requirement met,,Revert commit,"**Requirements:**
- Graceful error fallback
- Retry mechanism
- Error logging",0,Developer,Act as a Senior Full-Stack Developer. Your goal is to implement 'Error Boundary: NotificationCenter'. 1. Follow Hexagonal Architecture (Domain -> Ports -> Adapters). 2. Use NestJS/React best practices. 3. Ensure all code is strictly typed. 4. NO MOCKS: Use real DB/API connections unless it's a unit test. 5. Update Swagger/Storybook documentation.
Feature: VisualIvrCanvas UI,Feature,Psitrix Psynq,Epic: UI Components Implementation,Normal,New,2026-06-14,2026-06-24,Developer,,,v1.0.0-MVP,,Low,Specs defined,Code implemented & tested,Tests passing; No mocks,Functional requirement met,,Revert commit,VisualIvrCanvas Component,0,Product Owner / Architect,"Act as a Solution Architect. Define the technical specifications and sub-tasks for 'Feature: VisualIvrCanvas UI'. Ensure alignment with the CCaaS platform goals (reliability, scalability, low latency)."
Build Component: VisualIvrCanvas,Task,Psitrix Psynq,Feature: VisualIvrCanvas UI,High,New,2026-06-14,2026-06-16,Developer,4h,"Frontend,UI",v1.0.0-MVP,3,Low,Specs defined,Code implemented & tested,Tests passing; No mocks,Functional requirement met,,Revert commit,"**File:** `packages/web/src/modules/ivr/VisualIvrCanvas.tsx`
**Props Interface:** `VisualIvrCanvasProps`
**Requirements:**
- Functional component with Hooks
- Tailwind CSS styling
- Responsive design
- Accessibility (ARIA)",0,Developer,Act as a Senior Full-Stack Developer. Your goal is to implement 'Build Component: VisualIvrCanvas'. 1. Follow Hexagonal Architecture (Domain -> Ports -> Adapters). 2. Use NestJS/React best practices. 3. Ensure all code is strictly typed. 4. NO MOCKS: Use real DB/API connections unless it's a unit test. 5. Update Swagger/Storybook documentation.
Implement Logic: VisualIvrCanvas,Task,Psitrix Psynq,Feature: VisualIvrCanvas UI,Normal,New,2026-06-15,2026-06-17,Developer,4h,"Frontend,Logic",v1.0.0-MVP,3,Low,Specs defined,Code implemented & tested,Tests passing; No mocks,Functional requirement met,,Revert commit,"**File:** `packages/web/src/modules/ivr/useVisualIvrCanvas.ts` (Custom Hook)
**Requirements:**
- Handle API calls (React Query)
- Form validation (Zod/React Hook Form)
- State management (Zustand if needed)",0,Developer,Act as a Senior Full-Stack Developer. Your goal is to implement 'Implement Logic: VisualIvrCanvas'. 1. Follow Hexagonal Architecture (Domain -> Ports -> Adapters). 2. Use NestJS/React best practices. 3. Ensure all code is strictly typed. 4. NO MOCKS: Use real DB/API connections unless it's a unit test. 5. Update Swagger/Storybook documentation.
Test Component: VisualIvrCanvas,Task,Psitrix Psynq,Feature: VisualIvrCanvas UI,Normal,New,2026-06-16,2026-06-18,Developer,4h,"Frontend,Testing",v1.0.0-MVP,3,Low,Specs defined,Code implemented & tested,Tests passing; No mocks,Functional requirement met,,Revert commit,"**File:** `packages/web/src/modules/ivr/VisualIvrCanvas.test.tsx`
**Requirements:**
- Render testing (React Testing Library)
- User interaction simulation
- Mock API calls (MSW)",0,QA Engineer,"Act as a Senior QA Engineer. Your goal is to verify the implementation of 'Test Component: VisualIvrCanvas'. 1. Review the code in the specified file paths. 2. Execute existing tests and write new ones for edge cases (nulls, timeouts, high load). 3. Ensure 100% coverage. 4. Report any regressions or performance bottlenecks."
Storybook: VisualIvrCanvas,Task,Psitrix Psynq,Feature: VisualIvrCanvas UI,Low,New,2026-06-17,2026-06-18,Developer,4h,"Frontend,Docs",v1.0.0-MVP,3,Low,Specs defined,Code implemented & tested,Tests passing; No mocks,Functional requirement met,,Revert commit,"**File:** `packages/web/src/modules/ivr/VisualIvrCanvas.stories.tsx`
**Requirements:**
- Default state
- Loading state
- Error state
- Empty state",0,Developer,Act as a Senior Full-Stack Developer. Your goal is to implement 'Storybook: VisualIvrCanvas'. 1. Follow Hexagonal Architecture (Domain -> Ports -> Adapters). 2. Use NestJS/React best practices. 3. Ensure all code is strictly typed. 4. NO MOCKS: Use real DB/API connections unless it's a unit test. 5. Update Swagger/Storybook documentation.
Responsive Check: VisualIvrCanvas,Task,Psitrix Psynq,Feature: VisualIvrCanvas UI,Normal,New,2026-06-18,2026-06-19,Developer,4h,"Frontend,UI",v1.0.0-MVP,3,Low,Specs defined,Code implemented & tested,Tests passing; No mocks,Functional requirement met,,Revert commit,"**Checklist:**
- Mobile view (320px)
- Tablet view (768px)
- Desktop view (1024px+)
- Flex/Grid behavior",0,Developer,Act as a Senior Full-Stack Developer. Your goal is to implement 'Responsive Check: VisualIvrCanvas'. 1. Follow Hexagonal Architecture (Domain -> Ports -> Adapters). 2. Use NestJS/React best practices. 3. Ensure all code is strictly typed. 4. NO MOCKS: Use real DB/API connections unless it's a unit test. 5. Update Swagger/Storybook documentation.
a11y Audit: VisualIvrCanvas,Task,Psitrix Psynq,Feature: VisualIvrCanvas UI,Normal,New,2026-06-18,2026-06-19,Developer,4h,"Frontend,UI",v1.0.0-MVP,3,Low,Specs defined,Code implemented & tested,Tests passing; No mocks,Functional requirement met,,Revert commit,"**Checklist:**
- Keyboard navigation
- Screen reader support
- Color contrast
- ARIA labels",0,QA Engineer,"Act as a Senior QA Engineer. Your goal is to verify the implementation of 'a11y Audit: VisualIvrCanvas'. 1. Review the code in the specified file paths. 2. Execute existing tests and write new ones for edge cases (nulls, timeouts, high load). 3. Ensure 100% coverage. 4. Report any regressions or performance bottlenecks."
i18n Support: VisualIvrCanvas,Task,Psitrix Psynq,Feature: VisualIvrCanvas UI,Low,New,2026-06-16,2026-06-17,Developer,4h,"Frontend,i18n",v1.0.0-MVP,3,Low,Specs defined,Code implemented & tested,Tests passing; No mocks,Functional requirement met,,Revert commit,"**File:** `packages/web/src/locales/en/visualivrcanvas.json`
**Requirements:**
- Extract all strings
- Add translation keys
- Support RTL if needed",0,Developer,Act as a Senior Full-Stack Developer. Your goal is to implement 'i18n Support: VisualIvrCanvas'. 1. Follow Hexagonal Architecture (Domain -> Ports -> Adapters). 2. Use NestJS/React best practices. 3. Ensure all code is strictly typed. 4. NO MOCKS: Use real DB/API connections unless it's a unit test. 5. Update Swagger/Storybook documentation.
Error Boundary: VisualIvrCanvas,Task,Psitrix Psynq,Feature: VisualIvrCanvas UI,Low,New,2026-06-17,2026-06-18,Developer,4h,"Frontend,Logic",v1.0.0-MVP,3,Low,Specs defined,Code implemented & tested,Tests passing; No mocks,Functional requirement met,,Revert commit,"**Requirements:**
- Graceful error fallback
- Retry mechanism
- Error logging",0,Developer,Act as a Senior Full-Stack Developer. Your goal is to implement 'Error Boundary: VisualIvrCanvas'. 1. Follow Hexagonal Architecture (Domain -> Ports -> Adapters). 2. Use NestJS/React best practices. 3. Ensure all code is strictly typed. 4. NO MOCKS: Use real DB/API connections unless it's a unit test. 5. Update Swagger/Storybook documentation.
Feature: AgentAssistPanel UI,Feature,Psitrix Psynq,Epic: UI Components Implementation,Normal,New,2026-06-14,2026-06-24,Developer,,,v1.0.0-MVP,,Low,Specs defined,Code implemented & tested,Tests passing; No mocks,Functional requirement met,,Revert commit,AgentAssistPanel Component,0,Product Owner / Architect,"Act as a Solution Architect. Define the technical specifications and sub-tasks for 'Feature: AgentAssistPanel UI'. Ensure alignment with the CCaaS platform goals (reliability, scalability, low latency)."
Build Component: AgentAssistPanel,Task,Psitrix Psynq,Feature: AgentAssistPanel UI,High,New,2026-06-14,2026-06-16,Developer,4h,"Frontend,UI",v1.0.0-MVP,3,Low,Specs defined,Code implemented & tested,Tests passing; No mocks,Functional requirement met,,Revert commit,"**File:** `packages/web/src/modules/ai/AgentAssistPanel.tsx`
**Props Interface:** `AgentAssistPanelProps`
**Requirements:**
- Functional component with Hooks
- Tailwind CSS styling
- Responsive design
- Accessibility (ARIA)",0,Developer,Act as a Senior Full-Stack Developer. Your goal is to implement 'Build Component: AgentAssistPanel'. 1. Follow Hexagonal Architecture (Domain -> Ports -> Adapters). 2. Use NestJS/React best practices. 3. Ensure all code is strictly typed. 4. NO MOCKS: Use real DB/API connections unless it's a unit test. 5. Update Swagger/Storybook documentation.
Implement Logic: AgentAssistPanel,Task,Psitrix Psynq,Feature: AgentAssistPanel UI,Normal,New,2026-06-15,2026-06-17,Developer,4h,"Frontend,Logic",v1.0.0-MVP,3,Low,Specs defined,Code implemented & tested,Tests passing; No mocks,Functional requirement met,,Revert commit,"**File:** `packages/web/src/modules/ai/useAgentAssistPanel.ts` (Custom Hook)
**Requirements:**
- Handle API calls (React Query)
- Form validation (Zod/React Hook Form)
- State management (Zustand if needed)",0,Developer,Act as a Senior Full-Stack Developer. Your goal is to implement 'Implement Logic: AgentAssistPanel'. 1. Follow Hexagonal Architecture (Domain -> Ports -> Adapters). 2. Use NestJS/React best practices. 3. Ensure all code is strictly typed. 4. NO MOCKS: Use real DB/API connections unless it's a unit test. 5. Update Swagger/Storybook documentation.
Test Component: AgentAssistPanel,Task,Psitrix Psynq,Feature: AgentAssistPanel UI,Normal,New,2026-06-16,2026-06-18,Developer,4h,"Frontend,Testing",v1.0.0-MVP,3,Low,Specs defined,Code implemented & tested,Tests passing; No mocks,Functional requirement met,,Revert commit,"**File:** `packages/web/src/modules/ai/AgentAssistPanel.test.tsx`
**Requirements:**
- Render testing (React Testing Library)
- User interaction simulation
- Mock API calls (MSW)",0,QA Engineer,"Act as a Senior QA Engineer. Your goal is to verify the implementation of 'Test Component: AgentAssistPanel'. 1. Review the code in the specified file paths. 2. Execute existing tests and write new ones for edge cases (nulls, timeouts, high load). 3. Ensure 100% coverage. 4. Report any regressions or performance bottlenecks."
Storybook: AgentAssistPanel,Task,Psitrix Psynq,Feature: AgentAssistPanel UI,Low,New,2026-06-17,2026-06-18,Developer,4h,"Frontend,Docs",v1.0.0-MVP,3,Low,Specs defined,Code implemented & tested,Tests passing; No mocks,Functional requirement met,,Revert commit,"**File:** `packages/web/src/modules/ai/AgentAssistPanel.stories.tsx`
**Requirements:**
- Default state
- Loading state
- Error state
- Empty state",0,Developer,Act as a Senior Full-Stack Developer. Your goal is to implement 'Storybook: AgentAssistPanel'. 1. Follow Hexagonal Architecture (Domain -> Ports -> Adapters). 2. Use NestJS/React best practices. 3. Ensure all code is strictly typed. 4. NO MOCKS: Use real DB/API connections unless it's a unit test. 5. Update Swagger/Storybook documentation.
Responsive Check: AgentAssistPanel,Task,Psitrix Psynq,Feature: AgentAssistPanel UI,Normal,New,2026-06-18,2026-06-19,Developer,4h,"Frontend,UI",v1.0.0-MVP,3,Low,Specs defined,Code implemented & tested,Tests passing; No mocks,Functional requirement met,,Revert commit,"**Checklist:**
- Mobile view (320px)
- Tablet view (768px)
- Desktop view (1024px+)
- Flex/Grid behavior",0,Developer,Act as a Senior Full-Stack Developer. Your goal is to implement 'Responsive Check: AgentAssistPanel'. 1. Follow Hexagonal Architecture (Domain -> Ports -> Adapters). 2. Use NestJS/React best practices. 3. Ensure all code is strictly typed. 4. NO MOCKS: Use real DB/API connections unless it's a unit test. 5. Update Swagger/Storybook documentation.
a11y Audit: AgentAssistPanel,Task,Psitrix Psynq,Feature: AgentAssistPanel UI,Normal,New,2026-06-18,2026-06-19,Developer,4h,"Frontend,UI",v1.0.0-MVP,3,Low,Specs defined,Code implemented & tested,Tests passing; No mocks,Functional requirement met,,Revert commit,"**Checklist:**
- Keyboard navigation
- Screen reader support
- Color contrast
- ARIA labels",0,QA Engineer,"Act as a Senior QA Engineer. Your goal is to verify the implementation of 'a11y Audit: AgentAssistPanel'. 1. Review the code in the specified file paths. 2. Execute existing tests and write new ones for edge cases (nulls, timeouts, high load). 3. Ensure 100% coverage. 4. Report any regressions or performance bottlenecks."
i18n Support: AgentAssistPanel,Task,Psitrix Psynq,Feature: AgentAssistPanel UI,Low,New,2026-06-16,2026-06-17,Developer,4h,"Frontend,i18n",v1.0.0-MVP,3,Low,Specs defined,Code implemented & tested,Tests passing; No mocks,Functional requirement met,,Revert commit,"**File:** `packages/web/src/locales/en/agentassistpanel.json`
**Requirements:**
- Extract all strings
- Add translation keys
- Support RTL if needed",0,Developer,Act as a Senior Full-Stack Developer. Your goal is to implement 'i18n Support: AgentAssistPanel'. 1. Follow Hexagonal Architecture (Domain -> Ports -> Adapters). 2. Use NestJS/React best practices. 3. Ensure all code is strictly typed. 4. NO MOCKS: Use real DB/API connections unless it's a unit test. 5. Update Swagger/Storybook documentation.
Error Boundary: AgentAssistPanel,Task,Psitrix Psynq,Feature: AgentAssistPanel UI,Low,New,2026-06-17,2026-06-18,Developer,4h,"Frontend,Logic",v1.0.0-MVP,3,Low,Specs defined,Code implemented & tested,Tests passing; No mocks,Functional requirement met,,Revert commit,"**Requirements:**
- Graceful error fallback
- Retry mechanism
- Error logging",0,Developer,Act as a Senior Full-Stack Developer. Your goal is to implement 'Error Boundary: AgentAssistPanel'. 1. Follow Hexagonal Architecture (Domain -> Ports -> Adapters). 2. Use NestJS/React best practices. 3. Ensure all code is strictly typed. 4. NO MOCKS: Use real DB/API connections unless it's a unit test. 5. Update Swagger/Storybook documentation.
Feature: SentimentIndicator UI,Feature,Psitrix Psynq,Epic: UI Components Implementation,Normal,New,2026-06-14,2026-06-24,Developer,,,v1.0.0-MVP,,Low,Specs defined,Code implemented & tested,Tests passing; No mocks,Functional requirement met,,Revert commit,SentimentIndicator Component,0,Product Owner / Architect,"Act as a Solution Architect. Define the technical specifications and sub-tasks for 'Feature: SentimentIndicator UI'. Ensure alignment with the CCaaS platform goals (reliability, scalability, low latency)."
Build Component: SentimentIndicator,Task,Psitrix Psynq,Feature: SentimentIndicator UI,High,New,2026-06-14,2026-06-16,Developer,4h,"Frontend,UI",v1.0.0-MVP,3,Low,Specs defined,Code implemented & tested,Tests passing; No mocks,Functional requirement met,,Revert commit,"**File:** `packages/web/src/modules/ai/SentimentIndicator.tsx`
**Props Interface:** `SentimentIndicatorProps`
**Requirements:**
- Functional component with Hooks
- Tailwind CSS styling
- Responsive design
- Accessibility (ARIA)",0,Developer,Act as a Senior Full-Stack Developer. Your goal is to implement 'Build Component: SentimentIndicator'. 1. Follow Hexagonal Architecture (Domain -> Ports -> Adapters). 2. Use NestJS/React best practices. 3. Ensure all code is strictly typed. 4. NO MOCKS: Use real DB/API connections unless it's a unit test. 5. Update Swagger/Storybook documentation.
Implement Logic: SentimentIndicator,Task,Psitrix Psynq,Feature: SentimentIndicator UI,Normal,New,2026-06-15,2026-06-17,Developer,4h,"Frontend,Logic",v1.0.0-MVP,3,Low,Specs defined,Code implemented & tested,Tests passing; No mocks,Functional requirement met,,Revert commit,"**File:** `packages/web/src/modules/ai/useSentimentIndicator.ts` (Custom Hook)
**Requirements:**
- Handle API calls (React Query)
- Form validation (Zod/React Hook Form)
- State management (Zustand if needed)",0,Developer,Act as a Senior Full-Stack Developer. Your goal is to implement 'Implement Logic: SentimentIndicator'. 1. Follow Hexagonal Architecture (Domain -> Ports -> Adapters). 2. Use NestJS/React best practices. 3. Ensure all code is strictly typed. 4. NO MOCKS: Use real DB/API connections unless it's a unit test. 5. Update Swagger/Storybook documentation.
Test Component: SentimentIndicator,Task,Psitrix Psynq,Feature: SentimentIndicator UI,Normal,New,2026-06-16,2026-06-18,Developer,4h,"Frontend,Testing",v1.0.0-MVP,3,Low,Specs defined,Code implemented & tested,Tests passing; No mocks,Functional requirement met,,Revert commit,"**File:** `packages/web/src/modules/ai/SentimentIndicator.test.tsx`
**Requirements:**
- Render testing (React Testing Library)
- User interaction simulation
- Mock API calls (MSW)",0,QA Engineer,"Act as a Senior QA Engineer. Your goal is to verify the implementation of 'Test Component: SentimentIndicator'. 1. Review the code in the specified file paths. 2. Execute existing tests and write new ones for edge cases (nulls, timeouts, high load). 3. Ensure 100% coverage. 4. Report any regressions or performance bottlenecks."
Storybook: SentimentIndicator,Task,Psitrix Psynq,Feature: SentimentIndicator UI,Low,New,2026-06-17,2026-06-18,Developer,4h,"Frontend,Docs",v1.0.0-MVP,3,Low,Specs defined,Code implemented & tested,Tests passing; No mocks,Functional requirement met,,Revert commit,"**File:** `packages/web/src/modules/ai/SentimentIndicator.stories.tsx`
**Requirements:**
- Default state
- Loading state
- Error state
- Empty state",0,Developer,Act as a Senior Full-Stack Developer. Your goal is to implement 'Storybook: SentimentIndicator'. 1. Follow Hexagonal Architecture (Domain -> Ports -> Adapters). 2. Use NestJS/React best practices. 3. Ensure all code is strictly typed. 4. NO MOCKS: Use real DB/API connections unless it's a unit test. 5. Update Swagger/Storybook documentation.
Responsive Check: SentimentIndicator,Task,Psitrix Psynq,Feature: SentimentIndicator UI,Normal,New,2026-06-18,2026-06-19,Developer,4h,"Frontend,UI",v1.0.0-MVP,3,Low,Specs defined,Code implemented & tested,Tests passing; No mocks,Functional requirement met,,Revert commit,"**Checklist:**
- Mobile view (320px)
- Tablet view (768px)
- Desktop view (1024px+)
- Flex/Grid behavior",0,Developer,Act as a Senior Full-Stack Developer. Your goal is to implement 'Responsive Check: SentimentIndicator'. 1. Follow Hexagonal Architecture (Domain -> Ports -> Adapters). 2. Use NestJS/React best practices. 3. Ensure all code is strictly typed. 4. NO MOCKS: Use real DB/API connections unless it's a unit test. 5. Update Swagger/Storybook documentation.
a11y Audit: SentimentIndicator,Task,Psitrix Psynq,Feature: SentimentIndicator UI,Normal,New,2026-06-18,2026-06-19,Developer,4h,"Frontend,UI",v1.0.0-MVP,3,Low,Specs defined,Code implemented & tested,Tests passing; No mocks,Functional requirement met,,Revert commit,"**Checklist:**
- Keyboard navigation
- Screen reader support
- Color contrast
- ARIA labels",0,QA Engineer,"Act as a Senior QA Engineer. Your goal is to verify the implementation of 'a11y Audit: SentimentIndicator'. 1. Review the code in the specified file paths. 2. Execute existing tests and write new ones for edge cases (nulls, timeouts, high load). 3. Ensure 100% coverage. 4. Report any regressions or performance bottlenecks."
i18n Support: SentimentIndicator,Task,Psitrix Psynq,Feature: SentimentIndicator UI,Low,New,2026-06-16,2026-06-17,Developer,4h,"Frontend,i18n",v1.0.0-MVP,3,Low,Specs defined,Code implemented & tested,Tests passing; No mocks,Functional requirement met,,Revert commit,"**File:** `packages/web/src/locales/en/sentimentindicator.json`
**Requirements:**
- Extract all strings
- Add translation keys
- Support RTL if needed",0,Developer,Act as a Senior Full-Stack Developer. Your goal is to implement 'i18n Support: SentimentIndicator'. 1. Follow Hexagonal Architecture (Domain -> Ports -> Adapters). 2. Use NestJS/React best practices. 3. Ensure all code is strictly typed. 4. NO MOCKS: Use real DB/API connections unless it's a unit test. 5. Update Swagger/Storybook documentation.
Error Boundary: SentimentIndicator,Task,Psitrix Psynq,Feature: SentimentIndicator UI,Low,New,2026-06-17,2026-06-18,Developer,4h,"Frontend,Logic",v1.0.0-MVP,3,Low,Specs defined,Code implemented & tested,Tests passing; No mocks,Functional requirement met,,Revert commit,"**Requirements:**
- Graceful error fallback
- Retry mechanism
- Error logging",0,Developer,Act as a Senior Full-Stack Developer. Your goal is to implement 'Error Boundary: SentimentIndicator'. 1. Follow Hexagonal Architecture (Domain -> Ports -> Adapters). 2. Use NestJS/React best practices. 3. Ensure all code is strictly typed. 4. NO MOCKS: Use real DB/API connections unless it's a unit test. 5. Update Swagger/Storybook documentation.
Feature: TranscriptionView UI,Feature,Psitrix Psynq,Epic: UI Components Implementation,Normal,New,2026-06-14,2026-06-24,Developer,,,v1.0.0-MVP,,Low,Specs defined,Code implemented & tested,Tests passing; No mocks,Functional requirement met,,Revert commit,TranscriptionView Component,0,Product Owner / Architect,"Act as a Solution Architect. Define the technical specifications and sub-tasks for 'Feature: TranscriptionView UI'. Ensure alignment with the CCaaS platform goals (reliability, scalability, low latency)."
Build Component: TranscriptionView,Task,Psitrix Psynq,Feature: TranscriptionView UI,High,New,2026-06-14,2026-06-16,Developer,4h,"Frontend,UI",v1.0.0-MVP,3,Low,Specs defined,Code implemented & tested,Tests passing; No mocks,Functional requirement met,,Revert commit,"**File:** `packages/web/src/modules/ai/TranscriptionView.tsx`
**Props Interface:** `TranscriptionViewProps`
**Requirements:**
- Functional component with Hooks
- Tailwind CSS styling
- Responsive design
- Accessibility (ARIA)",0,Developer,Act as a Senior Full-Stack Developer. Your goal is to implement 'Build Component: TranscriptionView'. 1. Follow Hexagonal Architecture (Domain -> Ports -> Adapters). 2. Use NestJS/React best practices. 3. Ensure all code is strictly typed. 4. NO MOCKS: Use real DB/API connections unless it's a unit test. 5. Update Swagger/Storybook documentation.
Implement Logic: TranscriptionView,Task,Psitrix Psynq,Feature: TranscriptionView UI,Normal,New,2026-06-15,2026-06-17,Developer,4h,"Frontend,Logic",v1.0.0-MVP,3,Low,Specs defined,Code implemented & tested,Tests passing; No mocks,Functional requirement met,,Revert commit,"**File:** `packages/web/src/modules/ai/useTranscriptionView.ts` (Custom Hook)
**Requirements:**
- Handle API calls (React Query)
- Form validation (Zod/React Hook Form)
- State management (Zustand if needed)",0,Developer,Act as a Senior Full-Stack Developer. Your goal is to implement 'Implement Logic: TranscriptionView'. 1. Follow Hexagonal Architecture (Domain -> Ports -> Adapters). 2. Use NestJS/React best practices. 3. Ensure all code is strictly typed. 4. NO MOCKS: Use real DB/API connections unless it's a unit test. 5. Update Swagger/Storybook documentation.
Test Component: TranscriptionView,Task,Psitrix Psynq,Feature: TranscriptionView UI,Normal,New,2026-06-16,2026-06-18,Developer,4h,"Frontend,Testing",v1.0.0-MVP,3,Low,Specs defined,Code implemented & tested,Tests passing; No mocks,Functional requirement met,,Revert commit,"**File:** `packages/web/src/modules/ai/TranscriptionView.test.tsx`
**Requirements:**
- Render testing (React Testing Library)
- User interaction simulation
- Mock API calls (MSW)",0,QA Engineer,"Act as a Senior QA Engineer. Your goal is to verify the implementation of 'Test Component: TranscriptionView'. 1. Review the code in the specified file paths. 2. Execute existing tests and write new ones for edge cases (nulls, timeouts, high load). 3. Ensure 100% coverage. 4. Report any regressions or performance bottlenecks."
Storybook: TranscriptionView,Task,Psitrix Psynq,Feature: TranscriptionView UI,Low,New,2026-06-17,2026-06-18,Developer,4h,"Frontend,Docs",v1.0.0-MVP,3,Low,Specs defined,Code implemented & tested,Tests passing; No mocks,Functional requirement met,,Revert commit,"**File:** `packages/web/src/modules/ai/TranscriptionView.stories.tsx`
**Requirements:**
- Default state
- Loading state
- Error state
- Empty state",0,Developer,Act as a Senior Full-Stack Developer. Your goal is to implement 'Storybook: TranscriptionView'. 1. Follow Hexagonal Architecture (Domain -> Ports -> Adapters). 2. Use NestJS/React best practices. 3. Ensure all code is strictly typed. 4. NO MOCKS: Use real DB/API connections unless it's a unit test. 5. Update Swagger/Storybook documentation.
Responsive Check: TranscriptionView,Task,Psitrix Psynq,Feature: TranscriptionView UI,Normal,New,2026-06-18,2026-06-19,Developer,4h,"Frontend,UI",v1.0.0-MVP,3,Low,Specs defined,Code implemented & tested,Tests passing; No mocks,Functional requirement met,,Revert commit,"**Checklist:**
- Mobile view (320px)
- Tablet view (768px)
- Desktop view (1024px+)
- Flex/Grid behavior",0,Developer,Act as a Senior Full-Stack Developer. Your goal is to implement 'Responsive Check: TranscriptionView'. 1. Follow Hexagonal Architecture (Domain -> Ports -> Adapters). 2. Use NestJS/React best practices. 3. Ensure all code is strictly typed. 4. NO MOCKS: Use real DB/API connections unless it's a unit test. 5. Update Swagger/Storybook documentation.
a11y Audit: TranscriptionView,Task,Psitrix Psynq,Feature: TranscriptionView UI,Normal,New,2026-06-18,2026-06-19,Developer,4h,"Frontend,UI",v1.0.0-MVP,3,Low,Specs defined,Code implemented & tested,Tests passing; No mocks,Functional requirement met,,Revert commit,"**Checklist:**
- Keyboard navigation
- Screen reader support
- Color contrast
- ARIA labels",0,QA Engineer,"Act as a Senior QA Engineer. Your goal is to verify the implementation of 'a11y Audit: TranscriptionView'. 1. Review the code in the specified file paths. 2. Execute existing tests and write new ones for edge cases (nulls, timeouts, high load). 3. Ensure 100% coverage. 4. Report any regressions or performance bottlenecks."
i18n Support: TranscriptionView,Task,Psitrix Psynq,Feature: TranscriptionView UI,Low,New,2026-06-16,2026-06-17,Developer,4h,"Frontend,i18n",v1.0.0-MVP,3,Low,Specs defined,Code implemented & tested,Tests passing; No mocks,Functional requirement met,,Revert commit,"**File:** `packages/web/src/locales/en/transcriptionview.json`
**Requirements:**
- Extract all strings
- Add translation keys
- Support RTL if needed",0,Developer,Act as a Senior Full-Stack Developer. Your goal is to implement 'i18n Support: TranscriptionView'. 1. Follow Hexagonal Architecture (Domain -> Ports -> Adapters). 2. Use NestJS/React best practices. 3. Ensure all code is strictly typed. 4. NO MOCKS: Use real DB/API connections unless it's a unit test. 5. Update Swagger/Storybook documentation.
Error Boundary: TranscriptionView,Task,Psitrix Psynq,Feature: TranscriptionView UI,Low,New,2026-06-17,2026-06-18,Developer,4h,"Frontend,Logic",v1.0.0-MVP,3,Low,Specs defined,Code implemented & tested,Tests passing; No mocks,Functional requirement met,,Revert commit,"**Requirements:**
- Graceful error fallback
- Retry mechanism
- Error logging",0,Developer,Act as a Senior Full-Stack Developer. Your goal is to implement 'Error Boundary: TranscriptionView'. 1. Follow Hexagonal Architecture (Domain -> Ports -> Adapters). 2. Use NestJS/React best practices. 3. Ensure all code is strictly typed. 4. NO MOCKS: Use real DB/API connections unless it's a unit test. 5. Update Swagger/Storybook documentation.
Feature: WhatsAppChat UI,Feature,Psitrix Psynq,Epic: UI Components Implementation,Normal,New,2026-06-14,2026-06-24,Developer,,,v1.0.0-MVP,,Low,Specs defined,Code implemented & tested,Tests passing; No mocks,Functional requirement met,,Revert commit,WhatsAppChat Component,0,Product Owner / Architect,"Act as a Solution Architect. Define the technical specifications and sub-tasks for 'Feature: WhatsAppChat UI'. Ensure alignment with the CCaaS platform goals (reliability, scalability, low latency)."
Build Component: WhatsAppChat,Task,Psitrix Psynq,Feature: WhatsAppChat UI,High,New,2026-06-14,2026-06-16,Developer,4h,"Frontend,UI",v1.0.0-MVP,3,Low,Specs defined,Code implemented & tested,Tests passing; No mocks,Functional requirement met,,Revert commit,"**File:** `packages/web/src/modules/omnichannel/WhatsAppChat.tsx`
**Props Interface:** `WhatsAppChatProps`
**Requirements:**
- Functional component with Hooks
- Tailwind CSS styling
- Responsive design
- Accessibility (ARIA)",0,Developer,Act as a Senior Full-Stack Developer. Your goal is to implement 'Build Component: WhatsAppChat'. 1. Follow Hexagonal Architecture (Domain -> Ports -> Adapters). 2. Use NestJS/React best practices. 3. Ensure all code is strictly typed. 4. NO MOCKS: Use real DB/API connections unless it's a unit test. 5. Update Swagger/Storybook documentation.
Implement Logic: WhatsAppChat,Task,Psitrix Psynq,Feature: WhatsAppChat UI,Normal,New,2026-06-15,2026-06-17,Developer,4h,"Frontend,Logic",v1.0.0-MVP,3,Low,Specs defined,Code implemented & tested,Tests passing; No mocks,Functional requirement met,,Revert commit,"**File:** `packages/web/src/modules/omnichannel/useWhatsAppChat.ts` (Custom Hook)
**Requirements:**
- Handle API calls (React Query)
- Form validation (Zod/React Hook Form)
- State management (Zustand if needed)",0,Developer,Act as a Senior Full-Stack Developer. Your goal is to implement 'Implement Logic: WhatsAppChat'. 1. Follow Hexagonal Architecture (Domain -> Ports -> Adapters). 2. Use NestJS/React best practices. 3. Ensure all code is strictly typed. 4. NO MOCKS: Use real DB/API connections unless it's a unit test. 5. Update Swagger/Storybook documentation.
Test Component: WhatsAppChat,Task,Psitrix Psynq,Feature: WhatsAppChat UI,Normal,New,2026-06-16,2026-06-18,Developer,4h,"Frontend,Testing",v1.0.0-MVP,3,Low,Specs defined,Code implemented & tested,Tests passing; No mocks,Functional requirement met,,Revert commit,"**File:** `packages/web/src/modules/omnichannel/WhatsAppChat.test.tsx`
**Requirements:**
- Render testing (React Testing Library)
- User interaction simulation
- Mock API calls (MSW)",0,QA Engineer,"Act as a Senior QA Engineer. Your goal is to verify the implementation of 'Test Component: WhatsAppChat'. 1. Review the code in the specified file paths. 2. Execute existing tests and write new ones for edge cases (nulls, timeouts, high load). 3. Ensure 100% coverage. 4. Report any regressions or performance bottlenecks."
Storybook: WhatsAppChat,Task,Psitrix Psynq,Feature: WhatsAppChat UI,Low,New,2026-06-17,2026-06-18,Developer,4h,"Frontend,Docs",v1.0.0-MVP,3,Low,Specs defined,Code implemented & tested,Tests passing; No mocks,Functional requirement met,,Revert commit,"**File:** `packages/web/src/modules/omnichannel/WhatsAppChat.stories.tsx`
**Requirements:**
- Default state
- Loading state
- Error state
- Empty state",0,Developer,Act as a Senior Full-Stack Developer. Your goal is to implement 'Storybook: WhatsAppChat'. 1. Follow Hexagonal Architecture (Domain -> Ports -> Adapters). 2. Use NestJS/React best practices. 3. Ensure all code is strictly typed. 4. NO MOCKS: Use real DB/API connections unless it's a unit test. 5. Update Swagger/Storybook documentation.
Responsive Check: WhatsAppChat,Task,Psitrix Psynq,Feature: WhatsAppChat UI,Normal,New,2026-06-18,2026-06-19,Developer,4h,"Frontend,UI",v1.0.0-MVP,3,Low,Specs defined,Code implemented & tested,Tests passing; No mocks,Functional requirement met,,Revert commit,"**Checklist:**
- Mobile view (320px)
- Tablet view (768px)
- Desktop view (1024px+)
- Flex/Grid behavior",0,Developer,Act as a Senior Full-Stack Developer. Your goal is to implement 'Responsive Check: WhatsAppChat'. 1. Follow Hexagonal Architecture (Domain -> Ports -> Adapters). 2. Use NestJS/React best practices. 3. Ensure all code is strictly typed. 4. NO MOCKS: Use real DB/API connections unless it's a unit test. 5. Update Swagger/Storybook documentation.
a11y Audit: WhatsAppChat,Task,Psitrix Psynq,Feature: WhatsAppChat UI,Normal,New,2026-06-18,2026-06-19,Developer,4h,"Frontend,UI",v1.0.0-MVP,3,Low,Specs defined,Code implemented & tested,Tests passing; No mocks,Functional requirement met,,Revert commit,"**Checklist:**
- Keyboard navigation
- Screen reader support
- Color contrast
- ARIA labels",0,QA Engineer,"Act as a Senior QA Engineer. Your goal is to verify the implementation of 'a11y Audit: WhatsAppChat'. 1. Review the code in the specified file paths. 2. Execute existing tests and write new ones for edge cases (nulls, timeouts, high load). 3. Ensure 100% coverage. 4. Report any regressions or performance bottlenecks."
i18n Support: WhatsAppChat,Task,Psitrix Psynq,Feature: WhatsAppChat UI,Low,New,2026-06-16,2026-06-17,Developer,4h,"Frontend,i18n",v1.0.0-MVP,3,Low,Specs defined,Code implemented & tested,Tests passing; No mocks,Functional requirement met,,Revert commit,"**File:** `packages/web/src/locales/en/whatsappchat.json`
**Requirements:**
- Extract all strings
- Add translation keys
- Support RTL if needed",0,Developer,Act as a Senior Full-Stack Developer. Your goal is to implement 'i18n Support: WhatsAppChat'. 1. Follow Hexagonal Architecture (Domain -> Ports -> Adapters). 2. Use NestJS/React best practices. 3. Ensure all code is strictly typed. 4. NO MOCKS: Use real DB/API connections unless it's a unit test. 5. Update Swagger/Storybook documentation.
Error Boundary: WhatsAppChat,Task,Psitrix Psynq,Feature: WhatsAppChat UI,Low,New,2026-06-17,2026-06-18,Developer,4h,"Frontend,Logic",v1.0.0-MVP,3,Low,Specs defined,Code implemented & tested,Tests passing; No mocks,Functional requirement met,,Revert commit,"**Requirements:**
- Graceful error fallback
- Retry mechanism
- Error logging",0,Developer,Act as a Senior Full-Stack Developer. Your goal is to implement 'Error Boundary: WhatsAppChat'. 1. Follow Hexagonal Architecture (Domain -> Ports -> Adapters). 2. Use NestJS/React best practices. 3. Ensure all code is strictly typed. 4. NO MOCKS: Use real DB/API connections unless it's a unit test. 5. Update Swagger/Storybook documentation.
Feature: EmailInbox UI,Feature,Psitrix Psynq,Epic: UI Components Implementation,Normal,New,2026-06-14,2026-06-24,Developer,,,v1.0.0-MVP,,Low,Specs defined,Code implemented & tested,Tests passing; No mocks,Functional requirement met,,Revert commit,EmailInbox Component,0,Product Owner / Architect,"Act as a Solution Architect. Define the technical specifications and sub-tasks for 'Feature: EmailInbox UI'. Ensure alignment with the CCaaS platform goals (reliability, scalability, low latency)."
Build Component: EmailInbox,Task,Psitrix Psynq,Feature: EmailInbox UI,High,New,2026-06-14,2026-06-16,Developer,4h,"Frontend,UI",v1.0.0-MVP,3,Low,Specs defined,Code implemented & tested,Tests passing; No mocks,Functional requirement met,,Revert commit,"**File:** `packages/web/src/modules/omnichannel/EmailInbox.tsx`
**Props Interface:** `EmailInboxProps`
**Requirements:**
- Functional component with Hooks
- Tailwind CSS styling
- Responsive design
- Accessibility (ARIA)",0,Developer,Act as a Senior Full-Stack Developer. Your goal is to implement 'Build Component: EmailInbox'. 1. Follow Hexagonal Architecture (Domain -> Ports -> Adapters). 2. Use NestJS/React best practices. 3. Ensure all code is strictly typed. 4. NO MOCKS: Use real DB/API connections unless it's a unit test. 5. Update Swagger/Storybook documentation.
Implement Logic: EmailInbox,Task,Psitrix Psynq,Feature: EmailInbox UI,Normal,New,2026-06-15,2026-06-17,Developer,4h,"Frontend,Logic",v1.0.0-MVP,3,Low,Specs defined,Code implemented & tested,Tests passing; No mocks,Functional requirement met,,Revert commit,"**File:** `packages/web/src/modules/omnichannel/useEmailInbox.ts` (Custom Hook)
**Requirements:**
- Handle API calls (React Query)
- Form validation (Zod/React Hook Form)
- State management (Zustand if needed)",0,Developer,Act as a Senior Full-Stack Developer. Your goal is to implement 'Implement Logic: EmailInbox'. 1. Follow Hexagonal Architecture (Domain -> Ports -> Adapters). 2. Use NestJS/React best practices. 3. Ensure all code is strictly typed. 4. NO MOCKS: Use real DB/API connections unless it's a unit test. 5. Update Swagger/Storybook documentation.
Test Component: EmailInbox,Task,Psitrix Psynq,Feature: EmailInbox UI,Normal,New,2026-06-16,2026-06-18,Developer,4h,"Frontend,Testing",v1.0.0-MVP,3,Low,Specs defined,Code implemented & tested,Tests passing; No mocks,Functional requirement met,,Revert commit,"**File:** `packages/web/src/modules/omnichannel/EmailInbox.test.tsx`
**Requirements:**
- Render testing (React Testing Library)
- User interaction simulation
- Mock API calls (MSW)",0,QA Engineer,"Act as a Senior QA Engineer. Your goal is to verify the implementation of 'Test Component: EmailInbox'. 1. Review the code in the specified file paths. 2. Execute existing tests and write new ones for edge cases (nulls, timeouts, high load). 3. Ensure 100% coverage. 4. Report any regressions or performance bottlenecks."
Storybook: EmailInbox,Task,Psitrix Psynq,Feature: EmailInbox UI,Low,New,2026-06-17,2026-06-18,Developer,4h,"Frontend,Docs",v1.0.0-MVP,3,Low,Specs defined,Code implemented & tested,Tests passing; No mocks,Functional requirement met,,Revert commit,"**File:** `packages/web/src/modules/omnichannel/EmailInbox.stories.tsx`
**Requirements:**
- Default state
- Loading state
- Error state
- Empty state",0,Developer,Act as a Senior Full-Stack Developer. Your goal is to implement 'Storybook: EmailInbox'. 1. Follow Hexagonal Architecture (Domain -> Ports -> Adapters). 2. Use NestJS/React best practices. 3. Ensure all code is strictly typed. 4. NO MOCKS: Use real DB/API connections unless it's a unit test. 5. Update Swagger/Storybook documentation.
Responsive Check: EmailInbox,Task,Psitrix Psynq,Feature: EmailInbox UI,Normal,New,2026-06-18,2026-06-19,Developer,4h,"Frontend,UI",v1.0.0-MVP,3,Low,Specs defined,Code implemented & tested,Tests passing; No mocks,Functional requirement met,,Revert commit,"**Checklist:**
- Mobile view (320px)
- Tablet view (768px)
- Desktop view (1024px+)
- Flex/Grid behavior",0,Developer,Act as a Senior Full-Stack Developer. Your goal is to implement 'Responsive Check: EmailInbox'. 1. Follow Hexagonal Architecture (Domain -> Ports -> Adapters). 2. Use NestJS/React best practices. 3. Ensure all code is strictly typed. 4. NO MOCKS: Use real DB/API connections unless it's a unit test. 5. Update Swagger/Storybook documentation.
a11y Audit: EmailInbox,Task,Psitrix Psynq,Feature: EmailInbox UI,Normal,New,2026-06-18,2026-06-19,Developer,4h,"Frontend,UI",v1.0.0-MVP,3,Low,Specs defined,Code implemented & tested,Tests passing; No mocks,Functional requirement met,,Revert commit,"**Checklist:**
- Keyboard navigation
- Screen reader support
- Color contrast
- ARIA labels",0,QA Engineer,"Act as a Senior QA Engineer. Your goal is to verify the implementation of 'a11y Audit: EmailInbox'. 1. Review the code in the specified file paths. 2. Execute existing tests and write new ones for edge cases (nulls, timeouts, high load). 3. Ensure 100% coverage. 4. Report any regressions or performance bottlenecks."
i18n Support: EmailInbox,Task,Psitrix Psynq,Feature: EmailInbox UI,Low,New,2026-06-16,2026-06-17,Developer,4h,"Frontend,i18n",v1.0.0-MVP,3,Low,Specs defined,Code implemented & tested,Tests passing; No mocks,Functional requirement met,,Revert commit,"**File:** `packages/web/src/locales/en/emailinbox.json`
**Requirements:**
- Extract all strings
- Add translation keys
- Support RTL if needed",0,Developer,Act as a Senior Full-Stack Developer. Your goal is to implement 'i18n Support: EmailInbox'. 1. Follow Hexagonal Architecture (Domain -> Ports -> Adapters). 2. Use NestJS/React best practices. 3. Ensure all code is strictly typed. 4. NO MOCKS: Use real DB/API connections unless it's a unit test. 5. Update Swagger/Storybook documentation.
Error Boundary: EmailInbox,Task,Psitrix Psynq,Feature: EmailInbox UI,Low,New,2026-06-17,2026-06-18,Developer,4h,"Frontend,Logic",v1.0.0-MVP,3,Low,Specs defined,Code implemented & tested,Tests passing; No mocks,Functional requirement met,,Revert commit,"**Requirements:**
- Graceful error fallback
- Retry mechanism
- Error logging",0,Developer,Act as a Senior Full-Stack Developer. Your goal is to implement 'Error Boundary: EmailInbox'. 1. Follow Hexagonal Architecture (Domain -> Ports -> Adapters). 2. Use NestJS/React best practices. 3. Ensure all code is strictly typed. 4. NO MOCKS: Use real DB/API connections unless it's a unit test. 5. Update Swagger/Storybook documentation.
Feature: SmsComposer UI,Feature,Psitrix Psynq,Epic: UI Components Implementation,Normal,New,2026-06-14,2026-06-24,Developer,,,v1.0.0-MVP,,Low,Specs defined,Code implemented & tested,Tests passing; No mocks,Functional requirement met,,Revert commit,SmsComposer Component,0,Product Owner / Architect,"Act as a Solution Architect. Define the technical specifications and sub-tasks for 'Feature: SmsComposer UI'. Ensure alignment with the CCaaS platform goals (reliability, scalability, low latency)."
Build Component: SmsComposer,Task,Psitrix Psynq,Feature: SmsComposer UI,High,New,2026-06-14,2026-06-16,Developer,4h,"Frontend,UI",v1.0.0-MVP,3,Low,Specs defined,Code implemented & tested,Tests passing; No mocks,Functional requirement met,,Revert commit,"**File:** `packages/web/src/modules/omnichannel/SmsComposer.tsx`
**Props Interface:** `SmsComposerProps`
**Requirements:**
- Functional component with Hooks
- Tailwind CSS styling
- Responsive design
- Accessibility (ARIA)",0,Developer,Act as a Senior Full-Stack Developer. Your goal is to implement 'Build Component: SmsComposer'. 1. Follow Hexagonal Architecture (Domain -> Ports -> Adapters). 2. Use NestJS/React best practices. 3. Ensure all code is strictly typed. 4. NO MOCKS: Use real DB/API connections unless it's a unit test. 5. Update Swagger/Storybook documentation.
Implement Logic: SmsComposer,Task,Psitrix Psynq,Feature: SmsComposer UI,Normal,New,2026-06-15,2026-06-17,Developer,4h,"Frontend,Logic",v1.0.0-MVP,3,Low,Specs defined,Code implemented & tested,Tests passing; No mocks,Functional requirement met,,Revert commit,"**File:** `packages/web/src/modules/omnichannel/useSmsComposer.ts` (Custom Hook)
**Requirements:**
- Handle API calls (React Query)
- Form validation (Zod/React Hook Form)
- State management (Zustand if needed)",0,Developer,Act as a Senior Full-Stack Developer. Your goal is to implement 'Implement Logic: SmsComposer'. 1. Follow Hexagonal Architecture (Domain -> Ports -> Adapters). 2. Use NestJS/React best practices. 3. Ensure all code is strictly typed. 4. NO MOCKS: Use real DB/API connections unless it's a unit test. 5. Update Swagger/Storybook documentation.
Test Component: SmsComposer,Task,Psitrix Psynq,Feature: SmsComposer UI,Normal,New,2026-06-16,2026-06-18,Developer,4h,"Frontend,Testing",v1.0.0-MVP,3,Low,Specs defined,Code implemented & tested,Tests passing; No mocks,Functional requirement met,,Revert commit,"**File:** `packages/web/src/modules/omnichannel/SmsComposer.test.tsx`
**Requirements:**
- Render testing (React Testing Library)
- User interaction simulation
- Mock API calls (MSW)",0,QA Engineer,"Act as a Senior QA Engineer. Your goal is to verify the implementation of 'Test Component: SmsComposer'. 1. Review the code in the specified file paths. 2. Execute existing tests and write new ones for edge cases (nulls, timeouts, high load). 3. Ensure 100% coverage. 4. Report any regressions or performance bottlenecks."
Storybook: SmsComposer,Task,Psitrix Psynq,Feature: SmsComposer UI,Low,New,2026-06-17,2026-06-18,Developer,4h,"Frontend,Docs",v1.0.0-MVP,3,Low,Specs defined,Code implemented & tested,Tests passing; No mocks,Functional requirement met,,Revert commit,"**File:** `packages/web/src/modules/omnichannel/SmsComposer.stories.tsx`
**Requirements:**
- Default state
- Loading state
- Error state
- Empty state",0,Developer,Act as a Senior Full-Stack Developer. Your goal is to implement 'Storybook: SmsComposer'. 1. Follow Hexagonal Architecture (Domain -> Ports -> Adapters). 2. Use NestJS/React best practices. 3. Ensure all code is strictly typed. 4. NO MOCKS: Use real DB/API connections unless it's a unit test. 5. Update Swagger/Storybook documentation.
Responsive Check: SmsComposer,Task,Psitrix Psynq,Feature: SmsComposer UI,Normal,New,2026-06-18,2026-06-19,Developer,4h,"Frontend,UI",v1.0.0-MVP,3,Low,Specs defined,Code implemented & tested,Tests passing; No mocks,Functional requirement met,,Revert commit,"**Checklist:**
- Mobile view (320px)
- Tablet view (768px)
- Desktop view (1024px+)
- Flex/Grid behavior",0,Developer,Act as a Senior Full-Stack Developer. Your goal is to implement 'Responsive Check: SmsComposer'. 1. Follow Hexagonal Architecture (Domain -> Ports -> Adapters). 2. Use NestJS/React best practices. 3. Ensure all code is strictly typed. 4. NO MOCKS: Use real DB/API connections unless it's a unit test. 5. Update Swagger/Storybook documentation.
a11y Audit: SmsComposer,Task,Psitrix Psynq,Feature: SmsComposer UI,Normal,New,2026-06-18,2026-06-19,Developer,4h,"Frontend,UI",v1.0.0-MVP,3,Low,Specs defined,Code implemented & tested,Tests passing; No mocks,Functional requirement met,,Revert commit,"**Checklist:**
- Keyboard navigation
- Screen reader support
- Color contrast
- ARIA labels",0,QA Engineer,"Act as a Senior QA Engineer. Your goal is to verify the implementation of 'a11y Audit: SmsComposer'. 1. Review the code in the specified file paths. 2. Execute existing tests and write new ones for edge cases (nulls, timeouts, high load). 3. Ensure 100% coverage. 4. Report any regressions or performance bottlenecks."
i18n Support: SmsComposer,Task,Psitrix Psynq,Feature: SmsComposer UI,Low,New,2026-06-16,2026-06-17,Developer,4h,"Frontend,i18n",v1.0.0-MVP,3,Low,Specs defined,Code implemented & tested,Tests passing; No mocks,Functional requirement met,,Revert commit,"**File:** `packages/web/src/locales/en/smscomposer.json`
**Requirements:**
- Extract all strings
- Add translation keys
- Support RTL if needed",0,Developer,Act as a Senior Full-Stack Developer. Your goal is to implement 'i18n Support: SmsComposer'. 1. Follow Hexagonal Architecture (Domain -> Ports -> Adapters). 2. Use NestJS/React best practices. 3. Ensure all code is strictly typed. 4. NO MOCKS: Use real DB/API connections unless it's a unit test. 5. Update Swagger/Storybook documentation.
Error Boundary: SmsComposer,Task,Psitrix Psynq,Feature: SmsComposer UI,Low,New,2026-06-17,2026-06-18,Developer,4h,"Frontend,Logic",v1.0.0-MVP,3,Low,Specs defined,Code implemented & tested,Tests passing; No mocks,Functional requirement met,,Revert commit,"**Requirements:**
- Graceful error fallback
- Retry mechanism
- Error logging",0,Developer,Act as a Senior Full-Stack Developer. Your goal is to implement 'Error Boundary: SmsComposer'. 1. Follow Hexagonal Architecture (Domain -> Ports -> Adapters). 2. Use NestJS/React best practices. 3. Ensure all code is strictly typed. 4. NO MOCKS: Use real DB/API connections unless it's a unit test. 5. Update Swagger/Storybook documentation.
Feature: CrmSyncStatus UI,Feature,Psitrix Psynq,Epic: UI Components Implementation,Normal,New,2026-06-14,2026-06-24,Developer,,,v1.0.0-MVP,,Low,Specs defined,Code implemented & tested,Tests passing; No mocks,Functional requirement met,,Revert commit,CrmSyncStatus Component,0,Product Owner / Architect,"Act as a Solution Architect. Define the technical specifications and sub-tasks for 'Feature: CrmSyncStatus UI'. Ensure alignment with the CCaaS platform goals (reliability, scalability, low latency)."
Build Component: CrmSyncStatus,Task,Psitrix Psynq,Feature: CrmSyncStatus UI,High,New,2026-06-14,2026-06-16,Developer,4h,"Frontend,UI",v1.0.0-MVP,3,Low,Specs defined,Code implemented & tested,Tests passing; No mocks,Functional requirement met,,Revert commit,"**File:** `packages/web/src/modules/integrations/CrmSyncStatus.tsx`
**Props Interface:** `CrmSyncStatusProps`
**Requirements:**
- Functional component with Hooks
- Tailwind CSS styling
- Responsive design
- Accessibility (ARIA)",0,Developer,Act as a Senior Full-Stack Developer. Your goal is to implement 'Build Component: CrmSyncStatus'. 1. Follow Hexagonal Architecture (Domain -> Ports -> Adapters). 2. Use NestJS/React best practices. 3. Ensure all code is strictly typed. 4. NO MOCKS: Use real DB/API connections unless it's a unit test. 5. Update Swagger/Storybook documentation.
Implement Logic: CrmSyncStatus,Task,Psitrix Psynq,Feature: CrmSyncStatus UI,Normal,New,2026-06-15,2026-06-17,Developer,4h,"Frontend,Logic",v1.0.0-MVP,3,Low,Specs defined,Code implemented & tested,Tests passing; No mocks,Functional requirement met,,Revert commit,"**File:** `packages/web/src/modules/integrations/useCrmSyncStatus.ts` (Custom Hook)
**Requirements:**
- Handle API calls (React Query)
- Form validation (Zod/React Hook Form)
- State management (Zustand if needed)",0,Developer,Act as a Senior Full-Stack Developer. Your goal is to implement 'Implement Logic: CrmSyncStatus'. 1. Follow Hexagonal Architecture (Domain -> Ports -> Adapters). 2. Use NestJS/React best practices. 3. Ensure all code is strictly typed. 4. NO MOCKS: Use real DB/API connections unless it's a unit test. 5. Update Swagger/Storybook documentation.
Test Component: CrmSyncStatus,Task,Psitrix Psynq,Feature: CrmSyncStatus UI,Normal,New,2026-06-16,2026-06-18,Developer,4h,"Frontend,Testing",v1.0.0-MVP,3,Low,Specs defined,Code implemented & tested,Tests passing; No mocks,Functional requirement met,,Revert commit,"**File:** `packages/web/src/modules/integrations/CrmSyncStatus.test.tsx`
**Requirements:**
- Render testing (React Testing Library)
- User interaction simulation
- Mock API calls (MSW)",0,QA Engineer,"Act as a Senior QA Engineer. Your goal is to verify the implementation of 'Test Component: CrmSyncStatus'. 1. Review the code in the specified file paths. 2. Execute existing tests and write new ones for edge cases (nulls, timeouts, high load). 3. Ensure 100% coverage. 4. Report any regressions or performance bottlenecks."
Storybook: CrmSyncStatus,Task,Psitrix Psynq,Feature: CrmSyncStatus UI,Low,New,2026-06-17,2026-06-18,Developer,4h,"Frontend,Docs",v1.0.0-MVP,3,Low,Specs defined,Code implemented & tested,Tests passing; No mocks,Functional requirement met,,Revert commit,"**File:** `packages/web/src/modules/integrations/CrmSyncStatus.stories.tsx`
**Requirements:**
- Default state
- Loading state
- Error state
- Empty state",0,Developer,Act as a Senior Full-Stack Developer. Your goal is to implement 'Storybook: CrmSyncStatus'. 1. Follow Hexagonal Architecture (Domain -> Ports -> Adapters). 2. Use NestJS/React best practices. 3. Ensure all code is strictly typed. 4. NO MOCKS: Use real DB/API connections unless it's a unit test. 5. Update Swagger/Storybook documentation.
Responsive Check: CrmSyncStatus,Task,Psitrix Psynq,Feature: CrmSyncStatus UI,Normal,New,2026-06-18,2026-06-19,Developer,4h,"Frontend,UI",v1.0.0-MVP,3,Low,Specs defined,Code implemented & tested,Tests passing; No mocks,Functional requirement met,,Revert commit,"**Checklist:**
- Mobile view (320px)
- Tablet view (768px)
- Desktop view (1024px+)
- Flex/Grid behavior",0,Developer,Act as a Senior Full-Stack Developer. Your goal is to implement 'Responsive Check: CrmSyncStatus'. 1. Follow Hexagonal Architecture (Domain -> Ports -> Adapters). 2. Use NestJS/React best practices. 3. Ensure all code is strictly typed. 4. NO MOCKS: Use real DB/API connections unless it's a unit test. 5. Update Swagger/Storybook documentation.
a11y Audit: CrmSyncStatus,Task,Psitrix Psynq,Feature: CrmSyncStatus UI,Normal,New,2026-06-18,2026-06-19,Developer,4h,"Frontend,UI",v1.0.0-MVP,3,Low,Specs defined,Code implemented & tested,Tests passing; No mocks,Functional requirement met,,Revert commit,"**Checklist:**
- Keyboard navigation
- Screen reader support
- Color contrast
- ARIA labels",0,QA Engineer,"Act as a Senior QA Engineer. Your goal is to verify the implementation of 'a11y Audit: CrmSyncStatus'. 1. Review the code in the specified file paths. 2. Execute existing tests and write new ones for edge cases (nulls, timeouts, high load). 3. Ensure 100% coverage. 4. Report any regressions or performance bottlenecks."
i18n Support: CrmSyncStatus,Task,Psitrix Psynq,Feature: CrmSyncStatus UI,Low,New,2026-06-16,2026-06-17,Developer,4h,"Frontend,i18n",v1.0.0-MVP,3,Low,Specs defined,Code implemented & tested,Tests passing; No mocks,Functional requirement met,,Revert commit,"**File:** `packages/web/src/locales/en/crmsyncstatus.json`
**Requirements:**
- Extract all strings
- Add translation keys
- Support RTL if needed",0,Developer,Act as a Senior Full-Stack Developer. Your goal is to implement 'i18n Support: CrmSyncStatus'. 1. Follow Hexagonal Architecture (Domain -> Ports -> Adapters). 2. Use NestJS/React best practices. 3. Ensure all code is strictly typed. 4. NO MOCKS: Use real DB/API connections unless it's a unit test. 5. Update Swagger/Storybook documentation.
Error Boundary: CrmSyncStatus,Task,Psitrix Psynq,Feature: CrmSyncStatus UI,Low,New,2026-06-17,2026-06-18,Developer,4h,"Frontend,Logic",v1.0.0-MVP,3,Low,Specs defined,Code implemented & tested,Tests passing; No mocks,Functional requirement met,,Revert commit,"**Requirements:**
- Graceful error fallback
- Retry mechanism
- Error logging",0,Developer,Act as a Senior Full-Stack Developer. Your goal is to implement 'Error Boundary: CrmSyncStatus'. 1. Follow Hexagonal Architecture (Domain -> Ports -> Adapters). 2. Use NestJS/React best practices. 3. Ensure all code is strictly typed. 4. NO MOCKS: Use real DB/API connections unless it's a unit test. 5. Update Swagger/Storybook documentation.
Feature: BillingDashboard UI,Feature,Psitrix Psynq,Epic: UI Components Implementation,Normal,New,2026-06-14,2026-06-24,Developer,,,v1.0.0-MVP,,Low,Specs defined,Code implemented & tested,Tests passing; No mocks,Functional requirement met,,Revert commit,BillingDashboard Component,0,Product Owner / Architect,"Act as a Solution Architect. Define the technical specifications and sub-tasks for 'Feature: BillingDashboard UI'. Ensure alignment with the CCaaS platform goals (reliability, scalability, low latency)."
Build Component: BillingDashboard,Task,Psitrix Psynq,Feature: BillingDashboard UI,High,New,2026-06-14,2026-06-16,Developer,4h,"Frontend,UI",v1.0.0-MVP,3,Low,Specs defined,Code implemented & tested,Tests passing; No mocks,Functional requirement met,,Revert commit,"**File:** `packages/web/src/modules/billing/BillingDashboard.tsx`
**Props Interface:** `BillingDashboardProps`
**Requirements:**
- Functional component with Hooks
- Tailwind CSS styling
- Responsive design
- Accessibility (ARIA)",0,Developer,Act as a Senior Full-Stack Developer. Your goal is to implement 'Build Component: BillingDashboard'. 1. Follow Hexagonal Architecture (Domain -> Ports -> Adapters). 2. Use NestJS/React best practices. 3. Ensure all code is strictly typed. 4. NO MOCKS: Use real DB/API connections unless it's a unit test. 5. Update Swagger/Storybook documentation.
Implement Logic: BillingDashboard,Task,Psitrix Psynq,Feature: BillingDashboard UI,Normal,New,2026-06-15,2026-06-17,Developer,4h,"Frontend,Logic",v1.0.0-MVP,3,Low,Specs defined,Code implemented & tested,Tests passing; No mocks,Functional requirement met,,Revert commit,"**File:** `packages/web/src/modules/billing/useBillingDashboard.ts` (Custom Hook)
**Requirements:**
- Handle API calls (React Query)
- Form validation (Zod/React Hook Form)
- State management (Zustand if needed)",0,Developer,Act as a Senior Full-Stack Developer. Your goal is to implement 'Implement Logic: BillingDashboard'. 1. Follow Hexagonal Architecture (Domain -> Ports -> Adapters). 2. Use NestJS/React best practices. 3. Ensure all code is strictly typed. 4. NO MOCKS: Use real DB/API connections unless it's a unit test. 5. Update Swagger/Storybook documentation.
Test Component: BillingDashboard,Task,Psitrix Psynq,Feature: BillingDashboard UI,Normal,New,2026-06-16,2026-06-18,Developer,4h,"Frontend,Testing",v1.0.0-MVP,3,Low,Specs defined,Code implemented & tested,Tests passing; No mocks,Functional requirement met,,Revert commit,"**File:** `packages/web/src/modules/billing/BillingDashboard.test.tsx`
**Requirements:**
- Render testing (React Testing Library)
- User interaction simulation
- Mock API calls (MSW)",0,QA Engineer,"Act as a Senior QA Engineer. Your goal is to verify the implementation of 'Test Component: BillingDashboard'. 1. Review the code in the specified file paths. 2. Execute existing tests and write new ones for edge cases (nulls, timeouts, high load). 3. Ensure 100% coverage. 4. Report any regressions or performance bottlenecks."
Storybook: BillingDashboard,Task,Psitrix Psynq,Feature: BillingDashboard UI,Low,New,2026-06-17,2026-06-18,Developer,4h,"Frontend,Docs",v1.0.0-MVP,3,Low,Specs defined,Code implemented & tested,Tests passing; No mocks,Functional requirement met,,Revert commit,"**File:** `packages/web/src/modules/billing/BillingDashboard.stories.tsx`
**Requirements:**
- Default state
- Loading state
- Error state
- Empty state",0,Developer,Act as a Senior Full-Stack Developer. Your goal is to implement 'Storybook: BillingDashboard'. 1. Follow Hexagonal Architecture (Domain -> Ports -> Adapters). 2. Use NestJS/React best practices. 3. Ensure all code is strictly typed. 4. NO MOCKS: Use real DB/API connections unless it's a unit test. 5. Update Swagger/Storybook documentation.
Responsive Check: BillingDashboard,Task,Psitrix Psynq,Feature: BillingDashboard UI,Normal,New,2026-06-18,2026-06-19,Developer,4h,"Frontend,UI",v1.0.0-MVP,3,Low,Specs defined,Code implemented & tested,Tests passing; No mocks,Functional requirement met,,Revert commit,"**Checklist:**
- Mobile view (320px)
- Tablet view (768px)
- Desktop view (1024px+)
- Flex/Grid behavior",0,Developer,Act as a Senior Full-Stack Developer. Your goal is to implement 'Responsive Check: BillingDashboard'. 1. Follow Hexagonal Architecture (Domain -> Ports -> Adapters). 2. Use NestJS/React best practices. 3. Ensure all code is strictly typed. 4. NO MOCKS: Use real DB/API connections unless it's a unit test. 5. Update Swagger/Storybook documentation.
a11y Audit: BillingDashboard,Task,Psitrix Psynq,Feature: BillingDashboard UI,Normal,New,2026-06-18,2026-06-19,Developer,4h,"Frontend,UI",v1.0.0-MVP,3,Low,Specs defined,Code implemented & tested,Tests passing; No mocks,Functional requirement met,,Revert commit,"**Checklist:**
- Keyboard navigation
- Screen reader support
- Color contrast
- ARIA labels",0,QA Engineer,"Act as a Senior QA Engineer. Your goal is to verify the implementation of 'a11y Audit: BillingDashboard'. 1. Review the code in the specified file paths. 2. Execute existing tests and write new ones for edge cases (nulls, timeouts, high load). 3. Ensure 100% coverage. 4. Report any regressions or performance bottlenecks."
i18n Support: BillingDashboard,Task,Psitrix Psynq,Feature: BillingDashboard UI,Low,New,2026-06-16,2026-06-17,Developer,4h,"Frontend,i18n",v1.0.0-MVP,3,Low,Specs defined,Code implemented & tested,Tests passing; No mocks,Functional requirement met,,Revert commit,"**File:** `packages/web/src/locales/en/billingdashboard.json`
**Requirements:**
- Extract all strings
- Add translation keys
- Support RTL if needed",0,Developer,Act as a Senior Full-Stack Developer. Your goal is to implement 'i18n Support: BillingDashboard'. 1. Follow Hexagonal Architecture (Domain -> Ports -> Adapters). 2. Use NestJS/React best practices. 3. Ensure all code is strictly typed. 4. NO MOCKS: Use real DB/API connections unless it's a unit test. 5. Update Swagger/Storybook documentation.
Error Boundary: BillingDashboard,Task,Psitrix Psynq,Feature: BillingDashboard UI,Low,New,2026-06-17,2026-06-18,Developer,4h,"Frontend,Logic",v1.0.0-MVP,3,Low,Specs defined,Code implemented & tested,Tests passing; No mocks,Functional requirement met,,Revert commit,"**Requirements:**
- Graceful error fallback
- Retry mechanism
- Error logging",0,Developer,Act as a Senior Full-Stack Developer. Your goal is to implement 'Error Boundary: BillingDashboard'. 1. Follow Hexagonal Architecture (Domain -> Ports -> Adapters). 2. Use NestJS/React best practices. 3. Ensure all code is strictly typed. 4. NO MOCKS: Use real DB/API connections unless it's a unit test. 5. Update Swagger/Storybook documentation.
Feature: WalletTopup UI,Feature,Psitrix Psynq,Epic: UI Components Implementation,Normal,New,2026-06-14,2026-06-24,Developer,,,v1.0.0-MVP,,Low,Specs defined,Code implemented & tested,Tests passing; No mocks,Functional requirement met,,Revert commit,WalletTopup Component,0,Product Owner / Architect,"Act as a Solution Architect. Define the technical specifications and sub-tasks for 'Feature: WalletTopup UI'. Ensure alignment with the CCaaS platform goals (reliability, scalability, low latency)."
Build Component: WalletTopup,Task,Psitrix Psynq,Feature: WalletTopup UI,High,New,2026-06-14,2026-06-16,Developer,4h,"Frontend,UI",v1.0.0-MVP,3,Low,Specs defined,Code implemented & tested,Tests passing; No mocks,Functional requirement met,,Revert commit,"**File:** `packages/web/src/modules/billing/WalletTopup.tsx`
**Props Interface:** `WalletTopupProps`
**Requirements:**
- Functional component with Hooks
- Tailwind CSS styling
- Responsive design
- Accessibility (ARIA)",0,Developer,Act as a Senior Full-Stack Developer. Your goal is to implement 'Build Component: WalletTopup'. 1. Follow Hexagonal Architecture (Domain -> Ports -> Adapters). 2. Use NestJS/React best practices. 3. Ensure all code is strictly typed. 4. NO MOCKS: Use real DB/API connections unless it's a unit test. 5. Update Swagger/Storybook documentation.
Implement Logic: WalletTopup,Task,Psitrix Psynq,Feature: WalletTopup UI,Normal,New,2026-06-15,2026-06-17,Developer,4h,"Frontend,Logic",v1.0.0-MVP,3,Low,Specs defined,Code implemented & tested,Tests passing; No mocks,Functional requirement met,,Revert commit,"**File:** `packages/web/src/modules/billing/useWalletTopup.ts` (Custom Hook)
**Requirements:**
- Handle API calls (React Query)
- Form validation (Zod/React Hook Form)
- State management (Zustand if needed)",0,Developer,Act as a Senior Full-Stack Developer. Your goal is to implement 'Implement Logic: WalletTopup'. 1. Follow Hexagonal Architecture (Domain -> Ports -> Adapters). 2. Use NestJS/React best practices. 3. Ensure all code is strictly typed. 4. NO MOCKS: Use real DB/API connections unless it's a unit test. 5. Update Swagger/Storybook documentation.
Test Component: WalletTopup,Task,Psitrix Psynq,Feature: WalletTopup UI,Normal,New,2026-06-16,2026-06-18,Developer,4h,"Frontend,Testing",v1.0.0-MVP,3,Low,Specs defined,Code implemented & tested,Tests passing; No mocks,Functional requirement met,,Revert commit,"**File:** `packages/web/src/modules/billing/WalletTopup.test.tsx`
**Requirements:**
- Render testing (React Testing Library)
- User interaction simulation
- Mock API calls (MSW)",0,QA Engineer,"Act as a Senior QA Engineer. Your goal is to verify the implementation of 'Test Component: WalletTopup'. 1. Review the code in the specified file paths. 2. Execute existing tests and write new ones for edge cases (nulls, timeouts, high load). 3. Ensure 100% coverage. 4. Report any regressions or performance bottlenecks."
Storybook: WalletTopup,Task,Psitrix Psynq,Feature: WalletTopup UI,Low,New,2026-06-17,2026-06-18,Developer,4h,"Frontend,Docs",v1.0.0-MVP,3,Low,Specs defined,Code implemented & tested,Tests passing; No mocks,Functional requirement met,,Revert commit,"**File:** `packages/web/src/modules/billing/WalletTopup.stories.tsx`
**Requirements:**
- Default state
- Loading state
- Error state
- Empty state",0,Developer,Act as a Senior Full-Stack Developer. Your goal is to implement 'Storybook: WalletTopup'. 1. Follow Hexagonal Architecture (Domain -> Ports -> Adapters). 2. Use NestJS/React best practices. 3. Ensure all code is strictly typed. 4. NO MOCKS: Use real DB/API connections unless it's a unit test. 5. Update Swagger/Storybook documentation.
Responsive Check: WalletTopup,Task,Psitrix Psynq,Feature: WalletTopup UI,Normal,New,2026-06-18,2026-06-19,Developer,4h,"Frontend,UI",v1.0.0-MVP,3,Low,Specs defined,Code implemented & tested,Tests passing; No mocks,Functional requirement met,,Revert commit,"**Checklist:**
- Mobile view (320px)
- Tablet view (768px)
- Desktop view (1024px+)
- Flex/Grid behavior",0,Developer,Act as a Senior Full-Stack Developer. Your goal is to implement 'Responsive Check: WalletTopup'. 1. Follow Hexagonal Architecture (Domain -> Ports -> Adapters). 2. Use NestJS/React best practices. 3. Ensure all code is strictly typed. 4. NO MOCKS: Use real DB/API connections unless it's a unit test. 5. Update Swagger/Storybook documentation.
a11y Audit: WalletTopup,Task,Psitrix Psynq,Feature: WalletTopup UI,Normal,New,2026-06-18,2026-06-19,Developer,4h,"Frontend,UI",v1.0.0-MVP,3,Low,Specs defined,Code implemented & tested,Tests passing; No mocks,Functional requirement met,,Revert commit,"**Checklist:**
- Keyboard navigation
- Screen reader support
- Color contrast
- ARIA labels",0,QA Engineer,"Act as a Senior QA Engineer. Your goal is to verify the implementation of 'a11y Audit: WalletTopup'. 1. Review the code in the specified file paths. 2. Execute existing tests and write new ones for edge cases (nulls, timeouts, high load). 3. Ensure 100% coverage. 4. Report any regressions or performance bottlenecks."
i18n Support: WalletTopup,Task,Psitrix Psynq,Feature: WalletTopup UI,Low,New,2026-06-16,2026-06-17,Developer,4h,"Frontend,i18n",v1.0.0-MVP,3,Low,Specs defined,Code implemented & tested,Tests passing; No mocks,Functional requirement met,,Revert commit,"**File:** `packages/web/src/locales/en/wallettopup.json`
**Requirements:**
- Extract all strings
- Add translation keys
- Support RTL if needed",0,Developer,Act as a Senior Full-Stack Developer. Your goal is to implement 'i18n Support: WalletTopup'. 1. Follow Hexagonal Architecture (Domain -> Ports -> Adapters). 2. Use NestJS/React best practices. 3. Ensure all code is strictly typed. 4. NO MOCKS: Use real DB/API connections unless it's a unit test. 5. Update Swagger/Storybook documentation.
Error Boundary: WalletTopup,Task,Psitrix Psynq,Feature: WalletTopup UI,Low,New,2026-06-17,2026-06-18,Developer,4h,"Frontend,Logic",v1.0.0-MVP,3,Low,Specs defined,Code implemented & tested,Tests passing; No mocks,Functional requirement met,,Revert commit,"**Requirements:**
- Graceful error fallback
- Retry mechanism
- Error logging",0,Developer,Act as a Senior Full-Stack Developer. Your goal is to implement 'Error Boundary: WalletTopup'. 1. Follow Hexagonal Architecture (Domain -> Ports -> Adapters). 2. Use NestJS/React best practices. 3. Ensure all code is strictly typed. 4. NO MOCKS: Use real DB/API connections unless it's a unit test. 5. Update Swagger/Storybook documentation.
Feature: ShiftBidder UI,Feature,Psitrix Psynq,Epic: UI Components Implementation,Normal,New,2026-06-14,2026-06-24,Developer,,,v1.0.0-MVP,,Low,Specs defined,Code implemented & tested,Tests passing; No mocks,Functional requirement met,,Revert commit,ShiftBidder Component,0,Product Owner / Architect,"Act as a Solution Architect. Define the technical specifications and sub-tasks for 'Feature: ShiftBidder UI'. Ensure alignment with the CCaaS platform goals (reliability, scalability, low latency)."
Build Component: ShiftBidder,Task,Psitrix Psynq,Feature: ShiftBidder UI,High,New,2026-06-14,2026-06-16,Developer,4h,"Frontend,UI",v1.0.0-MVP,3,Low,Specs defined,Code implemented & tested,Tests passing; No mocks,Functional requirement met,,Revert commit,"**File:** `packages/web/src/modules/wfm/ShiftBidder.tsx`
**Props Interface:** `ShiftBidderProps`
**Requirements:**
- Functional component with Hooks
- Tailwind CSS styling
- Responsive design
- Accessibility (ARIA)",0,Developer,Act as a Senior Full-Stack Developer. Your goal is to implement 'Build Component: ShiftBidder'. 1. Follow Hexagonal Architecture (Domain -> Ports -> Adapters). 2. Use NestJS/React best practices. 3. Ensure all code is strictly typed. 4. NO MOCKS: Use real DB/API connections unless it's a unit test. 5. Update Swagger/Storybook documentation.
Implement Logic: ShiftBidder,Task,Psitrix Psynq,Feature: ShiftBidder UI,Normal,New,2026-06-15,2026-06-17,Developer,4h,"Frontend,Logic",v1.0.0-MVP,3,Low,Specs defined,Code implemented & tested,Tests passing; No mocks,Functional requirement met,,Revert commit,"**File:** `packages/web/src/modules/wfm/useShiftBidder.ts` (Custom Hook)
**Requirements:**
- Handle API calls (React Query)
- Form validation (Zod/React Hook Form)
- State management (Zustand if needed)",0,Developer,Act as a Senior Full-Stack Developer. Your goal is to implement 'Implement Logic: ShiftBidder'. 1. Follow Hexagonal Architecture (Domain -> Ports -> Adapters). 2. Use NestJS/React best practices. 3. Ensure all code is strictly typed. 4. NO MOCKS: Use real DB/API connections unless it's a unit test. 5. Update Swagger/Storybook documentation.
Test Component: ShiftBidder,Task,Psitrix Psynq,Feature: ShiftBidder UI,Normal,New,2026-06-16,2026-06-18,Developer,4h,"Frontend,Testing",v1.0.0-MVP,3,Low,Specs defined,Code implemented & tested,Tests passing; No mocks,Functional requirement met,,Revert commit,"**File:** `packages/web/src/modules/wfm/ShiftBidder.test.tsx`
**Requirements:**
- Render testing (React Testing Library)
- User interaction simulation
- Mock API calls (MSW)",0,QA Engineer,"Act as a Senior QA Engineer. Your goal is to verify the implementation of 'Test Component: ShiftBidder'. 1. Review the code in the specified file paths. 2. Execute existing tests and write new ones for edge cases (nulls, timeouts, high load). 3. Ensure 100% coverage. 4. Report any regressions or performance bottlenecks."
Storybook: ShiftBidder,Task,Psitrix Psynq,Feature: ShiftBidder UI,Low,New,2026-06-17,2026-06-18,Developer,4h,"Frontend,Docs",v1.0.0-MVP,3,Low,Specs defined,Code implemented & tested,Tests passing; No mocks,Functional requirement met,,Revert commit,"**File:** `packages/web/src/modules/wfm/ShiftBidder.stories.tsx`
**Requirements:**
- Default state
- Loading state
- Error state
- Empty state",0,Developer,Act as a Senior Full-Stack Developer. Your goal is to implement 'Storybook: ShiftBidder'. 1. Follow Hexagonal Architecture (Domain -> Ports -> Adapters). 2. Use NestJS/React best practices. 3. Ensure all code is strictly typed. 4. NO MOCKS: Use real DB/API connections unless it's a unit test. 5. Update Swagger/Storybook documentation.
Responsive Check: ShiftBidder,Task,Psitrix Psynq,Feature: ShiftBidder UI,Normal,New,2026-06-18,2026-06-19,Developer,4h,"Frontend,UI",v1.0.0-MVP,3,Low,Specs defined,Code implemented & tested,Tests passing; No mocks,Functional requirement met,,Revert commit,"**Checklist:**
- Mobile view (320px)
- Tablet view (768px)
- Desktop view (1024px+)
- Flex/Grid behavior",0,Developer,Act as a Senior Full-Stack Developer. Your goal is to implement 'Responsive Check: ShiftBidder'. 1. Follow Hexagonal Architecture (Domain -> Ports -> Adapters). 2. Use NestJS/React best practices. 3. Ensure all code is strictly typed. 4. NO MOCKS: Use real DB/API connections unless it's a unit test. 5. Update Swagger/Storybook documentation.
a11y Audit: ShiftBidder,Task,Psitrix Psynq,Feature: ShiftBidder UI,Normal,New,2026-06-18,2026-06-19,Developer,4h,"Frontend,UI",v1.0.0-MVP,3,Low,Specs defined,Code implemented & tested,Tests passing; No mocks,Functional requirement met,,Revert commit,"**Checklist:**
- Keyboard navigation
- Screen reader support
- Color contrast
- ARIA labels",0,QA Engineer,"Act as a Senior QA Engineer. Your goal is to verify the implementation of 'a11y Audit: ShiftBidder'. 1. Review the code in the specified file paths. 2. Execute existing tests and write new ones for edge cases (nulls, timeouts, high load). 3. Ensure 100% coverage. 4. Report any regressions or performance bottlenecks."
i18n Support: ShiftBidder,Task,Psitrix Psynq,Feature: ShiftBidder UI,Low,New,2026-06-16,2026-06-17,Developer,4h,"Frontend,i18n",v1.0.0-MVP,3,Low,Specs defined,Code implemented & tested,Tests passing; No mocks,Functional requirement met,,Revert commit,"**File:** `packages/web/src/locales/en/shiftbidder.json`
**Requirements:**
- Extract all strings
- Add translation keys
- Support RTL if needed",0,Developer,Act as a Senior Full-Stack Developer. Your goal is to implement 'i18n Support: ShiftBidder'. 1. Follow Hexagonal Architecture (Domain -> Ports -> Adapters). 2. Use NestJS/React best practices. 3. Ensure all code is strictly typed. 4. NO MOCKS: Use real DB/API connections unless it's a unit test. 5. Update Swagger/Storybook documentation.
Error Boundary: ShiftBidder,Task,Psitrix Psynq,Feature: ShiftBidder UI,Low,New,2026-06-17,2026-06-18,Developer,4h,"Frontend,Logic",v1.0.0-MVP,3,Low,Specs defined,Code implemented & tested,Tests passing; No mocks,Functional requirement met,,Revert commit,"**Requirements:**
- Graceful error fallback
- Retry mechanism
- Error logging",0,Developer,Act as a Senior Full-Stack Developer. Your goal is to implement 'Error Boundary: ShiftBidder'. 1. Follow Hexagonal Architecture (Domain -> Ports -> Adapters). 2. Use NestJS/React best practices. 3. Ensure all code is strictly typed. 4. NO MOCKS: Use real DB/API connections unless it's a unit test. 5. Update Swagger/Storybook documentation.
Feature: AdherenceGauge UI,Feature,Psitrix Psynq,Epic: UI Components Implementation,Normal,New,2026-06-14,2026-06-24,Developer,,,v1.0.0-MVP,,Low,Specs defined,Code implemented & tested,Tests passing; No mocks,Functional requirement met,,Revert commit,AdherenceGauge Component,0,Product Owner / Architect,"Act as a Solution Architect. Define the technical specifications and sub-tasks for 'Feature: AdherenceGauge UI'. Ensure alignment with the CCaaS platform goals (reliability, scalability, low latency)."
Build Component: AdherenceGauge,Task,Psitrix Psynq,Feature: AdherenceGauge UI,High,New,2026-06-14,2026-06-16,Developer,4h,"Frontend,UI",v1.0.0-MVP,3,Low,Specs defined,Code implemented & tested,Tests passing; No mocks,Functional requirement met,,Revert commit,"**File:** `packages/web/src/modules/wfm/AdherenceGauge.tsx`
**Props Interface:** `AdherenceGaugeProps`
**Requirements:**
- Functional component with Hooks
- Tailwind CSS styling
- Responsive design
- Accessibility (ARIA)",0,Developer,Act as a Senior Full-Stack Developer. Your goal is to implement 'Build Component: AdherenceGauge'. 1. Follow Hexagonal Architecture (Domain -> Ports -> Adapters). 2. Use NestJS/React best practices. 3. Ensure all code is strictly typed. 4. NO MOCKS: Use real DB/API connections unless it's a unit test. 5. Update Swagger/Storybook documentation.
Implement Logic: AdherenceGauge,Task,Psitrix Psynq,Feature: AdherenceGauge UI,Normal,New,2026-06-15,2026-06-17,Developer,4h,"Frontend,Logic",v1.0.0-MVP,3,Low,Specs defined,Code implemented & tested,Tests passing; No mocks,Functional requirement met,,Revert commit,"**File:** `packages/web/src/modules/wfm/useAdherenceGauge.ts` (Custom Hook)
**Requirements:**
- Handle API calls (React Query)
- Form validation (Zod/React Hook Form)
- State management (Zustand if needed)",0,Developer,Act as a Senior Full-Stack Developer. Your goal is to implement 'Implement Logic: AdherenceGauge'. 1. Follow Hexagonal Architecture (Domain -> Ports -> Adapters). 2. Use NestJS/React best practices. 3. Ensure all code is strictly typed. 4. NO MOCKS: Use real DB/API connections unless it's a unit test. 5. Update Swagger/Storybook documentation.
Test Component: AdherenceGauge,Task,Psitrix Psynq,Feature: AdherenceGauge UI,Normal,New,2026-06-16,2026-06-18,Developer,4h,"Frontend,Testing",v1.0.0-MVP,3,Low,Specs defined,Code implemented & tested,Tests passing; No mocks,Functional requirement met,,Revert commit,"**File:** `packages/web/src/modules/wfm/AdherenceGauge.test.tsx`
**Requirements:**
- Render testing (React Testing Library)
- User interaction simulation
- Mock API calls (MSW)",0,QA Engineer,"Act as a Senior QA Engineer. Your goal is to verify the implementation of 'Test Component: AdherenceGauge'. 1. Review the code in the specified file paths. 2. Execute existing tests and write new ones for edge cases (nulls, timeouts, high load). 3. Ensure 100% coverage. 4. Report any regressions or performance bottlenecks."
Storybook: AdherenceGauge,Task,Psitrix Psynq,Feature: AdherenceGauge UI,Low,New,2026-06-17,2026-06-18,Developer,4h,"Frontend,Docs",v1.0.0-MVP,3,Low,Specs defined,Code implemented & tested,Tests passing; No mocks,Functional requirement met,,Revert commit,"**File:** `packages/web/src/modules/wfm/AdherenceGauge.stories.tsx`
**Requirements:**
- Default state
- Loading state
- Error state
- Empty state",0,Developer,Act as a Senior Full-Stack Developer. Your goal is to implement 'Storybook: AdherenceGauge'. 1. Follow Hexagonal Architecture (Domain -> Ports -> Adapters). 2. Use NestJS/React best practices. 3. Ensure all code is strictly typed. 4. NO MOCKS: Use real DB/API connections unless it's a unit test. 5. Update Swagger/Storybook documentation.
Responsive Check: AdherenceGauge,Task,Psitrix Psynq,Feature: AdherenceGauge UI,Normal,New,2026-06-18,2026-06-19,Developer,4h,"Frontend,UI",v1.0.0-MVP,3,Low,Specs defined,Code implemented & tested,Tests passing; No mocks,Functional requirement met,,Revert commit,"**Checklist:**
- Mobile view (320px)
- Tablet view (768px)
- Desktop view (1024px+)
- Flex/Grid behavior",0,Developer,Act as a Senior Full-Stack Developer. Your goal is to implement 'Responsive Check: AdherenceGauge'. 1. Follow Hexagonal Architecture (Domain -> Ports -> Adapters). 2. Use NestJS/React best practices. 3. Ensure all code is strictly typed. 4. NO MOCKS: Use real DB/API connections unless it's a unit test. 5. Update Swagger/Storybook documentation.
a11y Audit: AdherenceGauge,Task,Psitrix Psynq,Feature: AdherenceGauge UI,Normal,New,2026-06-18,2026-06-19,Developer,4h,"Frontend,UI",v1.0.0-MVP,3,Low,Specs defined,Code implemented & tested,Tests passing; No mocks,Functional requirement met,,Revert commit,"**Checklist:**
- Keyboard navigation
- Screen reader support
- Color contrast
- ARIA labels",0,QA Engineer,"Act as a Senior QA Engineer. Your goal is to verify the implementation of 'a11y Audit: AdherenceGauge'. 1. Review the code in the specified file paths. 2. Execute existing tests and write new ones for edge cases (nulls, timeouts, high load). 3. Ensure 100% coverage. 4. Report any regressions or performance bottlenecks."
i18n Support: AdherenceGauge,Task,Psitrix Psynq,Feature: AdherenceGauge UI,Low,New,2026-06-16,2026-06-17,Developer,4h,"Frontend,i18n",v1.0.0-MVP,3,Low,Specs defined,Code implemented & tested,Tests passing; No mocks,Functional requirement met,,Revert commit,"**File:** `packages/web/src/locales/en/adherencegauge.json`
**Requirements:**
- Extract all strings
- Add translation keys
- Support RTL if needed",0,Developer,Act as a Senior Full-Stack Developer. Your goal is to implement 'i18n Support: AdherenceGauge'. 1. Follow Hexagonal Architecture (Domain -> Ports -> Adapters). 2. Use NestJS/React best practices. 3. Ensure all code is strictly typed. 4. NO MOCKS: Use real DB/API connections unless it's a unit test. 5. Update Swagger/Storybook documentation.
Error Boundary: AdherenceGauge,Task,Psitrix Psynq,Feature: AdherenceGauge UI,Low,New,2026-06-17,2026-06-18,Developer,4h,"Frontend,Logic",v1.0.0-MVP,3,Low,Specs defined,Code implemented & tested,Tests passing; No mocks,Functional requirement met,,Revert commit,"**Requirements:**
- Graceful error fallback
- Retry mechanism
- Error logging",0,Developer,Act as a Senior Full-Stack Developer. Your goal is to implement 'Error Boundary: AdherenceGauge'. 1. Follow Hexagonal Architecture (Domain -> Ports -> Adapters). 2. Use NestJS/React best practices. 3. Ensure all code is strictly typed. 4. NO MOCKS: Use real DB/API connections unless it's a unit test. 5. Update Swagger/Storybook documentation.
